timestamp_utc,coin,funding_rate_1h
2026-04-20 14:31:06,HBAR,1.1999999999999999e-05
2026-04-20 14:31:06,VIRTUAL,1.1999999999999999e-05
2026-04-20 14:31:06,XMR,6.5e-05
2026-04-20 14:31:06,XRP,-5e-06
2026-04-20 14:31:06,PYTH,-3.8e-05
2026-04-20 14:31:06,APT,1e-06
2026-04-20 14:31:06,ETH,9e-06
2026-04-20 14:31:06,ARB,-1.1999999999999999e-05
2026-04-20 14:31:06,ASTER,1.1999999999999999e-05
2026-04-20 14:31:06,PUMP,1.1999999999999999e-05
2026-04-20 14:31:06,ZORA,1.1999999999999999e-05
2026-04-20 14:31:06,ZRO,-2.3e-05
2026-04-20 14:31:06,AERO,1.1000000000000001e-05
2026-04-20 14:31:06,ADA,5.999999999999999e-06
2026-04-20 14:31:06,HYPE,1.1999999999999999e-05
2026-04-20 14:31:06,FIL,1.1999999999999999e-05
2026-04-20 14:31:06,JUP,-2.5e-05
2026-04-20 14:31:06,SOL,1.1999999999999999e-05
2026-04-20 14:31:06,TRUMP,-1.1000000000000001e-05
2026-04-20 14:31:06,ENA,1.1999999999999999e-05
2026-04-20 14:31:06,BERA,7e-06
2026-04-20 14:31:06,GMX,1.1999999999999999e-05
2026-04-20 14:31:06,UNI,1.1999999999999999e-05
2026-04-20 14:31:06,PENGU,1.1999999999999999e-05
2026-04-20 14:31:06,AVAX,1.1999999999999999e-05
2026-04-20 14:31:06,VVV,1.1999999999999999e-05
2026-04-20 14:31:06,ONDO,-2.2000000000000003e-05
2026-04-20 14:31:06,AXS,-4.9e-05
2026-04-20 14:31:06,CC,2.9999999999999997e-06
2026-04-20 14:31:06,TON,-6e-05
2026-04-20 14:31:06,LINEA,1.1999999999999999e-05
2026-04-20 14:31:06,WLFI,1.1999999999999999e-05
2026-04-20 14:31:06,GRASS,1.1999999999999999e-05
2026-04-20 14:31:06,BNB,5e-06
2026-04-20 14:31:06,ETHFI,1.1999999999999999e-05
2026-04-20 14:31:06,SKY,1.1999999999999999e-05
2026-04-20 14:31:06,IP,-2.1e-05
2026-04-20 14:31:06,OP,-5.7e-05
2026-04-20 14:31:06,DOGE,1.1999999999999999e-05
2026-04-20 14:31:06,2Z,-8.9e-05
2026-04-20 14:31:06,SKR,1.1999999999999999e-05
2026-04-20 14:31:06,DASH,1.1999999999999999e-05
2026-04-20 14:31:06,MNT,1.1999999999999999e-05
2026-04-20 14:31:06,ZK,1.1999999999999999e-05
2026-04-20 14:31:06,AAVE,1.1999999999999999e-05
2026-04-20 14:31:06,BTC,8e-06
2026-04-20 14:31:06,YZY,1e-05
2026-04-20 14:31:06,DOT,-2.9999999999999997e-06
2026-04-20 14:31:06,LINK,-1e-06
2026-04-20 14:31:06,AZTEC,1.1999999999999999e-05
2026-04-20 14:31:06,MORPHO,0.0
2026-04-20 14:31:06,TRX,-2.6e-05
2026-04-20 14:31:06,WIF,1.1999999999999999e-05
2026-04-20 14:31:06,LIT,1.1999999999999999e-05
2026-04-20 14:31:06,XLM,1.1999999999999999e-05
2026-04-20 14:31:06,PAXG,5.999999999999999e-06
2026-04-20 14:31:06,XPL,1.1000000000000001e-05
2026-04-20 14:31:06,RESOLV,-2e-05
2026-04-20 14:31:06,JTO,-0.000414
2026-04-20 14:31:06,PROVE,-4.7999999999999994e-05
2026-04-20 14:31:06,TAO,-1.5e-05
2026-04-20 14:31:06,0G,-7e-06
2026-04-20 14:31:06,S,1.1999999999999999e-05
2026-04-20 14:31:06,LDO,1.1999999999999999e-05
2026-04-20 14:31:06,APEX,1.1999999999999999e-05
2026-04-20 14:31:06,POL,1.1999999999999999e-05
2026-04-20 14:31:06,FOGO,-2.5e-05
2026-04-20 14:31:06,FARTCOIN,1.1999999999999999e-05
2026-04-20 14:31:06,STRK,1.1999999999999999e-05
2026-04-20 14:31:06,ZEC,1.1999999999999999e-05
2026-04-20 14:31:06,EIGEN,-5e-06
2026-04-20 14:31:06,SUI,1.1999999999999999e-05
2026-04-20 14:31:06,SYRUP,1.1999999999999999e-05
2026-04-20 14:31:06,MON,-7.2e-05
2026-04-20 14:31:06,STBL,1.1999999999999999e-05
2026-04-20 14:31:06,DYDX,1.1999999999999999e-05
2026-04-20 14:31:06,STABLE,1.1999999999999999e-05
2026-04-20 14:31:06,LTC,-1.9e-05
2026-04-20 14:31:06,CRV,1.1999999999999999e-05
2026-04-20 14:31:06,SEI,1.1999999999999999e-05
2026-04-20 14:31:06,AVNT,1.1999999999999999e-05
2026-04-20 14:31:06,POPCAT,1.1999999999999999e-05
2026-04-20 14:31:06,MET,1.1999999999999999e-05
2026-04-20 14:31:06,KAITO,-4.3e-05
2026-04-20 14:31:06,MEGA,1.1999999999999999e-05
2026-04-20 14:31:06,BCH,1.1999999999999999e-05
2026-04-20 14:31:06,TIA,-5.999999999999999e-06
2026-04-20 14:31:06,ICP,-5.6e-05
2026-04-20 14:31:06,WLD,-0.000107
2026-04-20 14:31:06,SPX,-2.1e-05
2026-04-20 14:31:06,NEAR,-3.3e-05
2026-04-20 14:31:06,PENDLE,1.1999999999999999e-05
2026-04-20 15:07:00,FOGO,-8.999999999999999e-05
2026-04-20 15:07:00,GRASS,1.1999999999999999e-05
2026-04-20 15:07:00,APT,1.1999999999999999e-05
2026-04-20 15:07:00,STABLE,1.1999999999999999e-05
2026-04-20 15:07:00,ZK,1.1999999999999999e-05
2026-04-20 15:07:00,WLD,-0.00012
2026-04-20 15:07:00,APEX,1.1999999999999999e-05
2026-04-20 15:07:00,TRUMP,0.0
2026-04-20 15:07:00,MORPHO,-5e-06
2026-04-20 15:07:00,XMR,5.4000000000000005e-05
2026-04-20 15:07:00,ETH,7e-06
2026-04-20 15:07:00,POL,-1e-06
2026-04-20 15:07:00,MNT,1.1999999999999999e-05
2026-04-20 15:07:00,FIL,1.1999999999999999e-05
2026-04-20 15:07:00,SKY,1.1999999999999999e-05
2026-04-20 15:07:00,ZRO,-5.3e-05
2026-04-20 15:07:00,ADA,-2e-06
2026-04-20 15:07:00,KAITO,-5.3e-05
2026-04-20 15:07:00,PYTH,-3.6e-05
2026-04-20 15:07:00,ETHFI,1.1999999999999999e-05
2026-04-20 15:07:00,POPCAT,1.1999999999999999e-05
2026-04-20 15:07:00,LIT,1.1999999999999999e-05
2026-04-20 15:07:00,YZY,1.1999999999999999e-05
2026-04-20 15:07:00,VVV,1.1999999999999999e-05
2026-04-20 15:07:00,DOT,-1.8e-05
2026-04-20 15:07:00,VIRTUAL,5.999999999999999e-06
2026-04-20 15:07:00,JTO,-0.000226
2026-04-20 15:07:00,TRX,-4.7000000000000004e-05
2026-04-20 15:07:00,OP,-4.6e-05
2026-04-20 15:07:00,XPL,-9e-06
2026-04-20 15:07:00,SYRUP,1.1999999999999999e-05
2026-04-20 15:07:00,LINK,-2e-05
2026-04-20 15:07:00,HBAR,1.1999999999999999e-05
2026-04-20 15:07:00,XRP,-9e-06
2026-04-20 15:07:00,UNI,1.1999999999999999e-05
2026-04-20 15:07:00,ZORA,1.1999999999999999e-05
2026-04-20 15:07:00,2Z,-5.4000000000000005e-05
2026-04-20 15:07:00,AXS,-4.2e-05
2026-04-20 15:07:00,BERA,-9e-06
2026-04-20 15:07:00,STBL,2e-05
2026-04-20 15:07:00,PAXG,5.999999999999999e-06
2026-04-20 15:07:00,XLM,1.1999999999999999e-05
2026-04-20 15:07:00,TIA,1.1000000000000001e-05
2026-04-20 15:07:00,ASTER,5e-06
2026-04-20 15:07:00,ENA,1.1999999999999999e-05
2026-04-20 15:07:00,MET,1.1999999999999999e-05
2026-04-20 15:07:00,BCH,0.0
2026-04-20 15:07:00,STRK,7e-06
2026-04-20 15:07:00,EIGEN,-8e-06
2026-04-20 15:07:00,SEI,1.1999999999999999e-05
2026-04-20 15:07:00,AVAX,4e-06
2026-04-20 15:07:00,BTC,-2.9999999999999997e-06
2026-04-20 15:07:00,LTC,-2.3e-05
2026-04-20 15:07:00,S,-2e-05
2026-04-20 15:07:00,NEAR,-2.9999999999999997e-06
2026-04-20 15:07:00,PROVE,-2.3e-05
2026-04-20 15:07:00,SPX,1e-06
2026-04-20 15:07:00,WLFI,4e-06
2026-04-20 15:07:00,LDO,1.1999999999999999e-05
2026-04-20 15:07:00,JUP,-1.8e-05
2026-04-20 15:07:00,AVNT,-2e-05
2026-04-20 15:07:00,FARTCOIN,1.1999999999999999e-05
2026-04-20 15:07:00,SOL,1e-05
2026-04-20 15:07:00,LINEA,-1.5e-05
2026-04-20 15:07:00,IP,-1.9e-05
2026-04-20 15:07:00,MEGA,1.1999999999999999e-05
2026-04-20 15:07:00,DYDX,5.999999999999999e-06
2026-04-20 15:07:00,SKR,-0.000152
2026-04-20 15:07:00,AZTEC,1.1999999999999999e-05
2026-04-20 15:07:00,WIF,1.1999999999999999e-05
2026-04-20 15:07:00,ARB,-1e-05
2026-04-20 15:07:00,PENDLE,1.1999999999999999e-05
2026-04-20 15:07:00,MON,-0.000135
2026-04-20 15:07:00,BNB,2e-06
2026-04-20 15:07:00,TON,-8.4e-05
2026-04-20 15:07:00,AAVE,1.1999999999999999e-05
2026-04-20 15:07:00,ONDO,-3.4e-05
2026-04-20 15:07:00,PENGU,1.1999999999999999e-05
2026-04-20 15:07:00,PUMP,-4e-06
2026-04-20 15:07:00,RESOLV,-1.1000000000000001e-05
2026-04-20 15:07:00,CRV,1.1999999999999999e-05
2026-04-20 15:07:00,GMX,1.1999999999999999e-05
2026-04-20 15:07:00,HYPE,-1.1999999999999999e-05
2026-04-20 15:07:00,DASH,9e-06
2026-04-20 15:07:00,0G,-1e-06
2026-04-20 15:07:00,TAO,-2.7000000000000002e-05
2026-04-20 15:07:00,ICP,-4.9e-05
2026-04-20 15:07:00,SUI,1.1999999999999999e-05
2026-04-20 15:07:00,AERO,1.1999999999999999e-05
2026-04-20 15:07:00,DOGE,1.1999999999999999e-05
2026-04-20 15:07:00,ZEC,1.1999999999999999e-05
2026-04-20 15:07:00,CC,4e-06
2026-04-20 16:07:00,SKY,1.1999999999999999e-05
2026-04-20 16:07:00,KAITO,-2.6e-05
2026-04-20 16:07:00,TRX,-5.6e-05
2026-04-20 16:07:00,DASH,1.1999999999999999e-05
2026-04-20 16:07:00,SPX,-4.9e-05
2026-04-20 16:07:00,ADA,-5.999999999999999e-06
2026-04-20 16:07:00,XLM,3.1e-05
2026-04-20 16:07:00,LIT,1.1999999999999999e-05
2026-04-20 16:07:00,GRASS,1.1999999999999999e-05
2026-04-20 16:07:00,PYTH,-4e-05
2026-04-20 16:07:00,JTO,-7.5e-05
2026-04-20 16:07:00,GMX,1.1999999999999999e-05
2026-04-20 16:07:00,UNI,1.1999999999999999e-05
2026-04-20 16:07:00,S,1.1999999999999999e-05
2026-04-20 16:07:00,PROVE,-7.3e-05
2026-04-20 16:07:00,XMR,4.9e-05
2026-04-20 16:07:00,WLD,-0.000179
2026-04-20 16:07:00,CRV,1.1999999999999999e-05
2026-04-20 16:07:00,BCH,1.1999999999999999e-05
2026-04-20 16:07:00,AZTEC,1.1999999999999999e-05
2026-04-20 16:07:00,FOGO,-0.000126
2026-04-20 16:07:00,2Z,-9.1e-05
2026-04-20 16:07:00,JUP,-8e-06
2026-04-20 16:07:00,ZEC,1.1999999999999999e-05
2026-04-20 16:07:00,XRP,-5e-06
2026-04-20 16:07:00,SKR,1e-05
2026-04-20 16:07:00,LINK,5e-06
2026-04-20 16:07:00,HYPE,-5.999999999999999e-06
2026-04-20 16:07:00,CC,5.999999999999999e-06
2026-04-20 16:07:00,NEAR,1.1000000000000001e-05
2026-04-20 16:07:00,RESOLV,8e-06
2026-04-20 16:07:00,DYDX,1.1000000000000001e-05
2026-04-20 16:07:00,HBAR,1.1999999999999999e-05
2026-04-20 16:07:00,DOGE,1.1999999999999999e-05
2026-04-20 16:07:00,AERO,-8.5e-05
2026-04-20 16:07:00,PENDLE,1.1999999999999999e-05
2026-04-20 16:07:00,SUI,1.1999999999999999e-05
2026-04-20 16:07:00,STRK,1.1999999999999999e-05
2026-04-20 16:07:00,WIF,1.1999999999999999e-05
2026-04-20 16:07:00,SYRUP,1.1999999999999999e-05
2026-04-20 16:07:00,IP,-1e-06
2026-04-20 16:07:00,TON,-9.7e-05
2026-04-20 16:07:00,XPL,-1.5e-05
2026-04-20 16:07:00,PUMP,-1.1999999999999999e-05
2026-04-20 16:07:00,ZORA,1.1999999999999999e-05
2026-04-20 16:07:00,TAO,-2.6e-05
2026-04-20 16:07:00,POPCAT,1.1999999999999999e-05
2026-04-20 16:07:00,APT,1.1999999999999999e-05
2026-04-20 16:07:00,ASTER,1.1999999999999999e-05
2026-04-20 16:07:00,PAXG,-9e-06
2026-04-20 16:07:00,VIRTUAL,1.1000000000000001e-05
2026-04-20 16:07:00,ENA,1.1999999999999999e-05
2026-04-20 16:07:00,BNB,1.1000000000000001e-05
2026-04-20 16:07:00,BTC,-1.6e-05
2026-04-20 16:07:00,STBL,1.1999999999999999e-05
2026-04-20 16:07:00,AAVE,-1.8e-05
2026-04-20 16:07:00,EIGEN,-5.4000000000000005e-05
2026-04-20 16:07:00,APEX,1.1999999999999999e-05
2026-04-20 16:07:00,MON,-2.1e-05
2026-04-20 16:07:00,POL,0.0
2026-04-20 16:07:00,VVV,1.1999999999999999e-05
2026-04-20 16:07:00,SEI,8e-06
2026-04-20 16:07:00,LTC,-4e-06
2026-04-20 16:07:00,AVNT,1.1999999999999999e-05
2026-04-20 16:07:00,ZK,1.1999999999999999e-05
2026-04-20 16:07:00,ARB,-9e-06
2026-04-20 16:07:00,MNT,1.1999999999999999e-05
2026-04-20 16:07:00,SOL,1.1999999999999999e-05
2026-04-20 16:07:00,LDO,1.1999999999999999e-05
2026-04-20 16:07:00,FARTCOIN,1.1999999999999999e-05
2026-04-20 16:07:00,FIL,1.1999999999999999e-05
2026-04-20 16:07:00,ETH,-2e-06
2026-04-20 16:07:00,TIA,0.0
2026-04-20 16:07:00,ICP,1.1000000000000001e-05
2026-04-20 16:07:00,YZY,1.1999999999999999e-05
2026-04-20 16:07:00,PENGU,1.1999999999999999e-05
2026-04-20 16:07:00,BERA,0.0
2026-04-20 16:07:00,ZRO,-6.6e-05
2026-04-20 16:07:00,WLFI,1.1999999999999999e-05
2026-04-20 16:07:00,0G,2e-06
2026-04-20 16:07:00,OP,8e-06
2026-04-20 16:07:00,MORPHO,8e-06
2026-04-20 16:07:00,AVAX,5.999999999999999e-06
2026-04-20 16:07:00,ONDO,-2.8e-05
2026-04-20 16:07:00,DOT,1e-05
2026-04-20 16:07:00,LINEA,1.1000000000000001e-05
2026-04-20 16:07:00,MEGA,1.1999999999999999e-05
2026-04-20 16:07:00,TRUMP,9e-06
2026-04-20 16:07:00,STABLE,-5.3e-05
2026-04-20 16:07:00,ETHFI,1.1999999999999999e-05
2026-04-20 16:07:00,AXS,-4.4000000000000006e-05
2026-04-20 16:07:00,MET,1.1999999999999999e-05
2026-04-20 17:07:00,APT,-5e-06
2026-04-20 17:07:00,ADA,-9e-06
2026-04-20 17:07:00,ZORA,1.1999999999999999e-05
2026-04-20 17:07:00,ZK,1.1999999999999999e-05
2026-04-20 17:07:00,PROVE,-0.00010999999999999999
2026-04-20 17:07:00,TIA,4e-06
2026-04-20 17:07:00,MET,1.1999999999999999e-05
2026-04-20 17:07:00,DOGE,1.1999999999999999e-05
2026-04-20 17:07:00,AXS,-4.1e-05
2026-04-20 17:07:00,FIL,1.1999999999999999e-05
2026-04-20 17:07:00,AVNT,1.1999999999999999e-05
2026-04-20 17:07:00,MON,1.1000000000000001e-05
2026-04-20 17:07:00,ONDO,-4.3e-05
2026-04-20 17:07:00,JTO,-5.4000000000000005e-05
2026-04-20 17:07:00,MORPHO,2e-06
2026-04-20 17:07:00,ETH,-2.9999999999999997e-06
2026-04-20 17:07:00,SKR,-3.2e-05
2026-04-20 17:07:00,UNI,1.1999999999999999e-05
2026-04-20 17:07:00,BERA,4e-06
2026-04-20 17:07:00,POPCAT,1.1999999999999999e-05
2026-04-20 17:07:00,RESOLV,-8e-05
2026-04-20 17:07:00,PYTH,-2.1e-05
2026-04-20 17:07:00,ETHFI,1.1999999999999999e-05
2026-04-20 17:07:00,POL,1e-06
2026-04-20 17:07:00,EIGEN,1e-05
2026-04-20 17:07:00,DYDX,-1.1999999999999999e-05
2026-04-20 17:07:00,VIRTUAL,1e-05
2026-04-20 17:07:00,SKY,1.1999999999999999e-05
2026-04-20 17:07:00,S,1.1999999999999999e-05
2026-04-20 17:07:00,LTC,5.999999999999999e-06
2026-04-20 17:07:00,JUP,-1.1000000000000001e-05
2026-04-20 17:07:00,ZRO,-7.7e-05
2026-04-20 17:07:00,FOGO,-9e-06
2026-04-20 17:07:00,STABLE,-6.6e-05
2026-04-20 17:07:00,WLD,-0.000212
2026-04-20 17:07:00,XMR,5.7e-05
2026-04-20 17:07:00,XLM,1.6e-05
2026-04-20 17:07:00,XRP,1e-05
2026-04-20 17:07:00,LIT,1.1999999999999999e-05
2026-04-20 17:07:00,SYRUP,1.1999999999999999e-05
2026-04-20 17:07:00,IP,-4e-06
2026-04-20 17:07:00,FARTCOIN,1.1999999999999999e-05
2026-04-20 17:07:00,PAXG,-1.8e-05
2026-04-20 17:07:00,PENGU,1.1999999999999999e-05
2026-04-20 17:07:00,NEAR,1e-05
2026-04-20 17:07:00,ARB,-1e-06
2026-04-20 17:07:00,MEGA,1.1999999999999999e-05
2026-04-20 17:07:00,ZEC,4e-06
2026-04-20 17:07:00,SEI,1.1999999999999999e-05
2026-04-20 17:07:00,SOL,1.1999999999999999e-05
2026-04-20 17:07:00,DASH,-1.1999999999999999e-05
2026-04-20 17:07:00,AERO,-1.5e-05
2026-04-20 17:07:00,BNB,-5e-06
2026-04-20 17:07:00,ENA,1.1999999999999999e-05
2026-04-20 17:07:00,DOT,-3.1e-05
2026-04-20 17:07:00,HBAR,1.1999999999999999e-05
2026-04-20 17:07:00,SUI,1.1999999999999999e-05
2026-04-20 17:07:00,HYPE,0.0
2026-04-20 17:07:00,LDO,1.1999999999999999e-05
2026-04-20 17:07:00,APEX,1.1999999999999999e-05
2026-04-20 17:07:00,0G,1.1999999999999999e-05
2026-04-20 17:07:00,STBL,1.1999999999999999e-05
2026-04-20 17:07:00,TRX,-1.7e-05
2026-04-20 17:07:00,CC,1.1999999999999999e-05
2026-04-20 17:07:00,AVAX,1.1000000000000001e-05
2026-04-20 17:07:00,GMX,1.1999999999999999e-05
2026-04-20 17:07:00,AAVE,-4e-06
2026-04-20 17:07:00,VVV,1.1999999999999999e-05
2026-04-20 17:07:00,ICP,-1.4e-05
2026-04-20 17:07:00,BTC,0.0
2026-04-20 17:07:00,STRK,1.1999999999999999e-05
2026-04-20 17:07:00,YZY,6.2e-05
2026-04-20 17:07:00,CRV,1.1999999999999999e-05
2026-04-20 17:07:00,GRASS,1.1999999999999999e-05
2026-04-20 17:07:00,PUMP,4e-06
2026-04-20 17:07:00,2Z,-5.9e-05
2026-04-20 17:07:00,ASTER,1.1999999999999999e-05
2026-04-20 17:07:00,LINK,2e-06
2026-04-20 17:07:00,TAO,-3.1e-05
2026-04-20 17:07:00,AZTEC,1.1999999999999999e-05
2026-04-20 17:07:00,WIF,1.1999999999999999e-05
2026-04-20 17:07:00,BCH,1.1999999999999999e-05
2026-04-20 17:07:00,TRUMP,-2e-05
2026-04-20 17:07:00,KAITO,-3.6e-05
2026-04-20 17:07:00,TON,-9.7e-05
2026-04-20 17:07:00,LINEA,1.1999999999999999e-05
2026-04-20 17:07:00,SPX,-2.9999999999999997e-06
2026-04-20 17:07:00,XPL,1.1999999999999999e-05
2026-04-20 17:07:00,OP,1.1999999999999999e-05
2026-04-20 17:07:00,WLFI,4e-06
2026-04-20 17:07:00,PENDLE,1.1999999999999999e-05
2026-04-20 17:07:00,MNT,1.1999999999999999e-05
2026-04-20 18:07:00,BNB,-1e-06
2026-04-20 18:07:00,PENGU,5.999999999999999e-06
2026-04-20 18:07:00,ZRO,-6.9e-05
2026-04-20 18:07:00,ICP,-2.3999999999999997e-05
2026-04-20 18:07:00,DOT,-1.5e-05
2026-04-20 18:07:00,ASTER,-2e-05
2026-04-20 18:07:00,PROVE,-1.9e-05
2026-04-20 18:07:00,JTO,-0.00010200000000000001
2026-04-20 18:07:00,VVV,0.0
2026-04-20 18:07:00,XRP,-3e-05
2026-04-20 18:07:00,CC,1.1999999999999999e-05
2026-04-20 18:07:00,GRASS,1.1999999999999999e-05
2026-04-20 18:07:00,MNT,1.1999999999999999e-05
2026-04-20 18:07:00,APEX,1.1999999999999999e-05
2026-04-20 18:07:00,JUP,-1.4e-05
2026-04-20 18:07:00,DASH,9e-06
2026-04-20 18:07:00,PAXG,5.999999999999999e-06
2026-04-20 18:07:00,0G,1.1999999999999999e-05
2026-04-20 18:07:00,MON,1.1000000000000001e-05
2026-04-20 18:07:00,AERO,-6.2e-05
2026-04-20 18:07:00,ZORA,1.1999999999999999e-05
2026-04-20 18:07:00,MORPHO,1e-05
2026-04-20 18:07:00,2Z,-0.000111
2026-04-20 18:07:00,OP,-5.999999999999999e-06
2026-04-20 18:07:00,EIGEN,-5.4000000000000005e-05
2026-04-20 18:07:00,WLD,-0.000289
2026-04-20 18:07:00,GMX,1.1999999999999999e-05
2026-04-20 18:07:00,SKY,1.1999999999999999e-05
2026-04-20 18:07:00,TIA,-1e-06
2026-04-20 18:07:00,ZK,1.1999999999999999e-05
2026-04-20 18:07:00,ENA,1.1999999999999999e-05
2026-04-20 18:07:00,SOL,1.1999999999999999e-05
2026-04-20 18:07:00,ETHFI,1.1999999999999999e-05
2026-04-20 18:07:00,DOGE,1.1999999999999999e-05
2026-04-20 18:07:00,LINK,-8e-06
2026-04-20 18:07:00,AAVE,-4e-06
2026-04-20 18:07:00,STABLE,2.9999999999999997e-06
2026-04-20 18:07:00,TAO,-3.6e-05
2026-04-20 18:07:00,AVNT,1.1999999999999999e-05
2026-04-20 18:07:00,LTC,-7e-06
2026-04-20 18:07:00,DYDX,-2.9999999999999997e-06
2026-04-20 18:07:00,APT,-2e-06
2026-04-20 18:07:00,NEAR,-1.1000000000000001e-05
2026-04-20 18:07:00,TON,-5.4000000000000005e-05
2026-04-20 18:07:00,WIF,-1.6e-05
2026-04-20 18:07:00,XPL,-1.3e-05
2026-04-20 18:07:00,BERA,7e-06
2026-04-20 18:07:00,SUI,9e-06
2026-04-20 18:07:00,FOGO,7e-06
2026-04-20 18:07:00,POL,1.1999999999999999e-05
2026-04-20 18:07:00,ARB,-1.6e-05
2026-04-20 18:07:00,HBAR,1.1999999999999999e-05
2026-04-20 18:07:00,PENDLE,1.1999999999999999e-05
2026-04-20 18:07:00,MET,1.1999999999999999e-05
2026-04-20 18:07:00,STBL,1.1999999999999999e-05
2026-04-20 18:07:00,YZY,1.1999999999999999e-05
2026-04-20 18:07:00,SYRUP,1.1999999999999999e-05
2026-04-20 18:07:00,BTC,-8e-06
2026-04-20 18:07:00,FARTCOIN,1.1999999999999999e-05
2026-04-20 18:07:00,KAITO,-6.3e-05
2026-04-20 18:07:00,MEGA,1.1999999999999999e-05
2026-04-20 18:07:00,AXS,-3.9e-05
2026-04-20 18:07:00,AZTEC,0.000168
2026-04-20 18:07:00,LDO,1.1999999999999999e-05
2026-04-20 18:07:00,PYTH,-3.8e-05
2026-04-20 18:07:00,WLFI,1.1999999999999999e-05
2026-04-20 18:07:00,XMR,1.1999999999999999e-05
2026-04-20 18:07:00,LIT,1.1999999999999999e-05
2026-04-20 18:07:00,STRK,1.1999999999999999e-05
2026-04-20 18:07:00,ADA,-1.3e-05
2026-04-20 18:07:00,TRX,-1.8e-05
2026-04-20 18:07:00,CRV,1.1999999999999999e-05
2026-04-20 18:07:00,PUMP,-4e-06
2026-04-20 18:07:00,FIL,1.1999999999999999e-05
2026-04-20 18:07:00,UNI,1.1999999999999999e-05
2026-04-20 18:07:00,ETH,-1.8e-05
2026-04-20 18:07:00,HYPE,1e-06
2026-04-20 18:07:00,S,1.1999999999999999e-05
2026-04-20 18:07:00,SKR,7.7e-05
2026-04-20 18:07:00,IP,-2.8e-05
2026-04-20 18:07:00,AVAX,1e-05
2026-04-20 18:07:00,XLM,1.1999999999999999e-05
2026-04-20 18:07:00,BCH,1.1999999999999999e-05
2026-04-20 18:07:00,LINEA,-5e-06
2026-04-20 18:07:00,VIRTUAL,4e-06
2026-04-20 18:07:00,RESOLV,1e-06
2026-04-20 18:07:00,ZEC,4e-06
2026-04-20 18:07:00,SPX,-3.1e-05
2026-04-20 18:07:00,TRUMP,5e-06
2026-04-20 18:07:00,ONDO,-4.1e-05
2026-04-20 18:07:00,POPCAT,1.1999999999999999e-05
2026-04-20 18:07:00,SEI,1.1999999999999999e-05
2026-04-20 19:07:00,CRV,1.1999999999999999e-05
2026-04-20 19:07:00,LINK,0.0
2026-04-20 19:07:00,ADA,8e-06
2026-04-20 19:07:00,DYDX,1.1999999999999999e-05
2026-04-20 19:07:00,PYTH,-1e-06
2026-04-20 19:07:00,NEAR,2e-06
2026-04-20 19:07:00,XMR,1.8e-05
2026-04-20 19:07:00,PENGU,1.1999999999999999e-05
2026-04-20 19:07:00,KAITO,-5.7e-05
2026-04-20 19:07:00,AVNT,5e-06
2026-04-20 19:07:00,SEI,1.1999999999999999e-05
2026-04-20 19:07:00,MEGA,1.1999999999999999e-05
2026-04-20 19:07:00,YZY,1.1999999999999999e-05
2026-04-20 19:07:00,PUMP,1.1999999999999999e-05
2026-04-20 19:07:00,ASTER,1.1999999999999999e-05
2026-04-20 19:07:00,UNI,1.1999999999999999e-05
2026-04-20 19:07:00,SKY,1.1999999999999999e-05
2026-04-20 19:07:00,RESOLV,1.1999999999999999e-05
2026-04-20 19:07:00,XLM,2.5e-05
2026-04-20 19:07:00,0G,-2.1e-05
2026-04-20 19:07:00,2Z,-0.000107
2026-04-20 19:07:00,STBL,1.1999999999999999e-05
2026-04-20 19:07:00,TON,-6.9e-05
2026-04-20 19:07:00,SPX,-1.7e-05
2026-04-20 19:07:00,PROVE,-0.0001
2026-04-20 19:07:00,TIA,-1e-06
2026-04-20 19:07:00,TRUMP,5e-06
2026-04-20 19:07:00,PENDLE,1.1999999999999999e-05
2026-04-20 19:07:00,ZRO,-4.9e-05
2026-04-20 19:07:00,ENA,1.1999999999999999e-05
2026-04-20 19:07:00,AVAX,7e-06
2026-04-20 19:07:00,ARB,-1e-05
2026-04-20 19:07:00,EIGEN,-2.8e-05
2026-04-20 19:07:00,WLD,-0.000303
2026-04-20 19:07:00,S,1.1999999999999999e-05
2026-04-20 19:07:00,STRK,1.1999999999999999e-05
2026-04-20 19:07:00,BCH,1e-05
2026-04-20 19:07:00,POPCAT,1.1999999999999999e-05
2026-04-20 19:07:00,APEX,1.1999999999999999e-05
2026-04-20 19:07:00,AXS,1e-05
2026-04-20 19:07:00,ETH,-5.999999999999999e-06
2026-04-20 19:07:00,BNB,-2e-06
2026-04-20 19:07:00,AERO,-0.000144
2026-04-20 19:07:00,HYPE,-3.7000000000000005e-05
2026-04-20 19:07:00,IP,-7e-06
2026-04-20 19:07:00,FARTCOIN,1.1999999999999999e-05
2026-04-20 19:07:00,JTO,-4.1e-05
2026-04-20 19:07:00,CC,-3.4e-05
2026-04-20 19:07:00,LTC,-2.9999999999999997e-06
2026-04-20 19:07:00,DASH,7e-06
2026-04-20 19:07:00,SUI,1.1999999999999999e-05
2026-04-20 19:07:00,SOL,1.1999999999999999e-05
2026-04-20 19:07:00,LDO,1.1999999999999999e-05
2026-04-20 19:07:00,ONDO,-3.7000000000000005e-05
2026-04-20 19:07:00,POL,1.1999999999999999e-05
2026-04-20 19:07:00,ZORA,1.1999999999999999e-05
2026-04-20 19:07:00,OP,1.1999999999999999e-05
2026-04-20 19:07:00,JUP,-3.4e-05
2026-04-20 19:07:00,XPL,-1.3e-05
2026-04-20 19:07:00,FOGO,-0.000112
2026-04-20 19:07:00,VVV,1.1999999999999999e-05
2026-04-20 19:07:00,TAO,-2.5e-05
2026-04-20 19:07:00,FIL,2e-06
2026-04-20 19:07:00,HBAR,1.1999999999999999e-05
2026-04-20 19:07:00,VIRTUAL,1.1999999999999999e-05
2026-04-20 19:07:00,AAVE,1.1999999999999999e-05
2026-04-20 19:07:00,GRASS,1.1999999999999999e-05
2026-04-20 19:07:00,WLFI,-3.6e-05
2026-04-20 19:07:00,PAXG,-1.5e-05
2026-04-20 19:07:00,APT,-1.3e-05
2026-04-20 19:07:00,ICP,-3.3e-05
2026-04-20 19:07:00,TRX,-1.8e-05
2026-04-20 19:07:00,LINEA,-1.1999999999999999e-05
2026-04-20 19:07:00,WIF,-3.5000000000000004e-05
2026-04-20 19:07:00,MORPHO,1.1999999999999999e-05
2026-04-20 19:07:00,BERA,1.1999999999999999e-05
2026-04-20 19:07:00,XRP,-8e-06
2026-04-20 19:07:00,MNT,1.1999999999999999e-05
2026-04-20 19:07:00,LIT,1.1999999999999999e-05
2026-04-20 19:07:00,SKR,1.1999999999999999e-05
2026-04-20 19:07:00,AZTEC,1.4e-05
2026-04-20 19:07:00,GMX,1.1999999999999999e-05
2026-04-20 19:07:00,STABLE,-6.7e-05
2026-04-20 19:07:00,ZEC,1.1999999999999999e-05
2026-04-20 19:07:00,MET,1.1999999999999999e-05
2026-04-20 19:07:00,ETHFI,1.1999999999999999e-05
2026-04-20 19:07:00,MON,1.1999999999999999e-05
2026-04-20 19:07:00,DOGE,1.1999999999999999e-05
2026-04-20 19:07:00,DOT,-2.1e-05
2026-04-20 19:07:00,BTC,-9e-06
2026-04-20 19:07:00,ZK,1.1999999999999999e-05
2026-04-20 19:07:00,SYRUP,1.1999999999999999e-05
2026-04-20 20:07:00,S,1.1999999999999999e-05
2026-04-20 20:07:00,NEAR,-1.1000000000000001e-05
2026-04-20 20:07:00,IP,-7.5e-05
2026-04-20 20:07:00,APEX,1.1999999999999999e-05
2026-04-20 20:07:00,DASH,-1.5e-05
2026-04-20 20:07:00,TAO,-2.1e-05
2026-04-20 20:07:00,POL,1.1999999999999999e-05
2026-04-20 20:07:00,WIF,-2e-06
2026-04-20 20:07:00,LINK,-9e-06
2026-04-20 20:07:00,SPX,-4.9e-05
2026-04-20 20:07:00,SOL,1.1999999999999999e-05
2026-04-20 20:07:00,RESOLV,1e-05
2026-04-20 20:07:00,KAITO,9e-06
2026-04-20 20:07:00,WLFI,-3.8e-05
2026-04-20 20:07:00,DOGE,1.1999999999999999e-05
2026-04-20 20:07:00,XMR,1.3e-05
2026-04-20 20:07:00,PAXG,-1.4e-05
2026-04-20 20:07:00,DOT,-4e-06
2026-04-20 20:07:00,ONDO,-3.6e-05
2026-04-20 20:07:00,TON,-7.1e-05
2026-04-20 20:07:00,PUMP,-1.1999999999999999e-05
2026-04-20 20:07:00,PYTH,-3.4e-05
2026-04-20 20:07:00,WLD,-0.00032599999999999996
2026-04-20 20:07:00,LTC,-7e-06
2026-04-20 20:07:00,CRV,1.1999999999999999e-05
2026-04-20 20:07:00,ASTER,4e-06
2026-04-20 20:07:00,FOGO,-5.2e-05
2026-04-20 20:07:00,YZY,1.1999999999999999e-05
2026-04-20 20:07:00,GRASS,1.1999999999999999e-05
2026-04-20 20:07:00,GMX,7e-06
2026-04-20 20:07:00,XLM,1.1999999999999999e-05
2026-04-20 20:07:00,FIL,-1.1000000000000001e-05
2026-04-20 20:07:00,STABLE,-9.499999999999999e-05
2026-04-20 20:07:00,MET,1.1999999999999999e-05
2026-04-20 20:07:00,BTC,-1.3e-05
2026-04-20 20:07:00,LIT,1.1999999999999999e-05
2026-04-20 20:07:00,AXS,-5.4999999999999995e-05
2026-04-20 20:07:00,ETH,-9e-06
2026-04-20 20:07:00,SYRUP,1.1999999999999999e-05
2026-04-20 20:07:00,TRX,-2.2000000000000003e-05
2026-04-20 20:07:00,APT,2e-06
2026-04-20 20:07:00,TIA,-2.6e-05
2026-04-20 20:07:00,EIGEN,-6.4e-05
2026-04-20 20:07:00,JTO,-7.5e-05
2026-04-20 20:07:00,PENDLE,1.1999999999999999e-05
2026-04-20 20:07:00,AAVE,1.1999999999999999e-05
2026-04-20 20:07:00,POPCAT,1.1999999999999999e-05
2026-04-20 20:07:00,SKR,1.1999999999999999e-05
2026-04-20 20:07:00,MORPHO,1.1000000000000001e-05
2026-04-20 20:07:00,MON,-2e-05
2026-04-20 20:07:00,PENGU,5e-06
2026-04-20 20:07:00,ARB,5e-06
2026-04-20 20:07:00,ZRO,-8.4e-05
2026-04-20 20:07:00,XPL,1.1000000000000001e-05
2026-04-20 20:07:00,0G,9e-06
2026-04-20 20:07:00,BCH,4e-06
2026-04-20 20:07:00,ZEC,1.1999999999999999e-05
2026-04-20 20:07:00,JUP,-4.4999999999999996e-05
2026-04-20 20:07:00,DYDX,2.9999999999999997e-06
2026-04-20 20:07:00,ICP,-1.7e-05
2026-04-20 20:07:00,ETHFI,1.1999999999999999e-05
2026-04-20 20:07:00,PROVE,-5.7999999999999994e-05
2026-04-20 20:07:00,SUI,1.1999999999999999e-05
2026-04-20 20:07:00,UNI,1.1999999999999999e-05
2026-04-20 20:07:00,OP,1.1000000000000001e-05
2026-04-20 20:07:00,ENA,7e-06
2026-04-20 20:07:00,AVAX,-1e-06
2026-04-20 20:07:00,LDO,1.1999999999999999e-05
2026-04-20 20:07:00,AZTEC,1.1999999999999999e-05
2026-04-20 20:07:00,SKY,1.1999999999999999e-05
2026-04-20 20:07:00,AERO,-9.499999999999999e-05
2026-04-20 20:07:00,SEI,8e-06
2026-04-20 20:07:00,TRUMP,-8e-06
2026-04-20 20:07:00,HBAR,-1e-06
2026-04-20 20:07:00,CC,1.1999999999999999e-05
2026-04-20 20:07:00,ZORA,1.1999999999999999e-05
2026-04-20 20:07:00,ADA,-4e-06
2026-04-20 20:07:00,FARTCOIN,1.1999999999999999e-05
2026-04-20 20:07:00,XRP,-1.7e-05
2026-04-20 20:07:00,BNB,-1.8e-05
2026-04-20 20:07:00,MEGA,1.1999999999999999e-05
2026-04-20 20:07:00,LINEA,-2e-06
2026-04-20 20:07:00,2Z,-6.1000000000000005e-05
2026-04-20 20:07:00,VIRTUAL,-2e-05
2026-04-20 20:07:00,STRK,1.1999999999999999e-05
2026-04-20 20:07:00,VVV,1.1999999999999999e-05
2026-04-20 20:07:00,HYPE,-2.3999999999999997e-05
2026-04-20 20:07:00,ZK,1.1999999999999999e-05
2026-04-20 20:07:00,BERA,0.0
2026-04-20 20:07:00,STBL,1.1999999999999999e-05
2026-04-20 20:07:00,AVNT,-2.1e-05
2026-04-20 20:07:00,MNT,1.1999999999999999e-05
2026-04-20 21:07:00,WLFI,0.0
2026-04-20 21:07:00,AVNT,2.9999999999999997e-06
2026-04-20 21:07:00,NEAR,-2.9999999999999997e-06
2026-04-20 21:07:00,FOGO,-8.999999999999999e-05
2026-04-20 21:07:00,BCH,1.1000000000000001e-05
2026-04-20 21:07:00,XPL,1.1999999999999999e-05
2026-04-20 21:07:00,APEX,1.1999999999999999e-05
2026-04-20 21:07:00,LINK,1e-05
2026-04-20 21:07:00,JUP,7e-06
2026-04-20 21:07:00,PUMP,2.9999999999999997e-06
2026-04-20 21:07:00,SUI,1.1999999999999999e-05
2026-04-20 21:07:00,RESOLV,1.1000000000000001e-05
2026-04-20 21:07:00,WIF,1.1999999999999999e-05
2026-04-20 21:07:00,FARTCOIN,1.1999999999999999e-05
2026-04-20 21:07:00,VIRTUAL,-1.4e-05
2026-04-20 21:07:00,AERO,-7.7e-05
2026-04-20 21:07:00,AVAX,-4e-06
2026-04-20 21:07:00,SEI,1.1999999999999999e-05
2026-04-20 21:07:00,STABLE,-0.000114
2026-04-20 21:07:00,DASH,7e-06
2026-04-20 21:07:00,HBAR,2e-06
2026-04-20 21:07:00,PROVE,-2.3e-05
2026-04-20 21:07:00,HYPE,1e-05
2026-04-20 21:07:00,BNB,2.9999999999999997e-06
2026-04-20 21:07:00,ZRO,8e-06
2026-04-20 21:07:00,LTC,4e-06
2026-04-20 21:07:00,ASTER,1.1999999999999999e-05
2026-04-20 21:07:00,ONDO,-1.4e-05
2026-04-20 21:07:00,IP,-4.6e-05
2026-04-20 21:07:00,DOGE,1.1999999999999999e-05
2026-04-20 21:07:00,2Z,-2.3e-05
2026-04-20 21:07:00,UNI,1.1999999999999999e-05
2026-04-20 21:07:00,BTC,-2.1e-05
2026-04-20 21:07:00,ARB,-1.4e-05
2026-04-20 21:07:00,WLD,-0.000262
2026-04-20 21:07:00,APT,1e-05
2026-04-20 21:07:00,XLM,1.1999999999999999e-05
2026-04-20 21:07:00,ETHFI,1.1999999999999999e-05
2026-04-20 21:07:00,SKY,1.1999999999999999e-05
2026-04-20 21:07:00,GRASS,1.1999999999999999e-05
2026-04-20 21:07:00,MORPHO,-2e-05
2026-04-20 21:07:00,TRX,-1.8e-05
2026-04-20 21:07:00,MNT,1.1999999999999999e-05
2026-04-20 21:07:00,OP,1.1999999999999999e-05
2026-04-20 21:07:00,CC,1.1999999999999999e-05
2026-04-20 21:07:00,CRV,1.1999999999999999e-05
2026-04-20 21:07:00,MET,1.1999999999999999e-05
2026-04-20 21:07:00,AAVE,1.1999999999999999e-05
2026-04-20 21:07:00,ZEC,1.1999999999999999e-05
2026-04-20 21:07:00,YZY,1.7e-05
2026-04-20 21:07:00,ICP,-2.1e-05
2026-04-20 21:07:00,MEGA,6.7e-05
2026-04-20 21:07:00,PENDLE,1.1999999999999999e-05
2026-04-20 21:07:00,LDO,1.1999999999999999e-05
2026-04-20 21:07:00,ETH,-2e-05
2026-04-20 21:07:00,VVV,1.1999999999999999e-05
2026-04-20 21:07:00,PAXG,-1.4e-05
2026-04-20 21:07:00,EIGEN,-5.3e-05
2026-04-20 21:07:00,LIT,1.1999999999999999e-05
2026-04-20 21:07:00,TAO,-1.9e-05
2026-04-20 21:07:00,PYTH,-2e-05
2026-04-20 21:07:00,ADA,-2.9999999999999997e-06
2026-04-20 21:07:00,GMX,1.1999999999999999e-05
2026-04-20 21:07:00,SOL,1.1999999999999999e-05
2026-04-20 21:07:00,SPX,-4.1e-05
2026-04-20 21:07:00,POPCAT,1.1999999999999999e-05
2026-04-20 21:07:00,S,1.1999999999999999e-05
2026-04-20 21:07:00,BERA,-1.1999999999999999e-05
2026-04-20 21:07:00,DOT,5.999999999999999e-06
2026-04-20 21:07:00,XMR,4.9e-05
2026-04-20 21:07:00,LINEA,-1.3e-05
2026-04-20 21:07:00,AZTEC,1.1999999999999999e-05
2026-04-20 21:07:00,JTO,-3.6e-05
2026-04-20 21:07:00,SYRUP,1.1999999999999999e-05
2026-04-20 21:07:00,KAITO,-1.1999999999999999e-05
2026-04-20 21:07:00,AXS,-1.5e-05
2026-04-20 21:07:00,POL,7e-06
2026-04-20 21:07:00,TON,-4.3e-05
2026-04-20 21:07:00,STBL,8e-05
2026-04-20 21:07:00,SKR,1.1999999999999999e-05
2026-04-20 21:07:00,ENA,1.1999999999999999e-05
2026-04-20 21:07:00,DYDX,1.1999999999999999e-05
2026-04-20 21:07:00,FIL,-2e-06
2026-04-20 21:07:00,MON,1e-05
2026-04-20 21:07:00,TIA,-2e-06
2026-04-20 21:07:00,ZORA,1.1999999999999999e-05
2026-04-20 21:07:00,ZK,1.1999999999999999e-05
2026-04-20 21:07:00,PENGU,1.1999999999999999e-05
2026-04-20 21:07:00,XRP,-1.1999999999999999e-05
2026-04-20 21:07:00,0G,1.1000000000000001e-05
2026-04-20 21:07:00,STRK,1.1999999999999999e-05
2026-04-20 21:07:00,TRUMP,-1.1999999999999999e-05
2026-04-20 22:07:00,PAXG,-2.9999999999999997e-06
2026-04-20 22:07:00,AXS,1.1999999999999999e-05
2026-04-20 22:07:00,IP,-7.900000000000001e-05
2026-04-20 22:07:00,ICP,-3.3e-05
2026-04-20 22:07:00,S,1.1999999999999999e-05
2026-04-20 22:07:00,SKY,1.1999999999999999e-05
2026-04-20 22:07:00,GRASS,1.1999999999999999e-05
2026-04-20 22:07:00,ETHFI,1.1999999999999999e-05
2026-04-20 22:07:00,WLD,-0.00015800000000000002
2026-04-20 22:07:00,TRUMP,1.1000000000000001e-05
2026-04-20 22:07:00,STABLE,-0.000254
2026-04-20 22:07:00,ZORA,1.1999999999999999e-05
2026-04-20 22:07:00,NEAR,2e-06
2026-04-20 22:07:00,GMX,1.1999999999999999e-05
2026-04-20 22:07:00,XRP,1e-06
2026-04-20 22:07:00,FOGO,-2.8999999999999997e-05
2026-04-20 22:07:00,TRX,-1e-06
2026-04-20 22:07:00,KAITO,1.1999999999999999e-05
2026-04-20 22:07:00,DOGE,1.1999999999999999e-05
2026-04-20 22:07:00,JUP,1.1999999999999999e-05
2026-04-20 22:07:00,WLFI,-4.3e-05
2026-04-20 22:07:00,MON,1.1999999999999999e-05
2026-04-20 22:07:00,ETH,-2.9999999999999997e-06
2026-04-20 22:07:00,MNT,1.1999999999999999e-05
2026-04-20 22:07:00,TON,-3.9e-05
2026-04-20 22:07:00,FIL,1e-05
2026-04-20 22:07:00,SOL,1.1999999999999999e-05
2026-04-20 22:07:00,PENDLE,1.1999999999999999e-05
2026-04-20 22:07:00,AVNT,9e-06
2026-04-20 22:07:00,ONDO,-5.999999999999999e-06
2026-04-20 22:07:00,HYPE,-5e-06
2026-04-20 22:07:00,STBL,7.900000000000001e-05
2026-04-20 22:07:00,AERO,-3.6e-05
2026-04-20 22:07:00,CC,1.1999999999999999e-05
2026-04-20 22:07:00,FARTCOIN,1.1999999999999999e-05
2026-04-20 22:07:00,HBAR,1.1999999999999999e-05
2026-04-20 22:07:00,JTO,-3.8e-05
2026-04-20 22:07:00,WIF,-1.1000000000000001e-05
2026-04-20 22:07:00,APT,-1.1000000000000001e-05
2026-04-20 22:07:00,VIRTUAL,-8e-06
2026-04-20 22:07:00,DYDX,1.1999999999999999e-05
2026-04-20 22:07:00,AAVE,1.1999999999999999e-05
2026-04-20 22:07:00,ZRO,1.1999999999999999e-05
2026-04-20 22:07:00,ZK,1.1999999999999999e-05
2026-04-20 22:07:00,MEGA,5e-05
2026-04-20 22:07:00,ARB,8e-06
2026-04-20 22:07:00,BERA,8e-06
2026-04-20 22:07:00,0G,0.0
2026-04-20 22:07:00,PROVE,9e-06
2026-04-20 22:07:00,ENA,1.1999999999999999e-05
2026-04-20 22:07:00,OP,-5e-06
2026-04-20 22:07:00,RESOLV,1.1999999999999999e-05
2026-04-20 22:07:00,SEI,1.1999999999999999e-05
2026-04-20 22:07:00,POL,1e-06
2026-04-20 22:07:00,VVV,1.1999999999999999e-05
2026-04-20 22:07:00,SUI,1.1999999999999999e-05
2026-04-20 22:07:00,PENGU,1.1999999999999999e-05
2026-04-20 22:07:00,LTC,7e-06
2026-04-20 22:07:00,BNB,1.1000000000000001e-05
2026-04-20 22:07:00,APEX,1.1999999999999999e-05
2026-04-20 22:07:00,YZY,1.1999999999999999e-05
2026-04-20 22:07:00,MET,1.1999999999999999e-05
2026-04-20 22:07:00,CRV,1.1999999999999999e-05
2026-04-20 22:07:00,BCH,1.1999999999999999e-05
2026-04-20 22:07:00,DASH,1.1999999999999999e-05
2026-04-20 22:07:00,LINEA,-3.3e-05
2026-04-20 22:07:00,EIGEN,-3.8e-05
2026-04-20 22:07:00,TAO,1.1999999999999999e-05
2026-04-20 22:07:00,ASTER,1.1999999999999999e-05
2026-04-20 22:07:00,LIT,1.1999999999999999e-05
2026-04-20 22:07:00,ADA,1.1999999999999999e-05
2026-04-20 22:07:00,PUMP,1.1000000000000001e-05
2026-04-20 22:07:00,DOT,1e-05
2026-04-20 22:07:00,SKR,1.1999999999999999e-05
2026-04-20 22:07:00,AVAX,1.1999999999999999e-05
2026-04-20 22:07:00,XLM,1.1999999999999999e-05
2026-04-20 22:07:00,ZEC,1.1999999999999999e-05
2026-04-20 22:07:00,UNI,1.1999999999999999e-05
2026-04-20 22:07:00,SPX,-1.8e-05
2026-04-20 22:07:00,LDO,1.1999999999999999e-05
2026-04-20 22:07:00,XPL,1.1999999999999999e-05
2026-04-20 22:07:00,TIA,-5e-06
2026-04-20 22:07:00,XMR,1.3e-05
2026-04-20 22:07:00,LINK,1.1999999999999999e-05
2026-04-20 22:07:00,MORPHO,-1.3e-05
2026-04-20 22:07:00,PYTH,-2.5e-05
2026-04-20 22:07:00,2Z,-4.4000000000000006e-05
2026-04-20 22:07:00,AZTEC,1.1999999999999999e-05
2026-04-20 22:07:00,STRK,1.1999999999999999e-05
2026-04-20 22:07:00,POPCAT,1.1999999999999999e-05
2026-04-20 22:07:00,SYRUP,1.1999999999999999e-05
2026-04-20 22:07:00,BTC,1e-06
2026-04-20 23:07:00,UNI,1.1999999999999999e-05
2026-04-20 23:07:00,TIA,9e-06
2026-04-20 23:07:00,FARTCOIN,1.1999999999999999e-05
2026-04-20 23:07:00,STRK,1.1999999999999999e-05
2026-04-20 23:07:00,XMR,2.1e-05
2026-04-20 23:07:00,TAO,1.1999999999999999e-05
2026-04-20 23:07:00,STBL,7.000000000000001e-05
2026-04-20 23:07:00,WLFI,-1.3e-05
2026-04-20 23:07:00,SUI,1.1999999999999999e-05
2026-04-20 23:07:00,MON,-7e-06
2026-04-20 23:07:00,ETHFI,1.1999999999999999e-05
2026-04-20 23:07:00,DOGE,1.1999999999999999e-05
2026-04-20 23:07:00,PUMP,1.1999999999999999e-05
2026-04-20 23:07:00,ADA,1.1999999999999999e-05
2026-04-20 23:07:00,ENA,1.1999999999999999e-05
2026-04-20 23:07:00,YZY,-1e-05
2026-04-20 23:07:00,FIL,1.1999999999999999e-05
2026-04-20 23:07:00,LTC,1.1000000000000001e-05
2026-04-20 23:07:00,ETH,-7e-06
2026-04-20 23:07:00,AVAX,1.1999999999999999e-05
2026-04-20 23:07:00,VVV,1.1999999999999999e-05
2026-04-20 23:07:00,ARB,2.9999999999999997e-06
2026-04-20 23:07:00,0G,-4.3e-05
2026-04-20 23:07:00,SYRUP,1.1999999999999999e-05
2026-04-20 23:07:00,NEAR,-2.2000000000000003e-05
2026-04-20 23:07:00,POPCAT,1.1999999999999999e-05
2026-04-20 23:07:00,EIGEN,-4.9e-05
2026-04-20 23:07:00,ASTER,1.1999999999999999e-05
2026-04-20 23:07:00,APEX,1.1999999999999999e-05
2026-04-20 23:07:00,OP,5e-06
2026-04-20 23:07:00,BERA,7e-06
2026-04-20 23:07:00,APT,1.1999999999999999e-05
2026-04-20 23:07:00,MORPHO,-4.7999999999999994e-05
2026-04-20 23:07:00,DYDX,1.1000000000000001e-05
2026-04-20 23:07:00,BTC,5.999999999999999e-06
2026-04-20 23:07:00,XPL,0.0
2026-04-20 23:07:00,IP,-7.6e-05
2026-04-20 23:07:00,DASH,-3.9e-05
2026-04-20 23:07:00,PYTH,-3.1e-05
2026-04-20 23:07:00,AERO,-0.000195
2026-04-20 23:07:00,FOGO,-4.6e-05
2026-04-20 23:07:00,AAVE,1.1999999999999999e-05
2026-04-20 23:07:00,S,-1.6e-05
2026-04-20 23:07:00,STABLE,-7.7e-05
2026-04-20 23:07:00,PENGU,1.1999999999999999e-05
2026-04-20 23:07:00,LINK,1.1999999999999999e-05
2026-04-20 23:07:00,MNT,1.1999999999999999e-05
2026-04-20 23:07:00,GRASS,1.1999999999999999e-05
2026-04-20 23:07:00,BNB,1.1999999999999999e-05
2026-04-20 23:07:00,GMX,1.1999999999999999e-05
2026-04-20 23:07:00,SOL,1.1999999999999999e-05
2026-04-20 23:07:00,TRX,-1e-05
2026-04-20 23:07:00,MEGA,1.1999999999999999e-05
2026-04-20 23:07:00,SKY,1.1999999999999999e-05
2026-04-20 23:07:00,CC,1.1999999999999999e-05
2026-04-20 23:07:00,PENDLE,1.1999999999999999e-05
2026-04-20 23:07:00,KAITO,8e-06
2026-04-20 23:07:00,PAXG,-1.4e-05
2026-04-20 23:07:00,XLM,1.1999999999999999e-05
2026-04-20 23:07:00,RESOLV,1.1999999999999999e-05
2026-04-20 23:07:00,MET,1.1999999999999999e-05
2026-04-20 23:07:00,VIRTUAL,-1e-06
2026-04-20 23:07:00,ZK,1.1999999999999999e-05
2026-04-20 23:07:00,SKR,1.1999999999999999e-05
2026-04-20 23:07:00,SPX,-4.7000000000000004e-05
2026-04-20 23:07:00,TRUMP,-2.9999999999999997e-06
2026-04-20 23:07:00,2Z,-5.4000000000000005e-05
2026-04-20 23:07:00,SEI,1.1999999999999999e-05
2026-04-20 23:07:00,LDO,1.1999999999999999e-05
2026-04-20 23:07:00,BCH,1.1999999999999999e-05
2026-04-20 23:07:00,LIT,1.1999999999999999e-05
2026-04-20 23:07:00,ZORA,1.1999999999999999e-05
2026-04-20 23:07:00,TON,-7.8e-05
2026-04-20 23:07:00,ZEC,1.1999999999999999e-05
2026-04-20 23:07:00,ZRO,1.1999999999999999e-05
2026-04-20 23:07:00,PROVE,-6.3e-05
2026-04-20 23:07:00,LINEA,-1.6e-05
2026-04-20 23:07:00,WLD,-0.000131
2026-04-20 23:07:00,AVNT,1.1999999999999999e-05
2026-04-20 23:07:00,POL,-2.9999999999999997e-06
2026-04-20 23:07:00,ICP,-2.7000000000000002e-05
2026-04-20 23:07:00,HBAR,1.1999999999999999e-05
2026-04-20 23:07:00,WIF,-2e-05
2026-04-20 23:07:00,XRP,1e-05
2026-04-20 23:07:00,ONDO,-2.3999999999999997e-05
2026-04-20 23:07:00,AXS,1.1999999999999999e-05
2026-04-20 23:07:00,CRV,1.1999999999999999e-05
2026-04-20 23:07:00,AZTEC,1.1999999999999999e-05
2026-04-20 23:07:00,JTO,-4.6e-05
2026-04-20 23:07:00,HYPE,-1e-06
2026-04-20 23:07:00,DOT,1.1999999999999999e-05
2026-04-20 23:07:00,JUP,9e-06
2026-04-21 00:07:01,FIL,1.1999999999999999e-05
2026-04-21 00:07:01,EIGEN,2e-06
2026-04-21 00:07:01,SOL,1.1999999999999999e-05
2026-04-21 00:07:01,VVV,1.1999999999999999e-05
2026-04-21 00:07:01,AVAX,1e-05
2026-04-21 00:07:01,SEI,1.1999999999999999e-05
2026-04-21 00:07:01,GMX,1.1999999999999999e-05
2026-04-21 00:07:01,BNB,9e-06
2026-04-21 00:07:01,WLFI,-4.7000000000000004e-05
2026-04-21 00:07:01,WLD,-0.000167
2026-04-21 00:07:01,SKR,1.1999999999999999e-05
2026-04-21 00:07:01,STABLE,5e-06
2026-04-21 00:07:01,ARB,0.0
2026-04-21 00:07:01,CRV,1.1999999999999999e-05
2026-04-21 00:07:01,SPX,-1.8e-05
2026-04-21 00:07:01,NEAR,-5e-06
2026-04-21 00:07:01,AERO,5e-06
2026-04-21 00:07:01,ASTER,1.1999999999999999e-05
2026-04-21 00:07:01,APEX,1.1999999999999999e-05
2026-04-21 00:07:01,DYDX,1e-05
2026-04-21 00:07:01,YZY,1.1999999999999999e-05
2026-04-21 00:07:01,MNT,1.1999999999999999e-05
2026-04-21 00:07:01,ZRO,1.1999999999999999e-05
2026-04-21 00:07:01,ZK,1.1999999999999999e-05
2026-04-21 00:07:01,PAXG,-1.5e-05
2026-04-21 00:07:01,HYPE,1.1999999999999999e-05
2026-04-21 00:07:01,XRP,1e-05
2026-04-21 00:07:01,FOGO,-5.1000000000000006e-05
2026-04-21 00:07:01,PUMP,1.1999999999999999e-05
2026-04-21 00:07:01,BTC,1.1000000000000001e-05
2026-04-21 00:07:01,PENDLE,1.1999999999999999e-05
2026-04-21 00:07:01,2Z,-2.9999999999999997e-06
2026-04-21 00:07:01,ICP,-3.8e-05
2026-04-21 00:07:01,FARTCOIN,1.1999999999999999e-05
2026-04-21 00:07:01,S,1e-06
2026-04-21 00:07:01,SYRUP,1.1999999999999999e-05
2026-04-21 00:07:01,XPL,-1.5e-05
2026-04-21 00:07:01,ETH,-1.3e-05
2026-04-21 00:07:01,GRASS,1.1999999999999999e-05
2026-04-21 00:07:01,XMR,4.4000000000000006e-05
2026-04-21 00:07:01,AZTEC,1.1999999999999999e-05
2026-04-21 00:07:01,HBAR,1.1999999999999999e-05
2026-04-21 00:07:01,LDO,1.1999999999999999e-05
2026-04-21 00:07:01,WIF,-2e-05
2026-04-21 00:07:01,AAVE,1.1999999999999999e-05
2026-04-21 00:07:01,MORPHO,-5.2e-05
2026-04-21 00:07:01,AVNT,-3.3e-05
2026-04-21 00:07:01,SKY,1.1999999999999999e-05
2026-04-21 00:07:01,CC,1.1999999999999999e-05
2026-04-21 00:07:01,LIT,1.1999999999999999e-05
2026-04-21 00:07:01,STRK,1.1999999999999999e-05
2026-04-21 00:07:01,DASH,1.1999999999999999e-05
2026-04-21 00:07:01,MEGA,1.1999999999999999e-05
2026-04-21 00:07:01,APT,1.1999999999999999e-05
2026-04-21 00:07:01,STBL,2.1e-05
2026-04-21 00:07:01,KAITO,1.1000000000000001e-05
2026-04-21 00:07:01,OP,1.1000000000000001e-05
2026-04-21 00:07:01,LINEA,-2.5e-05
2026-04-21 00:07:01,IP,-0.00012200000000000001
2026-04-21 00:07:01,SUI,1.1999999999999999e-05
2026-04-21 00:07:01,JTO,-4.1e-05
2026-04-21 00:07:01,PENGU,1.1999999999999999e-05
2026-04-21 00:07:01,VIRTUAL,-5e-06
2026-04-21 00:07:01,AXS,1.1999999999999999e-05
2026-04-21 00:07:01,TAO,1.1999999999999999e-05
2026-04-21 00:07:01,XLM,1.1999999999999999e-05
2026-04-21 00:07:01,PROVE,5.999999999999999e-06
2026-04-21 00:07:01,MON,-4e-06
2026-04-21 00:07:01,ZEC,1.1999999999999999e-05
2026-04-21 00:07:01,MET,1.1999999999999999e-05
2026-04-21 00:07:01,PYTH,-3.2e-05
2026-04-21 00:07:01,DOT,1.1999999999999999e-05
2026-04-21 00:07:01,ADA,5.999999999999999e-06
2026-04-21 00:07:01,BERA,-1.3e-05
2026-04-21 00:07:01,LINK,1.1999999999999999e-05
2026-04-21 00:07:01,TIA,1e-06
2026-04-21 00:07:01,POL,-5.999999999999999e-06
2026-04-21 00:07:01,TRUMP,-1.1000000000000001e-05
2026-04-21 00:07:01,0G,-2.5e-05
2026-04-21 00:07:01,LTC,1.1999999999999999e-05
2026-04-21 00:07:01,UNI,1.1999999999999999e-05
2026-04-21 00:07:01,ETHFI,1.1999999999999999e-05
2026-04-21 00:07:01,BCH,1.1999999999999999e-05
2026-04-21 00:07:01,TON,-7.000000000000001e-05
2026-04-21 00:07:01,TRX,0.0
2026-04-21 00:07:01,ENA,1.1999999999999999e-05
2026-04-21 00:07:01,DOGE,1.1999999999999999e-05
2026-04-21 00:07:01,ZORA,1.1999999999999999e-05
2026-04-21 00:07:01,JUP,1e-05
2026-04-21 00:07:01,POPCAT,1.1999999999999999e-05
2026-04-21 00:07:01,RESOLV,1.1999999999999999e-05
2026-04-21 00:07:01,ONDO,-2.3999999999999997e-05
2026-04-21 01:07:00,LIT,1.1999999999999999e-05
2026-04-21 01:07:00,ETHFI,1.1999999999999999e-05
2026-04-21 01:07:00,SYRUP,1.1999999999999999e-05
2026-04-21 01:07:00,ONDO,1e-06
2026-04-21 01:07:00,FARTCOIN,1.1999999999999999e-05
2026-04-21 01:07:00,AZTEC,1.1999999999999999e-05
2026-04-21 01:07:00,LTC,-1e-06
2026-04-21 01:07:00,ADA,1.1999999999999999e-05
2026-04-21 01:07:00,SEI,1.1999999999999999e-05
2026-04-21 01:07:00,OP,0.0
2026-04-21 01:07:00,DOGE,1.1999999999999999e-05
2026-04-21 01:07:00,AXS,1.1999999999999999e-05
2026-04-21 01:07:00,ARB,1.1000000000000001e-05
2026-04-21 01:07:00,JTO,-2.8999999999999997e-05
2026-04-21 01:07:00,GMX,1.1999999999999999e-05
2026-04-21 01:07:00,POL,-1e-06
2026-04-21 01:07:00,NEAR,7e-06
2026-04-21 01:07:00,2Z,-3.1e-05
2026-04-21 01:07:00,ENA,1.1999999999999999e-05
2026-04-21 01:07:00,FIL,1.1999999999999999e-05
2026-04-21 01:07:00,APT,-1e-05
2026-04-21 01:07:00,ZEC,1.1999999999999999e-05
2026-04-21 01:07:00,BTC,0.0
2026-04-21 01:07:00,DOT,1.1999999999999999e-05
2026-04-21 01:07:00,HYPE,1.1999999999999999e-05
2026-04-21 01:07:00,WLD,-0.00015900000000000002
2026-04-21 01:07:00,BNB,1.1999999999999999e-05
2026-04-21 01:07:00,HBAR,9e-06
2026-04-21 01:07:00,IP,-0.0006219999999999999
2026-04-21 01:07:00,PUMP,1.1999999999999999e-05
2026-04-21 01:07:00,LINEA,7e-06
2026-04-21 01:07:00,PENGU,1.1999999999999999e-05
2026-04-21 01:07:00,AERO,-0.000117
2026-04-21 01:07:00,PAXG,-2.7000000000000002e-05
2026-04-21 01:07:00,XLM,1.1999999999999999e-05
2026-04-21 01:07:00,PENDLE,1.1999999999999999e-05
2026-04-21 01:07:00,ZORA,1.1999999999999999e-05
2026-04-21 01:07:00,TRX,1.1999999999999999e-05
2026-04-21 01:07:00,CRV,1.1999999999999999e-05
2026-04-21 01:07:00,POPCAT,1.1999999999999999e-05
2026-04-21 01:07:00,DASH,1.1999999999999999e-05
2026-04-21 01:07:00,MORPHO,-4.9e-05
2026-04-21 01:07:00,BCH,1.1999999999999999e-05
2026-04-21 01:07:00,XPL,-4.4999999999999996e-05
2026-04-21 01:07:00,XMR,2.5e-05
2026-04-21 01:07:00,KAITO,4e-06
2026-04-21 01:07:00,ICP,1e-06
2026-04-21 01:07:00,LDO,1.1999999999999999e-05
2026-04-21 01:07:00,WLFI,-5.999999999999999e-06
2026-04-21 01:07:00,VIRTUAL,1.1999999999999999e-05
2026-04-21 01:07:00,GRASS,1.1999999999999999e-05
2026-04-21 01:07:00,SPX,2.9999999999999997e-06
2026-04-21 01:07:00,AVNT,-3e-05
2026-04-21 01:07:00,S,1.1000000000000001e-05
2026-04-21 01:07:00,MET,1.1999999999999999e-05
2026-04-21 01:07:00,FOGO,-2.6e-05
2026-04-21 01:07:00,LINK,1.1999999999999999e-05
2026-04-21 01:07:00,ASTER,1.1999999999999999e-05
2026-04-21 01:07:00,PROVE,5.999999999999999e-06
2026-04-21 01:07:00,TAO,1.1999999999999999e-05
2026-04-21 01:07:00,TIA,-1.4e-05
2026-04-21 01:07:00,UNI,1.1999999999999999e-05
2026-04-21 01:07:00,PYTH,4e-06
2026-04-21 01:07:00,YZY,1.1999999999999999e-05
2026-04-21 01:07:00,STABLE,-9.8e-05
2026-04-21 01:07:00,SKY,1.1999999999999999e-05
2026-04-21 01:07:00,CC,1.1999999999999999e-05
2026-04-21 01:07:00,RESOLV,1.1999999999999999e-05
2026-04-21 01:07:00,APEX,1.1999999999999999e-05
2026-04-21 01:07:00,TON,-3.8e-05
2026-04-21 01:07:00,JUP,5e-06
2026-04-21 01:07:00,SKR,1.4e-05
2026-04-21 01:07:00,MON,1.1999999999999999e-05
2026-04-21 01:07:00,VVV,1.1999999999999999e-05
2026-04-21 01:07:00,AVAX,1.1999999999999999e-05
2026-04-21 01:07:00,ZK,1.1999999999999999e-05
2026-04-21 01:07:00,TRUMP,8e-06
2026-04-21 01:07:00,SUI,1.1999999999999999e-05
2026-04-21 01:07:00,STRK,1.1999999999999999e-05
2026-04-21 01:07:00,ZRO,1.1999999999999999e-05
2026-04-21 01:07:00,DYDX,5.999999999999999e-06
2026-04-21 01:07:00,MEGA,1.1999999999999999e-05
2026-04-21 01:07:00,0G,1.1999999999999999e-05
2026-04-21 01:07:00,ETH,-1.1999999999999999e-05
2026-04-21 01:07:00,STBL,6.9e-05
2026-04-21 01:07:00,XRP,1.1999999999999999e-05
2026-04-21 01:07:00,WIF,5.999999999999999e-06
2026-04-21 01:07:00,AAVE,1.1999999999999999e-05
2026-04-21 01:07:00,BERA,1.1000000000000001e-05
2026-04-21 01:07:00,SOL,1.1999999999999999e-05
2026-04-21 01:07:00,MNT,1.1999999999999999e-05
2026-04-21 01:07:00,EIGEN,1.1999999999999999e-05
2026-04-21 02:07:01,PENDLE,1.1999999999999999e-05
2026-04-21 02:07:01,PUMP,-1.1999999999999999e-05
2026-04-21 02:07:01,TRUMP,0.0
2026-04-21 02:07:01,PROVE,-6.1000000000000005e-05
2026-04-21 02:07:01,POPCAT,1.1999999999999999e-05
2026-04-21 02:07:01,JUP,-2.6e-05
2026-04-21 02:07:01,DASH,7e-06
2026-04-21 02:07:01,UNI,1.1999999999999999e-05
2026-04-21 02:07:01,SEI,1.1999999999999999e-05
2026-04-21 02:07:01,FIL,1.1999999999999999e-05
2026-04-21 02:07:01,ZK,1.1999999999999999e-05
2026-04-21 02:07:01,CC,1.1999999999999999e-05
2026-04-21 02:07:01,AVAX,1.1999999999999999e-05
2026-04-21 02:07:01,ZRO,1.1999999999999999e-05
2026-04-21 02:07:01,PYTH,-4.7000000000000004e-05
2026-04-21 02:07:01,AZTEC,1.1999999999999999e-05
2026-04-21 02:07:01,2Z,-5.4000000000000005e-05
2026-04-21 02:07:01,MORPHO,-4.3e-05
2026-04-21 02:07:01,LINK,5e-06
2026-04-21 02:07:01,TRX,-4e-05
2026-04-21 02:07:01,EIGEN,0.0
2026-04-21 02:07:01,ICP,0.0
2026-04-21 02:07:01,ENA,1.1999999999999999e-05
2026-04-21 02:07:01,ETHFI,-5e-06
2026-04-21 02:07:01,GMX,1.1999999999999999e-05
2026-04-21 02:07:01,TIA,-2.1e-05
2026-04-21 02:07:01,BNB,1.1999999999999999e-05
2026-04-21 02:07:01,VVV,1.1999999999999999e-05
2026-04-21 02:07:01,MEGA,1.1999999999999999e-05
2026-04-21 02:07:01,WLD,-0.00017999999999999998
2026-04-21 02:07:01,OP,1.1999999999999999e-05
2026-04-21 02:07:01,APEX,1.1999999999999999e-05
2026-04-21 02:07:01,FOGO,-8.800000000000001e-05
2026-04-21 02:07:01,LDO,1.1999999999999999e-05
2026-04-21 02:07:01,DOGE,2e-06
2026-04-21 02:07:01,XPL,-6.7e-05
2026-04-21 02:07:01,STBL,1.1999999999999999e-05
2026-04-21 02:07:01,LINEA,-2.6e-05
2026-04-21 02:07:01,ASTER,1.1999999999999999e-05
2026-04-21 02:07:01,CRV,1.1999999999999999e-05
2026-04-21 02:07:01,WIF,9e-06
2026-04-21 02:07:01,0G,-5e-06
2026-04-21 02:07:01,SKY,1.1999999999999999e-05
2026-04-21 02:07:01,S,1.1999999999999999e-05
2026-04-21 02:07:01,WLFI,-8e-06
2026-04-21 02:07:01,MET,1.1999999999999999e-05
2026-04-21 02:07:01,PENGU,1.1999999999999999e-05
2026-04-21 02:07:01,BTC,2e-06
2026-04-21 02:07:01,SPX,-2.9999999999999997e-06
2026-04-21 02:07:01,XRP,1e-05
2026-04-21 02:07:01,TAO,1.1999999999999999e-05
2026-04-21 02:07:01,ARB,-8e-06
2026-04-21 02:07:01,TON,-5.9e-05
2026-04-21 02:07:01,AXS,1.1999999999999999e-05
2026-04-21 02:07:01,JTO,-5.1000000000000006e-05
2026-04-21 02:07:01,AERO,-0.00016
2026-04-21 02:07:01,BCH,-2e-06
2026-04-21 02:07:01,KAITO,-2.5e-05
2026-04-21 02:07:01,IP,-0.0006090000000000001
2026-04-21 02:07:01,AAVE,1.1999999999999999e-05
2026-04-21 02:07:01,RESOLV,8e-06
2026-04-21 02:07:01,SKR,1.1999999999999999e-05
2026-04-21 02:07:01,MNT,1.1999999999999999e-05
2026-04-21 02:07:01,XLM,1.1999999999999999e-05
2026-04-21 02:07:01,ADA,-9e-06
2026-04-21 02:07:01,VIRTUAL,7e-06
2026-04-21 02:07:01,GRASS,1.1999999999999999e-05
2026-04-21 02:07:01,DOT,7e-06
2026-04-21 02:07:01,ONDO,-3.7000000000000005e-05
2026-04-21 02:07:01,XMR,1.1999999999999999e-05
2026-04-21 02:07:01,PAXG,-2.8999999999999997e-05
2026-04-21 02:07:01,APT,1.1999999999999999e-05
2026-04-21 02:07:01,NEAR,2.9999999999999997e-06
2026-04-21 02:07:01,LTC,-8e-06
2026-04-21 02:07:01,ETH,-5e-06
2026-04-21 02:07:01,ZEC,-1e-05
2026-04-21 02:07:01,ZORA,1.1999999999999999e-05
2026-04-21 02:07:01,HBAR,1e-05
2026-04-21 02:07:01,MON,-4.7000000000000004e-05
2026-04-21 02:07:01,SUI,1.1999999999999999e-05
2026-04-21 02:07:01,STRK,1.1999999999999999e-05
2026-04-21 02:07:01,LIT,1.1999999999999999e-05
2026-04-21 02:07:01,AVNT,1.1999999999999999e-05
2026-04-21 02:07:01,HYPE,1.1999999999999999e-05
2026-04-21 02:07:01,FARTCOIN,1.1999999999999999e-05
2026-04-21 02:07:01,BERA,1.1999999999999999e-05
2026-04-21 02:07:01,SOL,1.1999999999999999e-05
2026-04-21 02:07:01,SYRUP,1.1999999999999999e-05
2026-04-21 02:07:01,YZY,1.1999999999999999e-05
2026-04-21 02:07:01,POL,-1.4e-05
2026-04-21 02:07:01,STABLE,-0.000105
2026-04-21 02:07:01,DYDX,1.1999999999999999e-05
2026-04-21 03:07:00,TRX,0.0
2026-04-21 03:07:00,DASH,-5.1000000000000006e-05
2026-04-21 03:07:00,AERO,-8.9e-05
2026-04-21 03:07:00,CRV,1.1999999999999999e-05
2026-04-21 03:07:00,MON,-1.3e-05
2026-04-21 03:07:00,UNI,1.1999999999999999e-05
2026-04-21 03:07:00,SKR,-3e-05
2026-04-21 03:07:00,BNB,1.1999999999999999e-05
2026-04-21 03:07:00,APT,1.1999999999999999e-05
2026-04-21 03:07:00,AXS,7e-06
2026-04-21 03:07:00,LDO,1.1999999999999999e-05
2026-04-21 03:07:00,SYRUP,1.1999999999999999e-05
2026-04-21 03:07:00,TON,-4.7000000000000004e-05
2026-04-21 03:07:00,AVNT,1.1999999999999999e-05
2026-04-21 03:07:00,ZK,1.1999999999999999e-05
2026-04-21 03:07:00,XPL,-6.1000000000000005e-05
2026-04-21 03:07:00,2Z,-1.8e-05
2026-04-21 03:07:00,XMR,4.4999999999999996e-05
2026-04-21 03:07:00,VIRTUAL,-1.3e-05
2026-04-21 03:07:00,SPX,0.0
2026-04-21 03:07:00,DOT,1.1999999999999999e-05
2026-04-21 03:07:00,GRASS,1.1999999999999999e-05
2026-04-21 03:07:00,SEI,1.1999999999999999e-05
2026-04-21 03:07:00,FOGO,-1.9e-05
2026-04-21 03:07:00,AZTEC,1.1999999999999999e-05
2026-04-21 03:07:00,POL,0.0
2026-04-21 03:07:00,CC,1.1999999999999999e-05
2026-04-21 03:07:00,ENA,1.1999999999999999e-05
2026-04-21 03:07:00,ICP,1.1000000000000001e-05
2026-04-21 03:07:00,STRK,1.1999999999999999e-05
2026-04-21 03:07:00,AAVE,1.1999999999999999e-05
2026-04-21 03:07:00,TRUMP,8e-06
2026-04-21 03:07:00,SUI,1.1999999999999999e-05
2026-04-21 03:07:00,HBAR,1.1999999999999999e-05
2026-04-21 03:07:00,ZEC,1.1999999999999999e-05
2026-04-21 03:07:00,MORPHO,-1.3e-05
2026-04-21 03:07:00,SKY,1.1999999999999999e-05
2026-04-21 03:07:00,ONDO,-1.9e-05
2026-04-21 03:07:00,PYTH,-1.5e-05
2026-04-21 03:07:00,OP,1.1999999999999999e-05
2026-04-21 03:07:00,LIT,1.1999999999999999e-05
2026-04-21 03:07:00,GMX,-2.3e-05
2026-04-21 03:07:00,ZORA,1.1999999999999999e-05
2026-04-21 03:07:00,WLFI,-2.3999999999999997e-05
2026-04-21 03:07:00,BERA,1.1999999999999999e-05
2026-04-21 03:07:00,VVV,1.1999999999999999e-05
2026-04-21 03:07:00,LINEA,-3e-05
2026-04-21 03:07:00,PENDLE,1.1999999999999999e-05
2026-04-21 03:07:00,SOL,1.1999999999999999e-05
2026-04-21 03:07:00,RESOLV,1.1999999999999999e-05
2026-04-21 03:07:00,LINK,1.1999999999999999e-05
2026-04-21 03:07:00,YZY,1.1999999999999999e-05
2026-04-21 03:07:00,0G,1.1999999999999999e-05
2026-04-21 03:07:00,STBL,1.1999999999999999e-05
2026-04-21 03:07:00,JUP,-1.6e-05
2026-04-21 03:07:00,WIF,1.1999999999999999e-05
2026-04-21 03:07:00,ADA,1.1000000000000001e-05
2026-04-21 03:07:00,XRP,1.1999999999999999e-05
2026-04-21 03:07:00,DOGE,1.1999999999999999e-05
2026-04-21 03:07:00,BCH,1e-05
2026-04-21 03:07:00,MEGA,1.1999999999999999e-05
2026-04-21 03:07:00,HYPE,1.1999999999999999e-05
2026-04-21 03:07:00,XLM,1.1999999999999999e-05
2026-04-21 03:07:00,DYDX,1e-05
2026-04-21 03:07:00,IP,-0.00041799999999999997
2026-04-21 03:07:00,AVAX,1.1999999999999999e-05
2026-04-21 03:07:00,ASTER,1.1999999999999999e-05
2026-04-21 03:07:00,MNT,1.1999999999999999e-05
2026-04-21 03:07:00,POPCAT,1.1999999999999999e-05
2026-04-21 03:07:00,ETH,2e-06
2026-04-21 03:07:00,TIA,1e-05
2026-04-21 03:07:00,ETHFI,1.1999999999999999e-05
2026-04-21 03:07:00,EIGEN,5e-06
2026-04-21 03:07:00,MET,1.1999999999999999e-05
2026-04-21 03:07:00,STABLE,-3.9e-05
2026-04-21 03:07:00,KAITO,-3.6e-05
2026-04-21 03:07:00,ARB,-2.9999999999999997e-06
2026-04-21 03:07:00,FARTCOIN,1.1999999999999999e-05
2026-04-21 03:07:00,APEX,1.1999999999999999e-05
2026-04-21 03:07:00,PUMP,1.1999999999999999e-05
2026-04-21 03:07:00,PENGU,1e-05
2026-04-21 03:07:00,PAXG,-5.999999999999999e-06
2026-04-21 03:07:00,ZRO,1.1999999999999999e-05
2026-04-21 03:07:00,JTO,-3.1e-05
2026-04-21 03:07:00,LTC,-9e-06
2026-04-21 03:07:00,PROVE,-5.7999999999999994e-05
2026-04-21 03:07:00,TAO,9e-06
2026-04-21 03:07:00,WLD,-0.000145
2026-04-21 03:07:00,S,-1.9e-05
2026-04-21 03:07:00,FIL,1.1999999999999999e-05
2026-04-21 03:07:00,NEAR,-2e-06
2026-04-21 03:07:00,BTC,8e-06
2026-04-21 04:07:00,VVV,1.1999999999999999e-05
2026-04-21 04:07:00,SKR,1.1999999999999999e-05
2026-04-21 04:07:00,SOL,1.1999999999999999e-05
2026-04-21 04:07:00,VIRTUAL,0.0
2026-04-21 04:07:00,STBL,2.2000000000000003e-05
2026-04-21 04:07:00,SPX,9e-06
2026-04-21 04:07:00,LTC,-2.3999999999999997e-05
2026-04-21 04:07:00,TRX,9e-06
2026-04-21 04:07:00,DOT,1.1999999999999999e-05
2026-04-21 04:07:00,SKY,1.1999999999999999e-05
2026-04-21 04:07:00,PENGU,2e-06
2026-04-21 04:07:00,SYRUP,1.1999999999999999e-05
2026-04-21 04:07:00,BTC,4e-06
2026-04-21 04:07:00,ZORA,1.1999999999999999e-05
2026-04-21 04:07:00,ARB,-4e-06
2026-04-21 04:07:00,JUP,7e-06
2026-04-21 04:07:00,ETH,-1.1999999999999999e-05
2026-04-21 04:07:00,PUMP,-5.999999999999999e-06
2026-04-21 04:07:00,OP,1.1999999999999999e-05
2026-04-21 04:07:00,MET,1.1999999999999999e-05
2026-04-21 04:07:00,SUI,8e-06
2026-04-21 04:07:00,WIF,4e-06
2026-04-21 04:07:00,UNI,1.1999999999999999e-05
2026-04-21 04:07:00,EIGEN,-1.5e-05
2026-04-21 04:07:00,AVNT,1.1999999999999999e-05
2026-04-21 04:07:00,STABLE,5.999999999999999e-06
2026-04-21 04:07:00,LIT,1.1999999999999999e-05
2026-04-21 04:07:00,BNB,1.1999999999999999e-05
2026-04-21 04:07:00,APT,-1.5e-05
2026-04-21 04:07:00,MORPHO,-4.4999999999999996e-05
2026-04-21 04:07:00,TIA,1.1999999999999999e-05
2026-04-21 04:07:00,ETHFI,1.1999999999999999e-05
2026-04-21 04:07:00,ZEC,1.1999999999999999e-05
2026-04-21 04:07:00,TAO,-4e-06
2026-04-21 04:07:00,LDO,1.1999999999999999e-05
2026-04-21 04:07:00,KAITO,-5.2e-05
2026-04-21 04:07:00,WLFI,8e-06
2026-04-21 04:07:00,ADA,-2.9999999999999997e-06
2026-04-21 04:07:00,BERA,1.1999999999999999e-05
2026-04-21 04:07:00,XMR,6.8e-05
2026-04-21 04:07:00,ASTER,1.1999999999999999e-05
2026-04-21 04:07:00,FARTCOIN,1.1999999999999999e-05
2026-04-21 04:07:00,DYDX,-2e-05
2026-04-21 04:07:00,STRK,1.1999999999999999e-05
2026-04-21 04:07:00,HYPE,1.1999999999999999e-05
2026-04-21 04:07:00,TRUMP,1.1999999999999999e-05
2026-04-21 04:07:00,AZTEC,1.1999999999999999e-05
2026-04-21 04:07:00,GMX,1.1999999999999999e-05
2026-04-21 04:07:00,MEGA,1.1999999999999999e-05
2026-04-21 04:07:00,XRP,9e-06
2026-04-21 04:07:00,0G,-5.999999999999999e-06
2026-04-21 04:07:00,BCH,-1e-06
2026-04-21 04:07:00,FIL,-5e-06
2026-04-21 04:07:00,MNT,1.1999999999999999e-05
2026-04-21 04:07:00,XPL,-1.7e-05
2026-04-21 04:07:00,ZRO,1.1999999999999999e-05
2026-04-21 04:07:00,JTO,-3.5000000000000004e-05
2026-04-21 04:07:00,RESOLV,1.1999999999999999e-05
2026-04-21 04:07:00,APEX,1.1999999999999999e-05
2026-04-21 04:07:00,PYTH,-3.6e-05
2026-04-21 04:07:00,PENDLE,1.1999999999999999e-05
2026-04-21 04:07:00,XLM,1.1999999999999999e-05
2026-04-21 04:07:00,S,1e-05
2026-04-21 04:07:00,YZY,-0.000226
2026-04-21 04:07:00,POPCAT,1.1999999999999999e-05
2026-04-21 04:07:00,DASH,-3.9e-05
2026-04-21 04:07:00,HBAR,1.1999999999999999e-05
2026-04-21 04:07:00,ZK,1.1999999999999999e-05
2026-04-21 04:07:00,SEI,1.1999999999999999e-05
2026-04-21 04:07:00,POL,1e-05
2026-04-21 04:07:00,ENA,1.1999999999999999e-05
2026-04-21 04:07:00,FOGO,-6.3e-05
2026-04-21 04:07:00,WLD,-0.000131
2026-04-21 04:07:00,LINK,1.1999999999999999e-05
2026-04-21 04:07:00,ICP,7e-06
2026-04-21 04:07:00,AVAX,1.1999999999999999e-05
2026-04-21 04:07:00,AERO,-0.000171
2026-04-21 04:07:00,DOGE,1.1999999999999999e-05
2026-04-21 04:07:00,CC,1.1999999999999999e-05
2026-04-21 04:07:00,2Z,-2e-06
2026-04-21 04:07:00,NEAR,-1e-05
2026-04-21 04:07:00,IP,-0.00030700000000000004
2026-04-21 04:07:00,LINEA,-1.6e-05
2026-04-21 04:07:00,GRASS,1.1999999999999999e-05
2026-04-21 04:07:00,MON,1.1999999999999999e-05
2026-04-21 04:07:00,TON,-8e-05
2026-04-21 04:07:00,CRV,1.1999999999999999e-05
2026-04-21 04:07:00,ONDO,-2.3e-05
2026-04-21 04:07:00,PROVE,-7.000000000000001e-05
2026-04-21 04:07:00,PAXG,-1.6e-05
2026-04-21 04:07:00,AAVE,1.1999999999999999e-05
2026-04-21 04:07:00,AXS,-3.4e-05
2026-04-21 05:07:01,PENGU,1e-05
2026-04-21 05:07:01,SUI,9e-06
2026-04-21 05:07:01,TON,-7.000000000000001e-05
2026-04-21 05:07:01,SPX,2e-06
2026-04-21 05:07:01,BNB,1.1999999999999999e-05
2026-04-21 05:07:01,XRP,1.1999999999999999e-05
2026-04-21 05:07:01,ICP,1e-05
2026-04-21 05:07:01,BERA,1.1999999999999999e-05
2026-04-21 05:07:01,BCH,1.1000000000000001e-05
2026-04-21 05:07:01,JUP,4e-06
2026-04-21 05:07:01,XPL,-5e-06
2026-04-21 05:07:01,STBL,1.1999999999999999e-05
2026-04-21 05:07:01,PENDLE,1.1999999999999999e-05
2026-04-21 05:07:01,FOGO,-3.9e-05
2026-04-21 05:07:01,EIGEN,1e-05
2026-04-21 05:07:01,PROVE,1e-05
2026-04-21 05:07:01,ZORA,7e-06
2026-04-21 05:07:01,APT,9e-06
2026-04-21 05:07:01,ETH,-1.4e-05
2026-04-21 05:07:01,AVNT,1.1999999999999999e-05
2026-04-21 05:07:01,AVAX,1.1999999999999999e-05
2026-04-21 05:07:01,TIA,1.1999999999999999e-05
2026-04-21 05:07:01,XLM,1.1999999999999999e-05
2026-04-21 05:07:01,TAO,-2e-06
2026-04-21 05:07:01,TRUMP,1.1999999999999999e-05
2026-04-21 05:07:01,ETHFI,1.1999999999999999e-05
2026-04-21 05:07:01,MON,-3.6e-05
2026-04-21 05:07:01,JTO,-2.7000000000000002e-05
2026-04-21 05:07:01,FARTCOIN,1.1999999999999999e-05
2026-04-21 05:07:01,FIL,1.1000000000000001e-05
2026-04-21 05:07:01,SKY,1.1999999999999999e-05
2026-04-21 05:07:01,STABLE,-2.2000000000000003e-05
2026-04-21 05:07:01,LINK,1.1999999999999999e-05
2026-04-21 05:07:01,YZY,-5.4999999999999995e-05
2026-04-21 05:07:01,ONDO,0.0
2026-04-21 05:07:01,ARB,-3.4e-05
2026-04-21 05:07:01,SKR,1.1000000000000001e-05
2026-04-21 05:07:01,NEAR,-9e-06
2026-04-21 05:07:01,SOL,1.1999999999999999e-05
2026-04-21 05:07:01,0G,1e-06
2026-04-21 05:07:01,ZEC,1.1999999999999999e-05
2026-04-21 05:07:01,UNI,1.1999999999999999e-05
2026-04-21 05:07:01,GMX,1.1999999999999999e-05
2026-04-21 05:07:01,ZRO,1.1999999999999999e-05
2026-04-21 05:07:01,TRX,1.1000000000000001e-05
2026-04-21 05:07:01,MEGA,1.1999999999999999e-05
2026-04-21 05:07:01,S,1.1999999999999999e-05
2026-04-21 05:07:01,AERO,-5.9e-05
2026-04-21 05:07:01,ADA,1.1999999999999999e-05
2026-04-21 05:07:01,POPCAT,1.1999999999999999e-05
2026-04-21 05:07:01,LDO,1.1999999999999999e-05
2026-04-21 05:07:01,CRV,1.1999999999999999e-05
2026-04-21 05:07:01,AZTEC,1.1999999999999999e-05
2026-04-21 05:07:01,XMR,6.1000000000000005e-05
2026-04-21 05:07:01,ZK,1.1999999999999999e-05
2026-04-21 05:07:01,LTC,5e-06
2026-04-21 05:07:01,DYDX,9e-06
2026-04-21 05:07:01,RESOLV,1.1999999999999999e-05
2026-04-21 05:07:01,PAXG,-3e-05
2026-04-21 05:07:01,MNT,1.1999999999999999e-05
2026-04-21 05:07:01,PYTH,-1.1000000000000001e-05
2026-04-21 05:07:01,ENA,1.1999999999999999e-05
2026-04-21 05:07:01,DOGE,2e-06
2026-04-21 05:07:01,BTC,-7e-06
2026-04-21 05:07:01,MORPHO,-4e-06
2026-04-21 05:07:01,MET,1.1999999999999999e-05
2026-04-21 05:07:01,WLFI,1e-06
2026-04-21 05:07:01,OP,1.1999999999999999e-05
2026-04-21 05:07:01,SYRUP,1.1999999999999999e-05
2026-04-21 05:07:01,STRK,1.1999999999999999e-05
2026-04-21 05:07:01,DOT,1.1999999999999999e-05
2026-04-21 05:07:01,LIT,1.1999999999999999e-05
2026-04-21 05:07:01,HYPE,1.1999999999999999e-05
2026-04-21 05:07:01,CC,1.1999999999999999e-05
2026-04-21 05:07:01,HBAR,1.1999999999999999e-05
2026-04-21 05:07:01,DASH,1e-05
2026-04-21 05:07:01,POL,4e-06
2026-04-21 05:07:01,VVV,1.1999999999999999e-05
2026-04-21 05:07:01,2Z,1.1999999999999999e-05
2026-04-21 05:07:01,ASTER,1.1999999999999999e-05
2026-04-21 05:07:01,IP,-0.000182
2026-04-21 05:07:01,KAITO,-2.6e-05
2026-04-21 05:07:01,WLD,-9.599999999999999e-05
2026-04-21 05:07:01,GRASS,1.1999999999999999e-05
2026-04-21 05:07:01,APEX,1.1999999999999999e-05
2026-04-21 05:07:01,VIRTUAL,1.1000000000000001e-05
2026-04-21 05:07:01,AAVE,1.1999999999999999e-05
2026-04-21 05:07:01,WIF,1.1000000000000001e-05
2026-04-21 05:07:01,AXS,-2.3999999999999997e-05
2026-04-21 05:07:01,SEI,1.1999999999999999e-05
2026-04-21 05:07:01,PUMP,1.1999999999999999e-05
2026-04-21 05:07:01,LINEA,8e-06
2026-04-21 06:07:00,DOGE,1.1000000000000001e-05
2026-04-21 06:07:00,AVAX,1.1999999999999999e-05
2026-04-21 06:07:00,2Z,-8e-06
2026-04-21 06:07:00,SUI,1e-06
2026-04-21 06:07:00,PYTH,-7e-06
2026-04-21 06:07:00,MNT,1.1999999999999999e-05
2026-04-21 06:07:00,STBL,7.900000000000001e-05
2026-04-21 06:07:00,UNI,1.1999999999999999e-05
2026-04-21 06:07:00,ADA,1.1999999999999999e-05
2026-04-21 06:07:00,SKR,1.1999999999999999e-05
2026-04-21 06:07:00,OP,8e-06
2026-04-21 06:07:00,XMR,4.1e-05
2026-04-21 06:07:00,WIF,-1.6e-05
2026-04-21 06:07:00,JTO,-1.4e-05
2026-04-21 06:07:00,APT,1.1999999999999999e-05
2026-04-21 06:07:00,GRASS,1.1999999999999999e-05
2026-04-21 06:07:00,LIT,1.1999999999999999e-05
2026-04-21 06:07:00,EIGEN,-8e-06
2026-04-21 06:07:00,ZORA,1.1999999999999999e-05
2026-04-21 06:07:00,S,1.1999999999999999e-05
2026-04-21 06:07:00,PUMP,-2.9999999999999997e-06
2026-04-21 06:07:00,WLFI,-2.6e-05
2026-04-21 06:07:00,IP,-0.000214
2026-04-21 06:07:00,0G,-1.1000000000000001e-05
2026-04-21 06:07:00,TRUMP,1.1999999999999999e-05
2026-04-21 06:07:00,FARTCOIN,1.1999999999999999e-05
2026-04-21 06:07:00,LINEA,-3.3e-05
2026-04-21 06:07:00,NEAR,-9e-06
2026-04-21 06:07:00,STABLE,1.1000000000000001e-05
2026-04-21 06:07:00,YZY,-0.000147
2026-04-21 06:07:00,DASH,-1e-06
2026-04-21 06:07:00,ETHFI,1.1999999999999999e-05
2026-04-21 06:07:00,HYPE,1.1999999999999999e-05
2026-04-21 06:07:00,ZEC,1.1999999999999999e-05
2026-04-21 06:07:00,PAXG,-3.5000000000000004e-05
2026-04-21 06:07:00,JUP,-5e-06
2026-04-21 06:07:00,WLD,-0.00013299999999999998
2026-04-21 06:07:00,TRX,-2.1e-05
2026-04-21 06:07:00,AERO,-0.000137
2026-04-21 06:07:00,LDO,1.1999999999999999e-05
2026-04-21 06:07:00,LINK,1.1999999999999999e-05
2026-04-21 06:07:00,MORPHO,-8e-06
2026-04-21 06:07:00,XPL,-2.3e-05
2026-04-21 06:07:00,STRK,1.1999999999999999e-05
2026-04-21 06:07:00,ASTER,1.1999999999999999e-05
2026-04-21 06:07:00,ARB,-3.7000000000000005e-05
2026-04-21 06:07:00,XLM,1.1999999999999999e-05
2026-04-21 06:07:00,BCH,5e-06
2026-04-21 06:07:00,TAO,-5e-06
2026-04-21 06:07:00,SPX,-3.3e-05
2026-04-21 06:07:00,SOL,1.1999999999999999e-05
2026-04-21 06:07:00,AXS,4e-06
2026-04-21 06:07:00,HBAR,9e-06
2026-04-21 06:07:00,MET,1.1999999999999999e-05
2026-04-21 06:07:00,AZTEC,1.3e-05
2026-04-21 06:07:00,DYDX,-8e-06
2026-04-21 06:07:00,CC,1.1999999999999999e-05
2026-04-21 06:07:00,CRV,1.1999999999999999e-05
2026-04-21 06:07:00,APEX,1.1999999999999999e-05
2026-04-21 06:07:00,MON,-2.1e-05
2026-04-21 06:07:00,AVNT,1.1999999999999999e-05
2026-04-21 06:07:00,KAITO,-1.8e-05
2026-04-21 06:07:00,RESOLV,1.1999999999999999e-05
2026-04-21 06:07:00,AAVE,1.1999999999999999e-05
2026-04-21 06:07:00,TIA,2e-06
2026-04-21 06:07:00,DOT,-2.9999999999999997e-06
2026-04-21 06:07:00,ENA,1.1999999999999999e-05
2026-04-21 06:07:00,PENDLE,1.1999999999999999e-05
2026-04-21 06:07:00,LTC,-1.8e-05
2026-04-21 06:07:00,BERA,-2.2000000000000003e-05
2026-04-21 06:07:00,BTC,1e-06
2026-04-21 06:07:00,FIL,-1e-06
2026-04-21 06:07:00,TON,-5.7999999999999994e-05
2026-04-21 06:07:00,SKY,1.1999999999999999e-05
2026-04-21 06:07:00,ICP,-1.9e-05
2026-04-21 06:07:00,ONDO,-4.1e-05
2026-04-21 06:07:00,ZRO,1.1999999999999999e-05
2026-04-21 06:07:00,VVV,1.1999999999999999e-05
2026-04-21 06:07:00,POPCAT,1.1999999999999999e-05
2026-04-21 06:07:00,PROVE,1.1999999999999999e-05
2026-04-21 06:07:00,XRP,7e-06
2026-04-21 06:07:00,VIRTUAL,-2e-05
2026-04-21 06:07:00,FOGO,-3.7000000000000005e-05
2026-04-21 06:07:00,MEGA,1.1999999999999999e-05
2026-04-21 06:07:00,GMX,-8e-06
2026-04-21 06:07:00,ZK,1.1999999999999999e-05
2026-04-21 06:07:00,SYRUP,1.1999999999999999e-05
2026-04-21 06:07:00,PENGU,1.1999999999999999e-05
2026-04-21 06:07:00,ETH,-4e-06
2026-04-21 06:07:00,POL,0.0
2026-04-21 06:07:00,SEI,1.1999999999999999e-05
2026-04-21 06:07:00,BNB,1.1999999999999999e-05
2026-04-21 07:07:01,UNI,1.1999999999999999e-05
2026-04-21 07:07:01,ZK,1.1999999999999999e-05
2026-04-21 07:07:01,YZY,-3.2e-05
2026-04-21 07:07:01,FIL,-2.3e-05
2026-04-21 07:07:01,2Z,-2.7000000000000002e-05
2026-04-21 07:07:01,ZEC,1.1999999999999999e-05
2026-04-21 07:07:01,S,1.1999999999999999e-05
2026-04-21 07:07:01,LDO,1.1999999999999999e-05
2026-04-21 07:07:01,DOGE,1.1999999999999999e-05
2026-04-21 07:07:01,DASH,5.999999999999999e-06
2026-04-21 07:07:01,MEGA,1.1999999999999999e-05
2026-04-21 07:07:01,ASTER,1.1999999999999999e-05
2026-04-21 07:07:01,ADA,1.1999999999999999e-05
2026-04-21 07:07:01,PROVE,-1e-05
2026-04-21 07:07:01,ICP,-8e-06
2026-04-21 07:07:01,BERA,-2.2000000000000003e-05
2026-04-21 07:07:01,STRK,1.1999999999999999e-05
2026-04-21 07:07:01,PAXG,-2.3e-05
2026-04-21 07:07:01,AVAX,1.1999999999999999e-05
2026-04-21 07:07:01,CRV,1.1999999999999999e-05
2026-04-21 07:07:01,SKY,1.1999999999999999e-05
2026-04-21 07:07:01,POL,5e-06
2026-04-21 07:07:01,ZORA,1.1999999999999999e-05
2026-04-21 07:07:01,MORPHO,1e-05
2026-04-21 07:07:01,SOL,1.1999999999999999e-05
2026-04-21 07:07:01,ZRO,1.1999999999999999e-05
2026-04-21 07:07:01,ONDO,-2.5e-05
2026-04-21 07:07:01,GRASS,1.1999999999999999e-05
2026-04-21 07:07:01,AXS,-1.8e-05
2026-04-21 07:07:01,STABLE,1.1000000000000001e-05
2026-04-21 07:07:01,DYDX,1e-05
2026-04-21 07:07:01,PYTH,-4e-06
2026-04-21 07:07:01,SYRUP,1.1999999999999999e-05
2026-04-21 07:07:01,DOT,4e-06
2026-04-21 07:07:01,AZTEC,1.1999999999999999e-05
2026-04-21 07:07:01,JUP,1e-05
2026-04-21 07:07:01,APT,1.1999999999999999e-05
2026-04-21 07:07:01,KAITO,-1.6e-05
2026-04-21 07:07:01,EIGEN,9e-06
2026-04-21 07:07:01,XPL,1.1000000000000001e-05
2026-04-21 07:07:01,PENGU,1.1999999999999999e-05
2026-04-21 07:07:01,SKR,-1.5e-05
2026-04-21 07:07:01,LINK,1.1999999999999999e-05
2026-04-21 07:07:01,MET,1.1999999999999999e-05
2026-04-21 07:07:01,SEI,8e-06
2026-04-21 07:07:01,SPX,-6.5e-05
2026-04-21 07:07:01,AERO,-9.599999999999999e-05
2026-04-21 07:07:01,NEAR,-5e-06
2026-04-21 07:07:01,ETH,-9e-06
2026-04-21 07:07:01,GMX,2e-06
2026-04-21 07:07:01,SUI,1e-05
2026-04-21 07:07:01,FOGO,-5.999999999999999e-06
2026-04-21 07:07:01,VVV,1.1999999999999999e-05
2026-04-21 07:07:01,PUMP,1.1999999999999999e-05
2026-04-21 07:07:01,JTO,-2.3e-05
2026-04-21 07:07:01,0G,-3.5000000000000004e-05
2026-04-21 07:07:01,TIA,-2.3e-05
2026-04-21 07:07:01,IP,-0.00017500000000000003
2026-04-21 07:07:01,MON,-2.3999999999999997e-05
2026-04-21 07:07:01,POPCAT,1.1999999999999999e-05
2026-04-21 07:07:01,BCH,-1e-06
2026-04-21 07:07:01,XLM,1.1999999999999999e-05
2026-04-21 07:07:01,LIT,1.1999999999999999e-05
2026-04-21 07:07:01,ARB,-2.3999999999999997e-05
2026-04-21 07:07:01,APEX,1.1999999999999999e-05
2026-04-21 07:07:01,LTC,-8e-06
2026-04-21 07:07:01,CC,1e-05
2026-04-21 07:07:01,TRX,1.1999999999999999e-05
2026-04-21 07:07:01,HBAR,1.1999999999999999e-05
2026-04-21 07:07:01,XMR,0.000135
2026-04-21 07:07:01,WLD,-0.000147
2026-04-21 07:07:01,XRP,1.1999999999999999e-05
2026-04-21 07:07:01,WLFI,-1e-05
2026-04-21 07:07:01,BTC,4e-06
2026-04-21 07:07:01,LINEA,-2e-05
2026-04-21 07:07:01,WIF,-5.999999999999999e-06
2026-04-21 07:07:01,TON,-7.000000000000001e-05
2026-04-21 07:07:01,VIRTUAL,-1.7e-05
2026-04-21 07:07:01,STBL,4.4000000000000006e-05
2026-04-21 07:07:01,AAVE,1.1999999999999999e-05
2026-04-21 07:07:01,ETHFI,1.1999999999999999e-05
2026-04-21 07:07:01,RESOLV,1.1999999999999999e-05
2026-04-21 07:07:01,AVNT,1.1999999999999999e-05
2026-04-21 07:07:01,TAO,-8e-06
2026-04-21 07:07:01,OP,1.1999999999999999e-05
2026-04-21 07:07:01,FARTCOIN,1.1999999999999999e-05
2026-04-21 07:07:01,TRUMP,1.1999999999999999e-05
2026-04-21 07:07:01,PENDLE,1.1999999999999999e-05
2026-04-21 07:07:01,HYPE,1.1999999999999999e-05
2026-04-21 07:07:01,BNB,1.1999999999999999e-05
2026-04-21 07:07:01,ENA,2e-06
2026-04-21 07:07:01,MNT,1.1999999999999999e-05
2026-04-21 08:07:01,ARB,-2.7000000000000002e-05
2026-04-21 08:07:01,ONDO,-3.5000000000000004e-05
2026-04-21 08:07:01,EIGEN,9e-06
2026-04-21 08:07:01,ZRO,1.1999999999999999e-05
2026-04-21 08:07:01,APEX,1.1999999999999999e-05
2026-04-21 08:07:01,LTC,9e-06
2026-04-21 08:07:01,NEAR,5e-06
2026-04-21 08:07:01,DOGE,1.1999999999999999e-05
2026-04-21 08:07:01,LDO,1.1999999999999999e-05
2026-04-21 08:07:01,KAITO,-5.999999999999999e-06
2026-04-21 08:07:01,ZK,1.1999999999999999e-05
2026-04-21 08:07:01,FIL,-1.7e-05
2026-04-21 08:07:01,PYTH,5.999999999999999e-06
2026-04-21 08:07:01,S,0.0
2026-04-21 08:07:01,DASH,-2e-06
2026-04-21 08:07:01,XMR,0.000115
2026-04-21 08:07:01,AXS,-3.4e-05
2026-04-21 08:07:01,MON,5e-06
2026-04-21 08:07:01,PENGU,1.1999999999999999e-05
2026-04-21 08:07:01,SKY,1.1999999999999999e-05
2026-04-21 08:07:01,2Z,7e-06
2026-04-21 08:07:01,VVV,1.1999999999999999e-05
2026-04-21 08:07:01,IP,-0.000119
2026-04-21 08:07:01,XRP,1.1000000000000001e-05
2026-04-21 08:07:01,WIF,-2.6e-05
2026-04-21 08:07:01,AAVE,1.1999999999999999e-05
2026-04-21 08:07:01,ZEC,1.1999999999999999e-05
2026-04-21 08:07:01,SEI,1.1999999999999999e-05
2026-04-21 08:07:01,SKR,1.1999999999999999e-05
2026-04-21 08:07:01,MET,1.1999999999999999e-05
2026-04-21 08:07:01,BNB,1.1999999999999999e-05
2026-04-21 08:07:01,POL,1.1999999999999999e-05
2026-04-21 08:07:01,SYRUP,1.1999999999999999e-05
2026-04-21 08:07:01,TIA,-1.6e-05
2026-04-21 08:07:01,CRV,1.1999999999999999e-05
2026-04-21 08:07:01,ADA,1.1999999999999999e-05
2026-04-21 08:07:01,AZTEC,1.1999999999999999e-05
2026-04-21 08:07:01,HYPE,1.1999999999999999e-05
2026-04-21 08:07:01,AVAX,1.1999999999999999e-05
2026-04-21 08:07:01,BCH,1.1999999999999999e-05
2026-04-21 08:07:01,LINK,1.1999999999999999e-05
2026-04-21 08:07:01,PUMP,4e-06
2026-04-21 08:07:01,CC,1.1999999999999999e-05
2026-04-21 08:07:01,TRX,8e-06
2026-04-21 08:07:01,MORPHO,-1.7e-05
2026-04-21 08:07:01,VIRTUAL,-1.5e-05
2026-04-21 08:07:01,DOT,1.1999999999999999e-05
2026-04-21 08:07:01,MNT,1.1999999999999999e-05
2026-04-21 08:07:01,WLD,-0.000139
2026-04-21 08:07:01,POPCAT,1.1999999999999999e-05
2026-04-21 08:07:01,0G,9e-06
2026-04-21 08:07:01,APT,1.1999999999999999e-05
2026-04-21 08:07:01,JUP,0.0
2026-04-21 08:07:01,TRUMP,1.1999999999999999e-05
2026-04-21 08:07:01,LIT,1.1999999999999999e-05
2026-04-21 08:07:01,OP,1.1999999999999999e-05
2026-04-21 08:07:01,PROVE,-4.9e-05
2026-04-21 08:07:01,AVNT,1.1999999999999999e-05
2026-04-21 08:07:01,PAXG,-1.1000000000000001e-05
2026-04-21 08:07:01,RESOLV,1.1999999999999999e-05
2026-04-21 08:07:01,JTO,-1.8e-05
2026-04-21 08:07:01,STABLE,-2.7000000000000002e-05
2026-04-21 08:07:01,YZY,-0.000173
2026-04-21 08:07:01,ZORA,1.1999999999999999e-05
2026-04-21 08:07:01,LINEA,-1e-06
2026-04-21 08:07:01,SPX,5.999999999999999e-06
2026-04-21 08:07:01,ETH,-1.7e-05
2026-04-21 08:07:01,WLFI,1.1999999999999999e-05
2026-04-21 08:07:01,PENDLE,1e-05
2026-04-21 08:07:01,XPL,-1.3e-05
2026-04-21 08:07:01,UNI,1.1999999999999999e-05
2026-04-21 08:07:01,AERO,-7.900000000000001e-05
2026-04-21 08:07:01,SOL,1.1999999999999999e-05
2026-04-21 08:07:01,STBL,1.7e-05
2026-04-21 08:07:01,BERA,9e-06
2026-04-21 08:07:01,ASTER,1.1999999999999999e-05
2026-04-21 08:07:01,DYDX,-1.8e-05
2026-04-21 08:07:01,FARTCOIN,1.1999999999999999e-05
2026-04-21 08:07:01,BTC,4e-06
2026-04-21 08:07:01,GRASS,1.1999999999999999e-05
2026-04-21 08:07:01,ETHFI,1.1999999999999999e-05
2026-04-21 08:07:01,TAO,1.1999999999999999e-05
2026-04-21 08:07:01,SUI,1e-05
2026-04-21 08:07:01,ENA,1.1999999999999999e-05
2026-04-21 08:07:01,ICP,-4.4999999999999996e-05
2026-04-21 08:07:01,XLM,1.1999999999999999e-05
2026-04-21 08:07:01,TON,-3.1e-05
2026-04-21 08:07:01,STRK,1.1999999999999999e-05
2026-04-21 08:07:01,FOGO,-2e-05
2026-04-21 08:07:01,GMX,1e-05
2026-04-21 08:07:01,HBAR,1.1999999999999999e-05
2026-04-21 08:07:01,MEGA,1.1999999999999999e-05
2026-04-21 09:07:00,TIA,-2.1e-05
2026-04-21 09:07:00,SEI,1.1999999999999999e-05
2026-04-21 09:07:00,SYRUP,1.1999999999999999e-05
2026-04-21 09:07:00,TON,-4e-05
2026-04-21 09:07:00,SKY,1.1999999999999999e-05
2026-04-21 09:07:00,PROVE,1e-05
2026-04-21 09:07:00,LINK,1.1999999999999999e-05
2026-04-21 09:07:00,BERA,0.0
2026-04-21 09:07:00,AAVE,7e-06
2026-04-21 09:07:00,FIL,-1.7e-05
2026-04-21 09:07:00,KAITO,1.1999999999999999e-05
2026-04-21 09:07:00,ETHFI,1.1999999999999999e-05
2026-04-21 09:07:00,STBL,1.1999999999999999e-05
2026-04-21 09:07:00,TRUMP,1.1999999999999999e-05
2026-04-21 09:07:00,LDO,1.1999999999999999e-05
2026-04-21 09:07:00,JTO,1.1000000000000001e-05
2026-04-21 09:07:00,POL,1.1999999999999999e-05
2026-04-21 09:07:00,NEAR,1.1999999999999999e-05
2026-04-21 09:07:00,HYPE,1.1999999999999999e-05
2026-04-21 09:07:00,DYDX,-1.7e-05
2026-04-21 09:07:00,APEX,1.1999999999999999e-05
2026-04-21 09:07:00,APT,1.1999999999999999e-05
2026-04-21 09:07:00,VVV,1.1999999999999999e-05
2026-04-21 09:07:00,LTC,-8e-06
2026-04-21 09:07:00,AVNT,1.1999999999999999e-05
2026-04-21 09:07:00,STRK,1.1999999999999999e-05
2026-04-21 09:07:00,SKR,-0.000107
2026-04-21 09:07:00,XRP,5e-06
2026-04-21 09:07:00,AVAX,1.1999999999999999e-05
2026-04-21 09:07:00,UNI,1.1000000000000001e-05
2026-04-21 09:07:00,AERO,-0.00015900000000000002
2026-04-21 09:07:00,AZTEC,1.3e-05
2026-04-21 09:07:00,PENGU,1.1999999999999999e-05
2026-04-21 09:07:00,ZRO,1.1999999999999999e-05
2026-04-21 09:07:00,FOGO,-3.8e-05
2026-04-21 09:07:00,2Z,1.1999999999999999e-05
2026-04-21 09:07:00,ETH,2.9999999999999997e-06
2026-04-21 09:07:00,DASH,-1.8e-05
2026-04-21 09:07:00,ARB,-5.4999999999999995e-05
2026-04-21 09:07:00,CC,1.1999999999999999e-05
2026-04-21 09:07:00,WLFI,1.1999999999999999e-05
2026-04-21 09:07:00,XPL,-1.7e-05
2026-04-21 09:07:00,RESOLV,1.1999999999999999e-05
2026-04-21 09:07:00,PYTH,-2.9999999999999997e-06
2026-04-21 09:07:00,WLD,-0.00018700000000000002
2026-04-21 09:07:00,MNT,1.1999999999999999e-05
2026-04-21 09:07:00,SPX,5.999999999999999e-06
2026-04-21 09:07:00,XLM,6.1000000000000005e-05
2026-04-21 09:07:00,BTC,1e-06
2026-04-21 09:07:00,LIT,1.1999999999999999e-05
2026-04-21 09:07:00,MEGA,1.1999999999999999e-05
2026-04-21 09:07:00,CRV,1.1999999999999999e-05
2026-04-21 09:07:00,ADA,1.1999999999999999e-05
2026-04-21 09:07:00,GMX,1.1999999999999999e-05
2026-04-21 09:07:00,ASTER,7e-06
2026-04-21 09:07:00,OP,1e-06
2026-04-21 09:07:00,BCH,1.1000000000000001e-05
2026-04-21 09:07:00,PENDLE,1.1999999999999999e-05
2026-04-21 09:07:00,ZEC,-7e-06
2026-04-21 09:07:00,YZY,-0.0005059999999999999
2026-04-21 09:07:00,MORPHO,1.1999999999999999e-05
2026-04-21 09:07:00,TRX,-2.5e-05
2026-04-21 09:07:00,DOT,1.1999999999999999e-05
2026-04-21 09:07:00,SUI,1.1999999999999999e-05
2026-04-21 09:07:00,S,9e-06
2026-04-21 09:07:00,PAXG,-3.7000000000000005e-05
2026-04-21 09:07:00,DOGE,1.1999999999999999e-05
2026-04-21 09:07:00,WIF,-1.6e-05
2026-04-21 09:07:00,MET,1.1999999999999999e-05
2026-04-21 09:07:00,JUP,1e-05
2026-04-21 09:07:00,GRASS,1.1999999999999999e-05
2026-04-21 09:07:00,FARTCOIN,1.1999999999999999e-05
2026-04-21 09:07:00,PUMP,-2e-06
2026-04-21 09:07:00,ZK,1.1999999999999999e-05
2026-04-21 09:07:00,SOL,1.1999999999999999e-05
2026-04-21 09:07:00,ONDO,-3.9e-05
2026-04-21 09:07:00,XMR,8.099999999999999e-05
2026-04-21 09:07:00,HBAR,1.1999999999999999e-05
2026-04-21 09:07:00,ZORA,1.1999999999999999e-05
2026-04-21 09:07:00,0G,1e-05
2026-04-21 09:07:00,BNB,-7e-06
2026-04-21 09:07:00,EIGEN,-2.8999999999999997e-05
2026-04-21 09:07:00,IP,-0.000121
2026-04-21 09:07:00,LINEA,1.1000000000000001e-05
2026-04-21 09:07:00,VIRTUAL,-4.4000000000000006e-05
2026-04-21 09:07:00,STABLE,1e-05
2026-04-21 09:07:00,MON,1.1999999999999999e-05
2026-04-21 09:07:00,TAO,5.999999999999999e-06
2026-04-21 09:07:00,AXS,-2.1e-05
2026-04-21 09:07:00,ENA,1.1000000000000001e-05
2026-04-21 09:07:00,POPCAT,1.1999999999999999e-05
2026-04-21 09:07:00,ICP,-6.5e-05
2026-04-21 10:07:00,DYDX,8e-06
2026-04-21 10:07:00,ASTER,1.1000000000000001e-05
2026-04-21 10:07:00,AAVE,1.1999999999999999e-05
2026-04-21 10:07:00,ONDO,-1.1999999999999999e-05
2026-04-21 10:07:00,BNB,-1e-06
2026-04-21 10:07:00,LDO,1.1999999999999999e-05
2026-04-21 10:07:00,UNI,1.1999999999999999e-05
2026-04-21 10:07:00,SUI,1.1999999999999999e-05
2026-04-21 10:07:00,BCH,1.1999999999999999e-05
2026-04-21 10:07:00,AERO,2e-06
2026-04-21 10:07:00,APT,1.1999999999999999e-05
2026-04-21 10:07:00,JTO,4e-06
2026-04-21 10:07:00,SEI,1.1999999999999999e-05
2026-04-21 10:07:00,HYPE,1.1999999999999999e-05
2026-04-21 10:07:00,ADA,1.1999999999999999e-05
2026-04-21 10:07:00,XPL,0.0
2026-04-21 10:07:00,DOGE,1.1999999999999999e-05
2026-04-21 10:07:00,YZY,-3.2e-05
2026-04-21 10:07:00,VVV,1.1999999999999999e-05
2026-04-21 10:07:00,LINK,1.1999999999999999e-05
2026-04-21 10:07:00,AVNT,1.1999999999999999e-05
2026-04-21 10:07:00,LINEA,8e-06
2026-04-21 10:07:00,0G,1.1999999999999999e-05
2026-04-21 10:07:00,SKR,1.1999999999999999e-05
2026-04-21 10:07:00,APEX,1.1999999999999999e-05
2026-04-21 10:07:00,DOT,1.1999999999999999e-05
2026-04-21 10:07:00,AVAX,1.1999999999999999e-05
2026-04-21 10:07:00,ICP,-4.2e-05
2026-04-21 10:07:00,SOL,1.1999999999999999e-05
2026-04-21 10:07:00,XLM,2.8e-05
2026-04-21 10:07:00,CRV,1.1999999999999999e-05
2026-04-21 10:07:00,STRK,1.1999999999999999e-05
2026-04-21 10:07:00,FARTCOIN,1.1999999999999999e-05
2026-04-21 10:07:00,VIRTUAL,-3.6e-05
2026-04-21 10:07:00,FIL,1.1000000000000001e-05
2026-04-21 10:07:00,POL,5e-06
2026-04-21 10:07:00,2Z,9e-06
2026-04-21 10:07:00,MNT,1.1999999999999999e-05
2026-04-21 10:07:00,PROVE,-2.8999999999999997e-05
2026-04-21 10:07:00,PENDLE,1.1999999999999999e-05
2026-04-21 10:07:00,NEAR,1.1999999999999999e-05
2026-04-21 10:07:00,ZRO,1.1999999999999999e-05
2026-04-21 10:07:00,WLD,-0.000186
2026-04-21 10:07:00,MEGA,1.1999999999999999e-05
2026-04-21 10:07:00,ZEC,-2.9999999999999997e-06
2026-04-21 10:07:00,PUMP,1.1999999999999999e-05
2026-04-21 10:07:00,ZK,1.1999999999999999e-05
2026-04-21 10:07:00,GMX,-4.1e-05
2026-04-21 10:07:00,ZORA,1.1999999999999999e-05
2026-04-21 10:07:00,TIA,-4e-06
2026-04-21 10:07:00,WLFI,1.1999999999999999e-05
2026-04-21 10:07:00,POPCAT,1.1999999999999999e-05
2026-04-21 10:07:00,XMR,0.00015900000000000002
2026-04-21 10:07:00,FOGO,-4.9e-05
2026-04-21 10:07:00,ETH,-1.9e-05
2026-04-21 10:07:00,MON,1.1999999999999999e-05
2026-04-21 10:07:00,EIGEN,-5e-06
2026-04-21 10:07:00,BERA,1.1999999999999999e-05
2026-04-21 10:07:00,BTC,0.0
2026-04-21 10:07:00,IP,-6.4e-05
2026-04-21 10:07:00,JUP,1.1000000000000001e-05
2026-04-21 10:07:00,STBL,1.1999999999999999e-05
2026-04-21 10:07:00,PYTH,7e-06
2026-04-21 10:07:00,CC,1.1999999999999999e-05
2026-04-21 10:07:00,OP,5.999999999999999e-06
2026-04-21 10:07:00,ARB,-1.4e-05
2026-04-21 10:07:00,TAO,1e-06
2026-04-21 10:07:00,STABLE,4e-06
2026-04-21 10:07:00,TON,-1.6e-05
2026-04-21 10:07:00,TRUMP,1.1999999999999999e-05
2026-04-21 10:07:00,AZTEC,1.1999999999999999e-05
2026-04-21 10:07:00,XRP,1.1999999999999999e-05
2026-04-21 10:07:00,LIT,1.1999999999999999e-05
2026-04-21 10:07:00,MORPHO,1.1999999999999999e-05
2026-04-21 10:07:00,S,5e-06
2026-04-21 10:07:00,LTC,-1.1000000000000001e-05
2026-04-21 10:07:00,RESOLV,1.1999999999999999e-05
2026-04-21 10:07:00,TRX,9e-06
2026-04-21 10:07:00,AXS,-7e-06
2026-04-21 10:07:00,SYRUP,1.1999999999999999e-05
2026-04-21 10:07:00,PENGU,1.1999999999999999e-05
2026-04-21 10:07:00,ETHFI,1.1999999999999999e-05
2026-04-21 10:07:00,MET,1.1999999999999999e-05
2026-04-21 10:07:00,SPX,1e-05
2026-04-21 10:07:00,WIF,9e-06
2026-04-21 10:07:00,ENA,1.1999999999999999e-05
2026-04-21 10:07:00,KAITO,-1e-06
2026-04-21 10:07:00,GRASS,1.1999999999999999e-05
2026-04-21 10:07:00,PAXG,-2.5e-05
2026-04-21 10:07:00,HBAR,1.1999999999999999e-05
2026-04-21 10:07:00,DASH,2.9999999999999997e-06
2026-04-21 10:07:00,SKY,1.1999999999999999e-05
2026-04-21 11:07:01,0G,-2.9999999999999997e-06
2026-04-21 11:07:01,SKR,1.1999999999999999e-05
2026-04-21 11:07:01,KAITO,2e-06
2026-04-21 11:07:01,SEI,1.1999999999999999e-05
2026-04-21 11:07:01,PROVE,-5.9e-05
2026-04-21 11:07:01,BNB,1e-05
2026-04-21 11:07:01,STABLE,1.1000000000000001e-05
2026-04-21 11:07:01,DOGE,1.1999999999999999e-05
2026-04-21 11:07:01,APEX,1.1999999999999999e-05
2026-04-21 11:07:01,EIGEN,-1.4e-05
2026-04-21 11:07:01,ADA,1.1999999999999999e-05
2026-04-21 11:07:01,PAXG,-9e-06
2026-04-21 11:07:01,VIRTUAL,-9e-06
2026-04-21 11:07:01,MEGA,1.1999999999999999e-05
2026-04-21 11:07:01,WIF,1.1999999999999999e-05
2026-04-21 11:07:01,RESOLV,1.1999999999999999e-05
2026-04-21 11:07:01,HYPE,8e-06
2026-04-21 11:07:01,FOGO,-2e-06
2026-04-21 11:07:01,ASTER,-4e-06
2026-04-21 11:07:01,PENGU,1.1999999999999999e-05
2026-04-21 11:07:01,AAVE,1.1999999999999999e-05
2026-04-21 11:07:01,ZK,1.1999999999999999e-05
2026-04-21 11:07:01,STRK,1.1999999999999999e-05
2026-04-21 11:07:01,ARB,-2.3999999999999997e-05
2026-04-21 11:07:01,XPL,1.1999999999999999e-05
2026-04-21 11:07:01,UNI,1.1999999999999999e-05
2026-04-21 11:07:01,AVAX,1.1999999999999999e-05
2026-04-21 11:07:01,JUP,-2e-06
2026-04-21 11:07:01,SPX,-2.6e-05
2026-04-21 11:07:01,XRP,1.1999999999999999e-05
2026-04-21 11:07:01,SOL,1.1999999999999999e-05
2026-04-21 11:07:01,CRV,1.1999999999999999e-05
2026-04-21 11:07:01,STBL,1.1999999999999999e-05
2026-04-21 11:07:01,LTC,4e-06
2026-04-21 11:07:01,SUI,1.1999999999999999e-05
2026-04-21 11:07:01,WLFI,1.1999999999999999e-05
2026-04-21 11:07:01,MNT,1.1999999999999999e-05
2026-04-21 11:07:01,POPCAT,1.1999999999999999e-05
2026-04-21 11:07:01,PENDLE,1.1999999999999999e-05
2026-04-21 11:07:01,ZEC,1.1999999999999999e-05
2026-04-21 11:07:01,LINK,1.1999999999999999e-05
2026-04-21 11:07:01,OP,1.1000000000000001e-05
2026-04-21 11:07:01,TON,-2.1e-05
2026-04-21 11:07:01,ENA,1.1999999999999999e-05
2026-04-21 11:07:01,SYRUP,1.1999999999999999e-05
2026-04-21 11:07:01,AXS,-8e-06
2026-04-21 11:07:01,S,2e-06
2026-04-21 11:07:01,APT,1.1999999999999999e-05
2026-04-21 11:07:01,AZTEC,1.1999999999999999e-05
2026-04-21 11:07:01,AVNT,1.1999999999999999e-05
2026-04-21 11:07:01,ZORA,1.1999999999999999e-05
2026-04-21 11:07:01,LINEA,9e-06
2026-04-21 11:07:01,TAO,-1e-05
2026-04-21 11:07:01,HBAR,1.1999999999999999e-05
2026-04-21 11:07:01,DASH,-4.4999999999999996e-05
2026-04-21 11:07:01,SKY,1.1999999999999999e-05
2026-04-21 11:07:01,XMR,0.00019199999999999998
2026-04-21 11:07:01,MET,1.1999999999999999e-05
2026-04-21 11:07:01,BTC,-4e-06
2026-04-21 11:07:01,TIA,1.1999999999999999e-05
2026-04-21 11:07:01,JTO,1.1000000000000001e-05
2026-04-21 11:07:01,WLD,-0.000131
2026-04-21 11:07:01,BERA,-4.4000000000000006e-05
2026-04-21 11:07:01,TRX,-8e-06
2026-04-21 11:07:01,ONDO,-1.9e-05
2026-04-21 11:07:01,ZRO,1.1999999999999999e-05
2026-04-21 11:07:01,IP,-8.7e-05
2026-04-21 11:07:01,ETH,-9e-06
2026-04-21 11:07:01,CC,1.1999999999999999e-05
2026-04-21 11:07:01,2Z,-6.5e-05
2026-04-21 11:07:01,GRASS,1.1999999999999999e-05
2026-04-21 11:07:01,TRUMP,1.1999999999999999e-05
2026-04-21 11:07:01,NEAR,1.1999999999999999e-05
2026-04-21 11:07:01,AERO,-4.7999999999999994e-05
2026-04-21 11:07:01,YZY,1.1999999999999999e-05
2026-04-21 11:07:01,LDO,1e-05
2026-04-21 11:07:01,GMX,9e-06
2026-04-21 11:07:01,PYTH,-1.4e-05
2026-04-21 11:07:01,FARTCOIN,1.1999999999999999e-05
2026-04-21 11:07:01,POL,1.1999999999999999e-05
2026-04-21 11:07:01,DYDX,1.1999999999999999e-05
2026-04-21 11:07:01,MORPHO,-2.1e-05
2026-04-21 11:07:01,FIL,4e-06
2026-04-21 11:07:01,MON,9e-06
2026-04-21 11:07:01,ETHFI,1.1999999999999999e-05
2026-04-21 11:07:01,BCH,1.1000000000000001e-05
2026-04-21 11:07:01,DOT,1.1999999999999999e-05
2026-04-21 11:07:01,VVV,1.1999999999999999e-05
2026-04-21 11:07:01,ICP,-6.9e-05
2026-04-21 11:07:01,PUMP,1.1999999999999999e-05
2026-04-21 11:07:01,LIT,1.1999999999999999e-05
2026-04-21 11:07:01,XLM,1.3e-05
2026-04-21 12:07:00,VVV,1.1999999999999999e-05
2026-04-21 12:07:00,SKY,1.1999999999999999e-05
2026-04-21 12:07:00,TRX,1.1999999999999999e-05
2026-04-21 12:07:00,FOGO,-5.9e-05
2026-04-21 12:07:00,SPX,-4.7000000000000004e-05
2026-04-21 12:07:00,ENA,1.1999999999999999e-05
2026-04-21 12:07:00,TRUMP,1.1999999999999999e-05
2026-04-21 12:07:00,VIRTUAL,-3.9e-05
2026-04-21 12:07:00,POL,1.1999999999999999e-05
2026-04-21 12:07:00,JUP,1.1999999999999999e-05
2026-04-21 12:07:00,HYPE,1.1999999999999999e-05
2026-04-21 12:07:00,WLD,-0.000115
2026-04-21 12:07:00,GMX,1.1999999999999999e-05
2026-04-21 12:07:00,PENGU,1.1999999999999999e-05
2026-04-21 12:07:00,XLM,1.1999999999999999e-05
2026-04-21 12:07:00,LINEA,0.0
2026-04-21 12:07:00,NEAR,1.1999999999999999e-05
2026-04-21 12:07:00,IP,-9.2e-05
2026-04-21 12:07:00,ARB,-3.3e-05
2026-04-21 12:07:00,MORPHO,1.1999999999999999e-05
2026-04-21 12:07:00,ONDO,-1.3e-05
2026-04-21 12:07:00,LTC,-5.999999999999999e-06
2026-04-21 12:07:00,ICP,-8e-06
2026-04-21 12:07:00,AERO,-2.2000000000000003e-05
2026-04-21 12:07:00,ZORA,1.1999999999999999e-05
2026-04-21 12:07:00,PUMP,1.1999999999999999e-05
2026-04-21 12:07:00,STRK,1.1999999999999999e-05
2026-04-21 12:07:00,AXS,-4.6e-05
2026-04-21 12:07:00,POPCAT,1.1999999999999999e-05
2026-04-21 12:07:00,AAVE,1.1999999999999999e-05
2026-04-21 12:07:00,LINK,1.1999999999999999e-05
2026-04-21 12:07:00,YZY,-0.000136
2026-04-21 12:07:00,TAO,1e-06
2026-04-21 12:07:00,MNT,1.1999999999999999e-05
2026-04-21 12:07:00,RESOLV,1.1999999999999999e-05
2026-04-21 12:07:00,BTC,-5e-06
2026-04-21 12:07:00,WIF,1.1999999999999999e-05
2026-04-21 12:07:00,ADA,1.1999999999999999e-05
2026-04-21 12:07:00,UNI,1.1999999999999999e-05
2026-04-21 12:07:00,S,1.1999999999999999e-05
2026-04-21 12:07:00,FIL,1.1000000000000001e-05
2026-04-21 12:07:00,ASTER,1.1000000000000001e-05
2026-04-21 12:07:00,LIT,1.1999999999999999e-05
2026-04-21 12:07:00,GRASS,1.1999999999999999e-05
2026-04-21 12:07:00,DASH,-1.3e-05
2026-04-21 12:07:00,BERA,-4.7999999999999994e-05
2026-04-21 12:07:00,ZRO,1.1999999999999999e-05
2026-04-21 12:07:00,XRP,1.1999999999999999e-05
2026-04-21 12:07:00,SEI,1.1999999999999999e-05
2026-04-21 12:07:00,AVNT,1.1999999999999999e-05
2026-04-21 12:07:00,XPL,1.1999999999999999e-05
2026-04-21 12:07:00,PROVE,-2e-06
2026-04-21 12:07:00,0G,5e-06
2026-04-21 12:07:00,APT,1.1999999999999999e-05
2026-04-21 12:07:00,EIGEN,-1e-05
2026-04-21 12:07:00,LDO,1.1999999999999999e-05
2026-04-21 12:07:00,KAITO,1.1000000000000001e-05
2026-04-21 12:07:00,STBL,1.1999999999999999e-05
2026-04-21 12:07:00,DOGE,1.1999999999999999e-05
2026-04-21 12:07:00,ZK,0.0
2026-04-21 12:07:00,JTO,1.1999999999999999e-05
2026-04-21 12:07:00,AVAX,1.1999999999999999e-05
2026-04-21 12:07:00,DOT,1.1999999999999999e-05
2026-04-21 12:07:00,FARTCOIN,1.1999999999999999e-05
2026-04-21 12:07:00,SKR,3e-05
2026-04-21 12:07:00,OP,-4.1e-05
2026-04-21 12:07:00,SUI,1.1999999999999999e-05
2026-04-21 12:07:00,CRV,1.1999999999999999e-05
2026-04-21 12:07:00,SYRUP,1.1999999999999999e-05
2026-04-21 12:07:00,AZTEC,1.3e-05
2026-04-21 12:07:00,STABLE,-7e-06
2026-04-21 12:07:00,2Z,5.999999999999999e-06
2026-04-21 12:07:00,PYTH,1e-05
2026-04-21 12:07:00,ZEC,1.1999999999999999e-05
2026-04-21 12:07:00,WLFI,1.1999999999999999e-05
2026-04-21 12:07:00,MON,-4e-06
2026-04-21 12:07:00,CC,1.1999999999999999e-05
2026-04-21 12:07:00,HBAR,1.1999999999999999e-05
2026-04-21 12:07:00,BCH,1.1999999999999999e-05
2026-04-21 12:07:00,PAXG,0.0
2026-04-21 12:07:00,MET,1.1999999999999999e-05
2026-04-21 12:07:00,SOL,1.1999999999999999e-05
2026-04-21 12:07:00,XMR,0.000302
2026-04-21 12:07:00,MEGA,1.1999999999999999e-05
2026-04-21 12:07:00,ETHFI,1.1999999999999999e-05
2026-04-21 12:07:00,BNB,1.1999999999999999e-05
2026-04-21 12:07:00,DYDX,1.1999999999999999e-05
2026-04-21 12:07:00,TIA,1.1999999999999999e-05
2026-04-21 12:07:00,PENDLE,1.1999999999999999e-05
2026-04-21 12:07:00,ETH,-2e-05
2026-04-21 12:07:00,APEX,1.1999999999999999e-05
2026-04-21 12:07:00,TON,-1.7e-05
2026-04-21 13:07:00,ZRO,1.1999999999999999e-05
2026-04-21 13:07:00,AXS,-6.6e-05
2026-04-21 13:07:00,TON,-4e-05
2026-04-21 13:07:00,ASTER,1.1999999999999999e-05
2026-04-21 13:07:00,PAXG,-1.5e-05
2026-04-21 13:07:00,JUP,1.1999999999999999e-05
2026-04-21 13:07:00,APEX,1.1999999999999999e-05
2026-04-21 13:07:00,AVNT,1.1999999999999999e-05
2026-04-21 13:07:00,BERA,-7.8e-05
2026-04-21 13:07:00,OP,7e-06
2026-04-21 13:07:00,SUI,1.1999999999999999e-05
2026-04-21 13:07:00,ETHFI,1.1999999999999999e-05
2026-04-21 13:07:00,PYTH,-1.3e-05
2026-04-21 13:07:00,AAVE,1.1999999999999999e-05
2026-04-21 13:07:00,WLFI,1.1999999999999999e-05
2026-04-21 13:07:00,GRASS,1.1999999999999999e-05
2026-04-21 13:07:00,MET,1.1999999999999999e-05
2026-04-21 13:07:00,XMR,0.000239
2026-04-21 13:07:00,DOT,1.1999999999999999e-05
2026-04-21 13:07:00,ONDO,-1.1000000000000001e-05
2026-04-21 13:07:00,DYDX,1e-05
2026-04-21 13:07:00,LINK,1.1999999999999999e-05
2026-04-21 13:07:00,SEI,1.1999999999999999e-05
2026-04-21 13:07:00,AERO,-6.4e-05
2026-04-21 13:07:00,CRV,1.1999999999999999e-05
2026-04-21 13:07:00,PROVE,-3.7000000000000005e-05
2026-04-21 13:07:00,PENDLE,1.1999999999999999e-05
2026-04-21 13:07:00,LDO,1.1999999999999999e-05
2026-04-21 13:07:00,VIRTUAL,-4.7000000000000004e-05
2026-04-21 13:07:00,IP,-6e-05
2026-04-21 13:07:00,STRK,1.1999999999999999e-05
2026-04-21 13:07:00,NEAR,9e-06
2026-04-21 13:07:00,ICP,-2e-06
2026-04-21 13:07:00,APT,1.1999999999999999e-05
2026-04-21 13:07:00,POL,1.1999999999999999e-05
2026-04-21 13:07:00,KAITO,1.1999999999999999e-05
2026-04-21 13:07:00,0G,-2.9999999999999997e-06
2026-04-21 13:07:00,XPL,-4e-06
2026-04-21 13:07:00,ARB,-4.7000000000000004e-05
2026-04-21 13:07:00,HBAR,1.1999999999999999e-05
2026-04-21 13:07:00,FARTCOIN,1.1999999999999999e-05
2026-04-21 13:07:00,HYPE,1.1999999999999999e-05
2026-04-21 13:07:00,CC,1.1999999999999999e-05
2026-04-21 13:07:00,PENGU,1.1999999999999999e-05
2026-04-21 13:07:00,ZK,1.1999999999999999e-05
2026-04-21 13:07:00,POPCAT,1.1999999999999999e-05
2026-04-21 13:07:00,XLM,2.6e-05
2026-04-21 13:07:00,RESOLV,1.1999999999999999e-05
2026-04-21 13:07:00,ETH,-1.3e-05
2026-04-21 13:07:00,ZORA,1.1999999999999999e-05
2026-04-21 13:07:00,LINEA,-1e-06
2026-04-21 13:07:00,2Z,1e-06
2026-04-21 13:07:00,STABLE,1.1999999999999999e-05
2026-04-21 13:07:00,LTC,-1.1999999999999999e-05
2026-04-21 13:07:00,YZY,-0.0005290000000000001
2026-04-21 13:07:00,MEGA,1.1999999999999999e-05
2026-04-21 13:07:00,WIF,4e-06
2026-04-21 13:07:00,WLD,-0.00014800000000000002
2026-04-21 13:07:00,TAO,-3.4e-05
2026-04-21 13:07:00,TRX,1.1000000000000001e-05
2026-04-21 13:07:00,ADA,1.1999999999999999e-05
2026-04-21 13:07:00,VVV,1.1999999999999999e-05
2026-04-21 13:07:00,ZEC,5.999999999999999e-06
2026-04-21 13:07:00,XRP,1.1000000000000001e-05
2026-04-21 13:07:00,ENA,1e-05
2026-04-21 13:07:00,GMX,1.1999999999999999e-05
2026-04-21 13:07:00,PUMP,1.1999999999999999e-05
2026-04-21 13:07:00,BCH,1.1999999999999999e-05
2026-04-21 13:07:00,BTC,-5.999999999999999e-06
2026-04-21 13:07:00,SKY,1.1999999999999999e-05
2026-04-21 13:07:00,S,1.1999999999999999e-05
2026-04-21 13:07:00,LIT,1.1999999999999999e-05
2026-04-21 13:07:00,DASH,1.1000000000000001e-05
2026-04-21 13:07:00,MNT,1.1999999999999999e-05
2026-04-21 13:07:00,SYRUP,1.1999999999999999e-05
2026-04-21 13:07:00,FOGO,-5.2e-05
2026-04-21 13:07:00,AVAX,1.1999999999999999e-05
2026-04-21 13:07:00,SKR,-1.5e-05
2026-04-21 13:07:00,DOGE,1.1999999999999999e-05
2026-04-21 13:07:00,EIGEN,5.999999999999999e-06
2026-04-21 13:07:00,MORPHO,1.1999999999999999e-05
2026-04-21 13:07:00,UNI,1.1999999999999999e-05
2026-04-21 13:07:00,AZTEC,1.1999999999999999e-05
2026-04-21 13:07:00,FIL,-5e-06
2026-04-21 13:07:00,MON,-7.2e-05
2026-04-21 13:07:00,JTO,1e-05
2026-04-21 13:07:00,TRUMP,1.1999999999999999e-05
2026-04-21 13:07:00,BNB,1.1999999999999999e-05
2026-04-21 13:07:00,SPX,1.1999999999999999e-05
2026-04-21 13:07:00,TIA,1.1999999999999999e-05
2026-04-21 13:07:00,SOL,1.1999999999999999e-05
2026-04-21 13:07:00,STBL,1.1999999999999999e-05
2026-04-21 14:07:00,DYDX,1.1999999999999999e-05
2026-04-21 14:07:00,AERO,-4.4999999999999996e-05
2026-04-21 14:07:00,ASTER,-1e-06
2026-04-21 14:07:00,GMX,1.1999999999999999e-05
2026-04-21 14:07:00,AAVE,1.1999999999999999e-05
2026-04-21 14:07:00,POPCAT,1.1999999999999999e-05
2026-04-21 14:07:00,LTC,-1e-05
2026-04-21 14:07:00,FOGO,0.0
2026-04-21 14:07:00,YZY,-0.000442
2026-04-21 14:07:00,WLD,-0.000104
2026-04-21 14:07:00,ICP,1e-05
2026-04-21 14:07:00,VIRTUAL,-2.2000000000000003e-05
2026-04-21 14:07:00,DASH,5.999999999999999e-06
2026-04-21 14:07:00,LINK,1.1999999999999999e-05
2026-04-21 14:07:00,EIGEN,-5e-06
2026-04-21 14:07:00,ONDO,-8e-06
2026-04-21 14:07:00,SPX,1.1999999999999999e-05
2026-04-21 14:07:00,APT,1.1999999999999999e-05
2026-04-21 14:07:00,PENGU,1.1999999999999999e-05
2026-04-21 14:07:00,PROVE,-4.1e-05
2026-04-21 14:07:00,CRV,1.1999999999999999e-05
2026-04-21 14:07:00,XRP,4e-06
2026-04-21 14:07:00,ZEC,1e-05
2026-04-21 14:07:00,S,2e-06
2026-04-21 14:07:00,UNI,1.1999999999999999e-05
2026-04-21 14:07:00,SYRUP,1.1999999999999999e-05
2026-04-21 14:07:00,NEAR,1.1000000000000001e-05
2026-04-21 14:07:00,MEGA,1.1999999999999999e-05
2026-04-21 14:07:00,TRUMP,1.1999999999999999e-05
2026-04-21 14:07:00,ZORA,1.1999999999999999e-05
2026-04-21 14:07:00,BTC,-9e-06
2026-04-21 14:07:00,TIA,1.1999999999999999e-05
2026-04-21 14:07:00,HBAR,1.1999999999999999e-05
2026-04-21 14:07:00,IP,5e-06
2026-04-21 14:07:00,MET,1.1999999999999999e-05
2026-04-21 14:07:00,PAXG,-5.999999999999999e-06
2026-04-21 14:07:00,ZK,-2.1e-05
2026-04-21 14:07:00,ADA,1.1999999999999999e-05
2026-04-21 14:07:00,PYTH,-3.3e-05
2026-04-21 14:07:00,LDO,1.1000000000000001e-05
2026-04-21 14:07:00,ETH,-7e-06
2026-04-21 14:07:00,ZRO,1.1999999999999999e-05
2026-04-21 14:07:00,WIF,9e-06
2026-04-21 14:07:00,XMR,0.00014099999999999998
2026-04-21 14:07:00,STBL,1.1999999999999999e-05
2026-04-21 14:07:00,MNT,1.1999999999999999e-05
2026-04-21 14:07:00,FIL,-2.9999999999999997e-06
2026-04-21 14:07:00,SKY,1.1999999999999999e-05
2026-04-21 14:07:00,AXS,-1.7e-05
2026-04-21 14:07:00,FARTCOIN,1.1999999999999999e-05
2026-04-21 14:07:00,BERA,-3.7000000000000005e-05
2026-04-21 14:07:00,XLM,2.1e-05
2026-04-21 14:07:00,KAITO,1.1999999999999999e-05
2026-04-21 14:07:00,STABLE,-1.9e-05
2026-04-21 14:07:00,ENA,1.1999999999999999e-05
2026-04-21 14:07:00,STRK,1.1999999999999999e-05
2026-04-21 14:07:00,XPL,9e-06
2026-04-21 14:07:00,TON,-3.9e-05
2026-04-21 14:07:00,RESOLV,1.1999999999999999e-05
2026-04-21 14:07:00,BCH,1.1999999999999999e-05
2026-04-21 14:07:00,JTO,-5e-06
2026-04-21 14:07:00,JUP,1.1999999999999999e-05
2026-04-21 14:07:00,PENDLE,1.1999999999999999e-05
2026-04-21 14:07:00,DOT,1.1999999999999999e-05
2026-04-21 14:07:00,SKR,9e-06
2026-04-21 14:07:00,SOL,1.1999999999999999e-05
2026-04-21 14:07:00,LIT,1.1999999999999999e-05
2026-04-21 14:07:00,BNB,1.1999999999999999e-05
2026-04-21 14:07:00,LINEA,-2e-06
2026-04-21 14:07:00,TAO,-1.6e-05
2026-04-21 14:07:00,AVAX,1.1999999999999999e-05
2026-04-21 14:07:00,MON,2.9999999999999997e-06
2026-04-21 14:07:00,DOGE,1.1999999999999999e-05
2026-04-21 14:07:00,APEX,1.1999999999999999e-05
2026-04-21 14:07:00,ETHFI,1.1999999999999999e-05
2026-04-21 14:07:00,TRX,1.1000000000000001e-05
2026-04-21 14:07:00,CC,1.1999999999999999e-05
2026-04-21 14:07:00,SUI,1.1999999999999999e-05
2026-04-21 14:07:00,PUMP,1e-05
2026-04-21 14:07:00,SEI,1.1999999999999999e-05
2026-04-21 14:07:00,ARB,-2.1e-05
2026-04-21 14:07:00,GRASS,1.1999999999999999e-05
2026-04-21 14:07:00,WLFI,1.1999999999999999e-05
2026-04-21 14:07:00,POL,1.1999999999999999e-05
2026-04-21 14:07:00,AVNT,1.1999999999999999e-05
2026-04-21 14:07:00,0G,1.1000000000000001e-05
2026-04-21 14:07:00,OP,1.1000000000000001e-05
2026-04-21 14:07:00,MORPHO,-2.5e-05
2026-04-21 14:07:00,2Z,-5.3e-05
2026-04-21 14:07:00,AZTEC,1.1999999999999999e-05
2026-04-21 14:07:00,VVV,1.1999999999999999e-05
2026-04-21 14:07:00,HYPE,1.1999999999999999e-05
2026-04-21 15:07:01,GRASS,1.1999999999999999e-05
2026-04-21 15:07:01,GMX,1.1999999999999999e-05
2026-04-21 15:07:01,PAXG,-1.1999999999999999e-05
2026-04-21 15:07:01,MON,-1.7e-05
2026-04-21 15:07:01,TAO,-1.9e-05
2026-04-21 15:07:01,XPL,1.1999999999999999e-05
2026-04-21 15:07:01,MORPHO,1.1999999999999999e-05
2026-04-21 15:07:01,HBAR,1.1999999999999999e-05
2026-04-21 15:07:01,ETHFI,1.1999999999999999e-05
2026-04-21 15:07:01,PENGU,1.1999999999999999e-05
2026-04-21 15:07:01,PYTH,4e-06
2026-04-21 15:07:01,AZTEC,-8.5e-05
2026-04-21 15:07:01,MNT,1.1999999999999999e-05
2026-04-21 15:07:01,APEX,1.1999999999999999e-05
2026-04-21 15:07:01,SYRUP,1.1999999999999999e-05
2026-04-21 15:07:01,UNI,1.1999999999999999e-05
2026-04-21 15:07:01,PROVE,4e-06
2026-04-21 15:07:01,EIGEN,9e-06
2026-04-21 15:07:01,POL,1.1999999999999999e-05
2026-04-21 15:07:01,VVV,1.1999999999999999e-05
2026-04-21 15:07:01,VIRTUAL,8e-06
2026-04-21 15:07:01,DOGE,1.1999999999999999e-05
2026-04-21 15:07:01,ASTER,1.1999999999999999e-05
2026-04-21 15:07:01,STABLE,1.1999999999999999e-05
2026-04-21 15:07:01,ARB,-4e-06
2026-04-21 15:07:01,ZORA,1.1999999999999999e-05
2026-04-21 15:07:01,SPX,1.1999999999999999e-05
2026-04-21 15:07:01,BTC,1e-05
2026-04-21 15:07:01,AAVE,1.1999999999999999e-05
2026-04-21 15:07:01,JUP,1.1999999999999999e-05
2026-04-21 15:07:01,RESOLV,1.1999999999999999e-05
2026-04-21 15:07:01,TON,-1.6e-05
2026-04-21 15:07:01,POPCAT,1.1999999999999999e-05
2026-04-21 15:07:01,CC,1.1999999999999999e-05
2026-04-21 15:07:01,SKR,-8.4e-05
2026-04-21 15:07:01,SKY,1.1999999999999999e-05
2026-04-21 15:07:01,XLM,1.3e-05
2026-04-21 15:07:01,DASH,9e-06
2026-04-21 15:07:01,IP,-5.6e-05
2026-04-21 15:07:01,WIF,1e-05
2026-04-21 15:07:01,SUI,1.1999999999999999e-05
2026-04-21 15:07:01,MET,1.1999999999999999e-05
2026-04-21 15:07:01,TRUMP,1.1999999999999999e-05
2026-04-21 15:07:01,ONDO,2e-06
2026-04-21 15:07:01,ZEC,1.1999999999999999e-05
2026-04-21 15:07:01,DYDX,1.1999999999999999e-05
2026-04-21 15:07:01,OP,1.1999999999999999e-05
2026-04-21 15:07:01,S,1.1999999999999999e-05
2026-04-21 15:07:01,PUMP,1.1999999999999999e-05
2026-04-21 15:07:01,BNB,1.1999999999999999e-05
2026-04-21 15:07:01,FIL,1.1000000000000001e-05
2026-04-21 15:07:01,LTC,1e-05
2026-04-21 15:07:01,STRK,1.1999999999999999e-05
2026-04-21 15:07:01,YZY,-9.400000000000001e-05
2026-04-21 15:07:01,JTO,1e-05
2026-04-21 15:07:01,XMR,4.4000000000000006e-05
2026-04-21 15:07:01,LDO,1.1999999999999999e-05
2026-04-21 15:07:01,LINEA,1.1000000000000001e-05
2026-04-21 15:07:01,ICP,1.1999999999999999e-05
2026-04-21 15:07:01,MEGA,1.1999999999999999e-05
2026-04-21 15:07:01,APT,1.1999999999999999e-05
2026-04-21 15:07:01,2Z,-7.2e-05
2026-04-21 15:07:01,ETH,1e-05
2026-04-21 15:07:01,AERO,-7.1e-05
2026-04-21 15:07:01,AVNT,1.1999999999999999e-05
2026-04-21 15:07:01,AXS,-4e-06
2026-04-21 15:07:01,WLFI,1.1999999999999999e-05
2026-04-21 15:07:01,ZRO,1.1999999999999999e-05
2026-04-21 15:07:01,XRP,1.1000000000000001e-05
2026-04-21 15:07:01,FARTCOIN,1.1999999999999999e-05
2026-04-21 15:07:01,SEI,1.1999999999999999e-05
2026-04-21 15:07:01,0G,1.1999999999999999e-05
2026-04-21 15:07:01,WLD,-0.000136
2026-04-21 15:07:01,ENA,1e-05
2026-04-21 15:07:01,LIT,1.1999999999999999e-05
2026-04-21 15:07:01,AVAX,1.1999999999999999e-05
2026-04-21 15:07:01,LINK,1.1999999999999999e-05
2026-04-21 15:07:01,ADA,1.1999999999999999e-05
2026-04-21 15:07:01,STBL,1.3e-05
2026-04-21 15:07:01,PENDLE,1.1999999999999999e-05
2026-04-21 15:07:01,KAITO,1.1999999999999999e-05
2026-04-21 15:07:01,TIA,1.1999999999999999e-05
2026-04-21 15:07:01,BCH,1.1999999999999999e-05
2026-04-21 15:07:01,ZK,1.1999999999999999e-05
2026-04-21 15:07:01,TRX,1.1999999999999999e-05
2026-04-21 15:07:01,SOL,1.1999999999999999e-05
2026-04-21 15:07:01,DOT,1.1999999999999999e-05
2026-04-21 15:07:01,BERA,-1.7e-05
2026-04-21 15:07:01,CRV,1.1999999999999999e-05
2026-04-21 15:07:01,FOGO,-1.3e-05
2026-04-21 15:07:01,HYPE,1.1999999999999999e-05
2026-04-21 15:07:01,NEAR,1.1999999999999999e-05
2026-04-21 16:07:00,ICP,-3e-05
2026-04-21 16:07:00,APEX,1.1999999999999999e-05
2026-04-21 16:07:00,ZK,1.1999999999999999e-05
2026-04-21 16:07:00,AVAX,1.1999999999999999e-05
2026-04-21 16:07:00,ARB,-2e-06
2026-04-21 16:07:00,SKR,-2.8e-05
2026-04-21 16:07:00,PYTH,-4e-06
2026-04-21 16:07:00,SUI,1.1999999999999999e-05
2026-04-21 16:07:00,ZRO,1.1999999999999999e-05
2026-04-21 16:07:00,LINK,1.1999999999999999e-05
2026-04-21 16:07:00,APT,1.1999999999999999e-05
2026-04-21 16:07:00,TON,-1e-06
2026-04-21 16:07:00,SYRUP,1.1999999999999999e-05
2026-04-21 16:07:00,AZTEC,1.1000000000000001e-05
2026-04-21 16:07:00,LDO,1.1999999999999999e-05
2026-04-21 16:07:00,PENGU,1.1999999999999999e-05
2026-04-21 16:07:00,ZEC,-7e-06
2026-04-21 16:07:00,ENA,-2.9999999999999997e-06
2026-04-21 16:07:00,VIRTUAL,-1.7e-05
2026-04-21 16:07:00,STABLE,-6.9e-05
2026-04-21 16:07:00,0G,1.1999999999999999e-05
2026-04-21 16:07:00,EIGEN,1.1999999999999999e-05
2026-04-21 16:07:00,STRK,1.1999999999999999e-05
2026-04-21 16:07:00,DYDX,1.1999999999999999e-05
2026-04-21 16:07:00,BNB,1.1999999999999999e-05
2026-04-21 16:07:00,LTC,5.999999999999999e-06
2026-04-21 16:07:00,XRP,1e-05
2026-04-21 16:07:00,GMX,1.1999999999999999e-05
2026-04-21 16:07:00,AERO,-1.9e-05
2026-04-21 16:07:00,FOGO,-2.9999999999999997e-06
2026-04-21 16:07:00,TRX,9e-06
2026-04-21 16:07:00,JUP,-1.3e-05
2026-04-21 16:07:00,MET,1.1999999999999999e-05
2026-04-21 16:07:00,BERA,1e-05
2026-04-21 16:07:00,SOL,1.1999999999999999e-05
2026-04-21 16:07:00,PAXG,-2.3e-05
2026-04-21 16:07:00,MORPHO,1.1999999999999999e-05
2026-04-21 16:07:00,AXS,-2.3999999999999997e-05
2026-04-21 16:07:00,DASH,7e-06
2026-04-21 16:07:00,PENDLE,1.1999999999999999e-05
2026-04-21 16:07:00,S,1.1999999999999999e-05
2026-04-21 16:07:00,ETH,-7e-06
2026-04-21 16:07:00,XPL,1.1000000000000001e-05
2026-04-21 16:07:00,UNI,1.1999999999999999e-05
2026-04-21 16:07:00,STBL,1.7e-05
2026-04-21 16:07:00,ASTER,1.1999999999999999e-05
2026-04-21 16:07:00,WLD,-0.00018700000000000002
2026-04-21 16:07:00,ADA,1.1999999999999999e-05
2026-04-21 16:07:00,FIL,1e-06
2026-04-21 16:07:00,AVNT,1.1999999999999999e-05
2026-04-21 16:07:00,PROVE,8e-06
2026-04-21 16:07:00,NEAR,1.1999999999999999e-05
2026-04-21 16:07:00,WIF,-7e-06
2026-04-21 16:07:00,MON,1.1999999999999999e-05
2026-04-21 16:07:00,ETHFI,1.1999999999999999e-05
2026-04-21 16:07:00,TRUMP,1.1999999999999999e-05
2026-04-21 16:07:00,POPCAT,1.1999999999999999e-05
2026-04-21 16:07:00,HBAR,1.1999999999999999e-05
2026-04-21 16:07:00,BCH,1.1999999999999999e-05
2026-04-21 16:07:00,DOT,1.1999999999999999e-05
2026-04-21 16:07:00,KAITO,1.1999999999999999e-05
2026-04-21 16:07:00,HYPE,1.1999999999999999e-05
2026-04-21 16:07:00,ONDO,5e-06
2026-04-21 16:07:00,CRV,1.1999999999999999e-05
2026-04-21 16:07:00,IP,-1.4e-05
2026-04-21 16:07:00,FARTCOIN,1.1999999999999999e-05
2026-04-21 16:07:00,SKY,1.1999999999999999e-05
2026-04-21 16:07:00,2Z,4e-06
2026-04-21 16:07:00,BTC,5e-06
2026-04-21 16:07:00,MNT,1.1999999999999999e-05
2026-04-21 16:07:00,MEGA,1.1999999999999999e-05
2026-04-21 16:07:00,GRASS,1.1999999999999999e-05
2026-04-21 16:07:00,PUMP,1.1999999999999999e-05
2026-04-21 16:07:00,XMR,0.000105
2026-04-21 16:07:00,RESOLV,1.1999999999999999e-05
2026-04-21 16:07:00,TIA,1.1999999999999999e-05
2026-04-21 16:07:00,SEI,1.1999999999999999e-05
2026-04-21 16:07:00,POL,1.1999999999999999e-05
2026-04-21 16:07:00,LINEA,1.1999999999999999e-05
2026-04-21 16:07:00,VVV,1.1999999999999999e-05
2026-04-21 16:07:00,WLFI,1.1999999999999999e-05
2026-04-21 16:07:00,SPX,1.1999999999999999e-05
2026-04-21 16:07:00,CC,1.1999999999999999e-05
2026-04-21 16:07:00,ZORA,1.1999999999999999e-05
2026-04-21 16:07:00,OP,1.1999999999999999e-05
2026-04-21 16:07:00,YZY,-5.3e-05
2026-04-21 16:07:00,DOGE,1.1999999999999999e-05
2026-04-21 16:07:00,LIT,1.7e-05
2026-04-21 16:07:00,AAVE,1.1999999999999999e-05
2026-04-21 16:07:00,JTO,9e-06
2026-04-21 16:07:00,XLM,1.1999999999999999e-05
2026-04-21 16:07:00,TAO,-7.7e-05
2026-04-21 17:07:01,BNB,1.1999999999999999e-05
2026-04-21 17:07:01,HYPE,1.1999999999999999e-05
2026-04-21 17:07:01,STABLE,1.1999999999999999e-05
2026-04-21 17:07:01,STRK,-7e-06
2026-04-21 17:07:01,TIA,1.1999999999999999e-05
2026-04-21 17:07:01,LINK,1.1999999999999999e-05
2026-04-21 17:07:01,JUP,-3.1e-05
2026-04-21 17:07:01,ETHFI,1.1999999999999999e-05
2026-04-21 17:07:01,TON,-5.1000000000000006e-05
2026-04-21 17:07:01,DOT,1.1999999999999999e-05
2026-04-21 17:07:01,S,-5e-06
2026-04-21 17:07:01,XLM,1.1999999999999999e-05
2026-04-21 17:07:01,2Z,-3.3e-05
2026-04-21 17:07:01,ADA,1.1999999999999999e-05
2026-04-21 17:07:01,SPX,1.1999999999999999e-05
2026-04-21 17:07:01,WLD,-0.000221
2026-04-21 17:07:01,SKY,1.1999999999999999e-05
2026-04-21 17:07:01,MEGA,1.1999999999999999e-05
2026-04-21 17:07:01,DYDX,-1.5e-05
2026-04-21 17:07:01,PROVE,7e-06
2026-04-21 17:07:01,PENGU,-2.9999999999999997e-06
2026-04-21 17:07:01,SEI,1.1999999999999999e-05
2026-04-21 17:07:01,MET,1.1999999999999999e-05
2026-04-21 17:07:01,EIGEN,1.1999999999999999e-05
2026-04-21 17:07:01,AVNT,1.1999999999999999e-05
2026-04-21 17:07:01,POL,1.1999999999999999e-05
2026-04-21 17:07:01,AERO,-7.000000000000001e-05
2026-04-21 17:07:01,BERA,-2.3e-05
2026-04-21 17:07:01,AXS,-1.8e-05
2026-04-21 17:07:01,FARTCOIN,1.1999999999999999e-05
2026-04-21 17:07:01,AAVE,1.1999999999999999e-05
2026-04-21 17:07:01,APT,1.1999999999999999e-05
2026-04-21 17:07:01,TRX,1.1000000000000001e-05
2026-04-21 17:07:01,APEX,1.1999999999999999e-05
2026-04-21 17:07:01,PUMP,1.1999999999999999e-05
2026-04-21 17:07:01,ONDO,-3.2e-05
2026-04-21 17:07:01,GRASS,1.1999999999999999e-05
2026-04-21 17:07:01,WLFI,1.1999999999999999e-05
2026-04-21 17:07:01,YZY,-0.000365
2026-04-21 17:07:01,FOGO,-7.400000000000001e-05
2026-04-21 17:07:01,ZORA,1.1999999999999999e-05
2026-04-21 17:07:01,ENA,1.1999999999999999e-05
2026-04-21 17:07:01,RESOLV,1.1999999999999999e-05
2026-04-21 17:07:01,CC,1.1999999999999999e-05
2026-04-21 17:07:01,MORPHO,1.1999999999999999e-05
2026-04-21 17:07:01,ZRO,1.1999999999999999e-05
2026-04-21 17:07:01,LINEA,1.1999999999999999e-05
2026-04-21 17:07:01,DASH,1.1000000000000001e-05
2026-04-21 17:07:01,LIT,1.1999999999999999e-05
2026-04-21 17:07:01,AZTEC,1.1999999999999999e-05
2026-04-21 17:07:01,LTC,2e-06
2026-04-21 17:07:01,ASTER,1.1999999999999999e-05
2026-04-21 17:07:01,XMR,0.000153
2026-04-21 17:07:01,STBL,1.1999999999999999e-05
2026-04-21 17:07:01,TRUMP,5.999999999999999e-06
2026-04-21 17:07:01,JTO,-1.6e-05
2026-04-21 17:07:01,SUI,1.1999999999999999e-05
2026-04-21 17:07:01,KAITO,1.1999999999999999e-05
2026-04-21 17:07:01,PENDLE,1.1999999999999999e-05
2026-04-21 17:07:01,ZEC,-1.1999999999999999e-05
2026-04-21 17:07:01,MNT,1.1999999999999999e-05
2026-04-21 17:07:01,POPCAT,1.1999999999999999e-05
2026-04-21 17:07:01,SYRUP,1.1999999999999999e-05
2026-04-21 17:07:01,0G,1.1999999999999999e-05
2026-04-21 17:07:01,ETH,-5.999999999999999e-06
2026-04-21 17:07:01,GMX,1.1999999999999999e-05
2026-04-21 17:07:01,WIF,-1.4e-05
2026-04-21 17:07:01,LDO,1.1999999999999999e-05
2026-04-21 17:07:01,MON,0.0
2026-04-21 17:07:01,BTC,-1e-06
2026-04-21 17:07:01,VIRTUAL,-2.8999999999999997e-05
2026-04-21 17:07:01,TAO,-6.3e-05
2026-04-21 17:07:01,NEAR,-2e-06
2026-04-21 17:07:01,IP,-4.7999999999999994e-05
2026-04-21 17:07:01,OP,1.1999999999999999e-05
2026-04-21 17:07:01,ZK,1.1999999999999999e-05
2026-04-21 17:07:01,ICP,-2.5e-05
2026-04-21 17:07:01,DOGE,1.1999999999999999e-05
2026-04-21 17:07:01,SKR,1e-05
2026-04-21 17:07:01,UNI,1.1999999999999999e-05
2026-04-21 17:07:01,CRV,1.1999999999999999e-05
2026-04-21 17:07:01,VVV,1.1999999999999999e-05
2026-04-21 17:07:01,XRP,2e-06
2026-04-21 17:07:01,ARB,-7e-06
2026-04-21 17:07:01,SOL,1e-06
2026-04-21 17:07:01,FIL,1.1999999999999999e-05
2026-04-21 17:07:01,HBAR,1.1999999999999999e-05
2026-04-21 17:07:01,PYTH,0.0
2026-04-21 17:07:01,AVAX,1.1999999999999999e-05
2026-04-21 17:07:01,PAXG,-3.4e-05
2026-04-21 17:07:01,BCH,5e-06
2026-04-21 17:07:01,XPL,1.1999999999999999e-05
2026-04-21 18:07:00,ETHFI,1.1999999999999999e-05
2026-04-21 18:07:00,BNB,1.1999999999999999e-05
2026-04-21 18:07:00,APEX,1.1999999999999999e-05
2026-04-21 18:07:00,UNI,4e-06
2026-04-21 18:07:00,SOL,7e-06
2026-04-21 18:07:00,MNT,1.1999999999999999e-05
2026-04-21 18:07:00,BTC,-8e-06
2026-04-21 18:07:00,DOGE,1.1999999999999999e-05
2026-04-21 18:07:00,DYDX,1e-05
2026-04-21 18:07:00,ARB,-1.9e-05
2026-04-21 18:07:00,BERA,-1.9e-05
2026-04-21 18:07:00,GMX,1.1999999999999999e-05
2026-04-21 18:07:00,JTO,-2.9999999999999997e-06
2026-04-21 18:07:00,TRX,7e-06
2026-04-21 18:07:00,PENDLE,1.1999999999999999e-05
2026-04-21 18:07:00,ZK,1.1999999999999999e-05
2026-04-21 18:07:00,HYPE,1.1999999999999999e-05
2026-04-21 18:07:00,RESOLV,1.1999999999999999e-05
2026-04-21 18:07:00,ZRO,1.1999999999999999e-05
2026-04-21 18:07:00,HBAR,1.1999999999999999e-05
2026-04-21 18:07:00,ADA,5e-06
2026-04-21 18:07:00,PENGU,1.1000000000000001e-05
2026-04-21 18:07:00,ASTER,-2e-06
2026-04-21 18:07:00,XMR,0.000195
2026-04-21 18:07:00,CRV,-5e-06
2026-04-21 18:07:00,WLD,-0.00025100000000000003
2026-04-21 18:07:00,VVV,1.1999999999999999e-05
2026-04-21 18:07:00,SEI,1.1999999999999999e-05
2026-04-21 18:07:00,XLM,1.1999999999999999e-05
2026-04-21 18:07:00,SKR,-0.000134
2026-04-21 18:07:00,ETH,-1.3e-05
2026-04-21 18:07:00,2Z,1.1000000000000001e-05
2026-04-21 18:07:00,XPL,5.999999999999999e-06
2026-04-21 18:07:00,ICP,-5.4000000000000005e-05
2026-04-21 18:07:00,BCH,1.1000000000000001e-05
2026-04-21 18:07:00,ONDO,-1.6e-05
2026-04-21 18:07:00,STBL,3.2e-05
2026-04-21 18:07:00,EIGEN,-1e-06
2026-04-21 18:07:00,ZEC,1.1999999999999999e-05
2026-04-21 18:07:00,FOGO,-3e-05
2026-04-21 18:07:00,AERO,-1.8e-05
2026-04-21 18:07:00,XRP,1e-06
2026-04-21 18:07:00,AXS,-2.8999999999999997e-05
2026-04-21 18:07:00,S,1.1999999999999999e-05
2026-04-21 18:07:00,TAO,-5e-05
2026-04-21 18:07:00,AZTEC,0.000104
2026-04-21 18:07:00,AVNT,1.1999999999999999e-05
2026-04-21 18:07:00,GRASS,1.1999999999999999e-05
2026-04-21 18:07:00,AVAX,1.1999999999999999e-05
2026-04-21 18:07:00,SYRUP,1.1999999999999999e-05
2026-04-21 18:07:00,DOT,1.1999999999999999e-05
2026-04-21 18:07:00,SPX,1.1999999999999999e-05
2026-04-21 18:07:00,KAITO,1.1999999999999999e-05
2026-04-21 18:07:00,LINEA,1.1000000000000001e-05
2026-04-21 18:07:00,TIA,1.1999999999999999e-05
2026-04-21 18:07:00,PROVE,8e-06
2026-04-21 18:07:00,DASH,1e-05
2026-04-21 18:07:00,STABLE,-2.1e-05
2026-04-21 18:07:00,LDO,1.1999999999999999e-05
2026-04-21 18:07:00,IP,-0.00013
2026-04-21 18:07:00,SUI,1e-05
2026-04-21 18:07:00,YZY,-0.000226
2026-04-21 18:07:00,TON,-4e-06
2026-04-21 18:07:00,STRK,1.1000000000000001e-05
2026-04-21 18:07:00,POPCAT,1.1999999999999999e-05
2026-04-21 18:07:00,MORPHO,1.1999999999999999e-05
2026-04-21 18:07:00,SKY,1.1999999999999999e-05
2026-04-21 18:07:00,FARTCOIN,1.1999999999999999e-05
2026-04-21 18:07:00,TRUMP,-2.3e-05
2026-04-21 18:07:00,PAXG,-2.3e-05
2026-04-21 18:07:00,LINK,1.1999999999999999e-05
2026-04-21 18:07:00,WLFI,0.0
2026-04-21 18:07:00,ENA,1.1999999999999999e-05
2026-04-21 18:07:00,LIT,1.1999999999999999e-05
2026-04-21 18:07:00,MET,1.1999999999999999e-05
2026-04-21 18:07:00,MON,-2e-06
2026-04-21 18:07:00,PYTH,-1.1999999999999999e-05
2026-04-21 18:07:00,LTC,-2.1e-05
2026-04-21 18:07:00,PUMP,1.1999999999999999e-05
2026-04-21 18:07:00,ZORA,1.1999999999999999e-05
2026-04-21 18:07:00,OP,1.1999999999999999e-05
2026-04-21 18:07:00,MEGA,1.1999999999999999e-05
2026-04-21 18:07:00,POL,2e-06
2026-04-21 18:07:00,JUP,5.999999999999999e-06
2026-04-21 18:07:00,CC,1.1999999999999999e-05
2026-04-21 18:07:00,0G,1.1000000000000001e-05
2026-04-21 18:07:00,APT,1.1999999999999999e-05
2026-04-21 18:07:00,AAVE,1.1999999999999999e-05
2026-04-21 18:07:00,FIL,-1.3e-05
2026-04-21 18:07:00,NEAR,0.0
2026-04-21 18:07:00,VIRTUAL,-4.2e-05
2026-04-21 18:07:00,WIF,1.1999999999999999e-05
2026-04-21 19:07:00,SPX,-6.6e-05
2026-04-21 19:07:00,ZK,-8e-06
2026-04-21 19:07:00,POL,1.1999999999999999e-05
2026-04-21 19:07:00,ICP,-4e-05
2026-04-21 19:07:00,FOGO,-2.6e-05
2026-04-21 19:07:00,BERA,-3.1e-05
2026-04-21 19:07:00,YZY,-0.000275
2026-04-21 19:07:00,AAVE,1.1999999999999999e-05
2026-04-21 19:07:00,LINK,1.1999999999999999e-05
2026-04-21 19:07:00,PENDLE,1.1999999999999999e-05
2026-04-21 19:07:00,DOT,1.1999999999999999e-05
2026-04-21 19:07:00,2Z,-2.6e-05
2026-04-21 19:07:00,XRP,9e-06
2026-04-21 19:07:00,KAITO,1.1999999999999999e-05
2026-04-21 19:07:00,ZEC,1.1000000000000001e-05
2026-04-21 19:07:00,XMR,0.000121
2026-04-21 19:07:00,XLM,1.1999999999999999e-05
2026-04-21 19:07:00,SYRUP,1.1999999999999999e-05
2026-04-21 19:07:00,TON,2e-06
2026-04-21 19:07:00,CRV,9e-06
2026-04-21 19:07:00,SKR,2.8999999999999997e-05
2026-04-21 19:07:00,PENGU,1.1000000000000001e-05
2026-04-21 19:07:00,EIGEN,2e-06
2026-04-21 19:07:00,S,5.999999999999999e-06
2026-04-21 19:07:00,APEX,1.1999999999999999e-05
2026-04-21 19:07:00,ETHFI,1.1999999999999999e-05
2026-04-21 19:07:00,APT,1.1999999999999999e-05
2026-04-21 19:07:00,0G,1.1999999999999999e-05
2026-04-21 19:07:00,AVNT,1.1999999999999999e-05
2026-04-21 19:07:00,SEI,1.1999999999999999e-05
2026-04-21 19:07:00,MNT,1.1999999999999999e-05
2026-04-21 19:07:00,OP,7e-06
2026-04-21 19:07:00,MET,1.1999999999999999e-05
2026-04-21 19:07:00,GRASS,1.1999999999999999e-05
2026-04-21 19:07:00,WLD,-0.00017999999999999998
2026-04-21 19:07:00,WLFI,4e-06
2026-04-21 19:07:00,DOGE,1.1000000000000001e-05
2026-04-21 19:07:00,ZORA,1.1999999999999999e-05
2026-04-21 19:07:00,UNI,1.1999999999999999e-05
2026-04-21 19:07:00,MORPHO,-1e-06
2026-04-21 19:07:00,ADA,1.1999999999999999e-05
2026-04-21 19:07:00,TAO,-4.9e-05
2026-04-21 19:07:00,AZTEC,1.6e-05
2026-04-21 19:07:00,LIT,1.1999999999999999e-05
2026-04-21 19:07:00,STBL,1.1999999999999999e-05
2026-04-21 19:07:00,AXS,-1.4e-05
2026-04-21 19:07:00,BTC,2e-06
2026-04-21 19:07:00,ETH,-5e-06
2026-04-21 19:07:00,VIRTUAL,-4.4999999999999996e-05
2026-04-21 19:07:00,BCH,9e-06
2026-04-21 19:07:00,ENA,1.1999999999999999e-05
2026-04-21 19:07:00,FIL,0.0
2026-04-21 19:07:00,IP,-0.000172
2026-04-21 19:07:00,SOL,1.1000000000000001e-05
2026-04-21 19:07:00,ONDO,-1.1999999999999999e-05
2026-04-21 19:07:00,TRUMP,-1.1000000000000001e-05
2026-04-21 19:07:00,LDO,1.1000000000000001e-05
2026-04-21 19:07:00,LTC,-2.1e-05
2026-04-21 19:07:00,MON,-8e-06
2026-04-21 19:07:00,RESOLV,1.1999999999999999e-05
2026-04-21 19:07:00,JUP,-2.8e-05
2026-04-21 19:07:00,PUMP,5e-06
2026-04-21 19:07:00,PROVE,-1e-06
2026-04-21 19:07:00,XPL,9e-06
2026-04-21 19:07:00,TRX,1.1000000000000001e-05
2026-04-21 19:07:00,WIF,1.1999999999999999e-05
2026-04-21 19:07:00,PAXG,-2.7000000000000002e-05
2026-04-21 19:07:00,DYDX,8e-06
2026-04-21 19:07:00,ARB,-2.3e-05
2026-04-21 19:07:00,TIA,1.1999999999999999e-05
2026-04-21 19:07:00,POPCAT,1.1999999999999999e-05
2026-04-21 19:07:00,SKY,1.1999999999999999e-05
2026-04-21 19:07:00,HBAR,1.1999999999999999e-05
2026-04-21 19:07:00,PYTH,-2e-06
2026-04-21 19:07:00,GMX,1.1999999999999999e-05
2026-04-21 19:07:00,VVV,1.1999999999999999e-05
2026-04-21 19:07:00,DASH,1.1999999999999999e-05
2026-04-21 19:07:00,ZRO,1.1999999999999999e-05
2026-04-21 19:07:00,NEAR,0.0
2026-04-21 19:07:00,AVAX,1.1999999999999999e-05
2026-04-21 19:07:00,FARTCOIN,1.1999999999999999e-05
2026-04-21 19:07:00,JTO,1.1000000000000001e-05
2026-04-21 19:07:00,ASTER,1e-05
2026-04-21 19:07:00,BNB,1.1999999999999999e-05
2026-04-21 19:07:00,LINEA,5e-06
2026-04-21 19:07:00,MEGA,1.1999999999999999e-05
2026-04-21 19:07:00,SUI,1.1999999999999999e-05
2026-04-21 19:07:00,STRK,1.1999999999999999e-05
2026-04-21 19:07:00,STABLE,7e-06
2026-04-21 19:07:00,AERO,2.9999999999999997e-06
2026-04-21 19:07:00,HYPE,1.1999999999999999e-05
2026-04-21 19:07:00,CC,1.1999999999999999e-05
2026-04-21 20:07:00,DOGE,1e-06
2026-04-21 20:07:00,OP,9e-06
2026-04-21 20:07:00,LINEA,-1.1999999999999999e-05
2026-04-21 20:07:00,BTC,-9e-06
2026-04-21 20:07:00,ADA,9e-06
2026-04-21 20:07:00,PUMP,1.1000000000000001e-05
2026-04-21 20:07:00,TRX,1.1000000000000001e-05
2026-04-21 20:07:00,UNI,1.1999999999999999e-05
2026-04-21 20:07:00,TIA,1.1999999999999999e-05
2026-04-21 20:07:00,DASH,1.1999999999999999e-05
2026-04-21 20:07:00,TAO,-2.3e-05
2026-04-21 20:07:00,MNT,1.1999999999999999e-05
2026-04-21 20:07:00,CC,1.1999999999999999e-05
2026-04-21 20:07:00,ARB,-2.5e-05
2026-04-21 20:07:00,CRV,1.1999999999999999e-05
2026-04-21 20:07:00,AAVE,1.1999999999999999e-05
2026-04-21 20:07:00,SEI,1.1999999999999999e-05
2026-04-21 20:07:00,WIF,1.1999999999999999e-05
2026-04-21 20:07:00,HYPE,1.1999999999999999e-05
2026-04-21 20:07:00,ONDO,-3e-05
2026-04-21 20:07:00,MORPHO,-1.4e-05
2026-04-21 20:07:00,AZTEC,1.1999999999999999e-05
2026-04-21 20:07:00,SUI,1.1999999999999999e-05
2026-04-21 20:07:00,PYTH,-2.7000000000000002e-05
2026-04-21 20:07:00,PENDLE,-1e-05
2026-04-21 20:07:00,2Z,5.999999999999999e-06
2026-04-21 20:07:00,STRK,1.1999999999999999e-05
2026-04-21 20:07:00,FIL,-3.1e-05
2026-04-21 20:07:00,ZORA,1.1999999999999999e-05
2026-04-21 20:07:00,BERA,-7.7e-05
2026-04-21 20:07:00,ETHFI,1.1999999999999999e-05
2026-04-21 20:07:00,MEGA,1.1999999999999999e-05
2026-04-21 20:07:00,NEAR,1.1000000000000001e-05
2026-04-21 20:07:00,JUP,-3.2e-05
2026-04-21 20:07:00,YZY,-0.000138
2026-04-21 20:07:00,FOGO,-8.4e-05
2026-04-21 20:07:00,IP,-0.000193
2026-04-21 20:07:00,FARTCOIN,1.1999999999999999e-05
2026-04-21 20:07:00,XPL,1.1000000000000001e-05
2026-04-21 20:07:00,ZEC,1.1999999999999999e-05
2026-04-21 20:07:00,XMR,5.2e-05
2026-04-21 20:07:00,SKY,1.1999999999999999e-05
2026-04-21 20:07:00,SKR,1.1999999999999999e-05
2026-04-21 20:07:00,MON,5.999999999999999e-06
2026-04-21 20:07:00,JTO,1.1000000000000001e-05
2026-04-21 20:07:00,BNB,1.1999999999999999e-05
2026-04-21 20:07:00,LDO,1.1000000000000001e-05
2026-04-21 20:07:00,LINK,1.1999999999999999e-05
2026-04-21 20:07:00,AVAX,1.1999999999999999e-05
2026-04-21 20:07:00,RESOLV,1.1999999999999999e-05
2026-04-21 20:07:00,STBL,1.1999999999999999e-05
2026-04-21 20:07:00,VVV,1.1999999999999999e-05
2026-04-21 20:07:00,STABLE,1.1999999999999999e-05
2026-04-21 20:07:00,SOL,1.1999999999999999e-05
2026-04-21 20:07:00,MET,1.1999999999999999e-05
2026-04-21 20:07:00,ENA,1.1999999999999999e-05
2026-04-21 20:07:00,BCH,1.1999999999999999e-05
2026-04-21 20:07:00,ICP,-2.3999999999999997e-05
2026-04-21 20:07:00,XRP,7e-06
2026-04-21 20:07:00,HBAR,1.1999999999999999e-05
2026-04-21 20:07:00,KAITO,1.1999999999999999e-05
2026-04-21 20:07:00,WLFI,1.1999999999999999e-05
2026-04-21 20:07:00,PENGU,1.1999999999999999e-05
2026-04-21 20:07:00,ZK,1.1999999999999999e-05
2026-04-21 20:07:00,DYDX,1.1000000000000001e-05
2026-04-21 20:07:00,LIT,1.1999999999999999e-05
2026-04-21 20:07:00,VIRTUAL,-4.9e-05
2026-04-21 20:07:00,AVNT,1.1999999999999999e-05
2026-04-21 20:07:00,APEX,1.1999999999999999e-05
2026-04-21 20:07:00,SPX,1.1999999999999999e-05
2026-04-21 20:07:00,DOT,1.1999999999999999e-05
2026-04-21 20:07:00,SYRUP,1.1999999999999999e-05
2026-04-21 20:07:00,GMX,1.1999999999999999e-05
2026-04-21 20:07:00,ZRO,-4e-06
2026-04-21 20:07:00,0G,1.1999999999999999e-05
2026-04-21 20:07:00,XLM,1.1999999999999999e-05
2026-04-21 20:07:00,ASTER,1e-05
2026-04-21 20:07:00,TRUMP,-8e-06
2026-04-21 20:07:00,LTC,-2.3e-05
2026-04-21 20:07:00,APT,1.1999999999999999e-05
2026-04-21 20:07:00,EIGEN,1.1999999999999999e-05
2026-04-21 20:07:00,PROVE,7e-06
2026-04-21 20:07:00,POL,1.1999999999999999e-05
2026-04-21 20:07:00,WLD,-0.000214
2026-04-21 20:07:00,POPCAT,1.1999999999999999e-05
2026-04-21 20:07:00,TON,-1.1999999999999999e-05
2026-04-21 20:07:00,S,1.1000000000000001e-05
2026-04-21 20:07:00,ETH,-7e-06
2026-04-21 20:07:00,AERO,4e-06
2026-04-21 20:07:00,GRASS,1.1999999999999999e-05
2026-04-21 20:07:00,AXS,-5.4000000000000005e-05
2026-04-21 20:07:00,PAXG,-3.1e-05
2026-04-21 21:07:01,KAITO,1.1999999999999999e-05
2026-04-21 21:07:01,S,1.1999999999999999e-05
2026-04-21 21:07:01,AVNT,1.1999999999999999e-05
2026-04-21 21:07:01,ETH,-1.8e-05
2026-04-21 21:07:01,SKY,1.1999999999999999e-05
2026-04-21 21:07:01,JUP,-3.3e-05
2026-04-21 21:07:01,ONDO,-9e-06
2026-04-21 21:07:01,APEX,1.1999999999999999e-05
2026-04-21 21:07:01,AAVE,1.1999999999999999e-05
2026-04-21 21:07:01,ZORA,1.1999999999999999e-05
2026-04-21 21:07:01,UNI,1.1999999999999999e-05
2026-04-21 21:07:01,PENDLE,1.1999999999999999e-05
2026-04-21 21:07:01,OP,1e-06
2026-04-21 21:07:01,SYRUP,1.1999999999999999e-05
2026-04-21 21:07:01,MORPHO,-1.7e-05
2026-04-21 21:07:01,ARB,-1.8e-05
2026-04-21 21:07:01,ICP,-1.1999999999999999e-05
2026-04-21 21:07:01,PAXG,-2.6e-05
2026-04-21 21:07:01,APT,1.1999999999999999e-05
2026-04-21 21:07:01,AXS,-5.4000000000000005e-05
2026-04-21 21:07:01,XPL,-3.9e-05
2026-04-21 21:07:01,SPX,1.1999999999999999e-05
2026-04-21 21:07:01,YZY,-0.00039
2026-04-21 21:07:01,AZTEC,1.3e-05
2026-04-21 21:07:01,POL,1.1999999999999999e-05
2026-04-21 21:07:01,VVV,1.1999999999999999e-05
2026-04-21 21:07:01,GRASS,1.1999999999999999e-05
2026-04-21 21:07:01,POPCAT,1.1999999999999999e-05
2026-04-21 21:07:01,FOGO,-8.5e-05
2026-04-21 21:07:01,BERA,-2e-06
2026-04-21 21:07:01,PYTH,-1.3e-05
2026-04-21 21:07:01,STBL,1.1999999999999999e-05
2026-04-21 21:07:01,AERO,-0.000112
2026-04-21 21:07:01,2Z,1.1999999999999999e-05
2026-04-21 21:07:01,CC,1.1999999999999999e-05
2026-04-21 21:07:01,TIA,8e-06
2026-04-21 21:07:01,LTC,-3.1e-05
2026-04-21 21:07:01,LINEA,1.1000000000000001e-05
2026-04-21 21:07:01,ETHFI,1.1999999999999999e-05
2026-04-21 21:07:01,WIF,1.1999999999999999e-05
2026-04-21 21:07:01,PROVE,0.0
2026-04-21 21:07:01,ADA,1e-06
2026-04-21 21:07:01,DOGE,-5.999999999999999e-06
2026-04-21 21:07:01,AVAX,1.1999999999999999e-05
2026-04-21 21:07:01,XRP,-1.1000000000000001e-05
2026-04-21 21:07:01,STRK,1.1999999999999999e-05
2026-04-21 21:07:01,MET,1.1999999999999999e-05
2026-04-21 21:07:01,TON,5.999999999999999e-06
2026-04-21 21:07:01,DOT,1.1999999999999999e-05
2026-04-21 21:07:01,VIRTUAL,-2.6e-05
2026-04-21 21:07:01,LINK,-3.2e-05
2026-04-21 21:07:01,SKR,-4.3e-05
2026-04-21 21:07:01,DASH,1.1999999999999999e-05
2026-04-21 21:07:01,SEI,1.1999999999999999e-05
2026-04-21 21:07:01,TAO,-4.1e-05
2026-04-21 21:07:01,BCH,1.1000000000000001e-05
2026-04-21 21:07:01,MNT,1.1999999999999999e-05
2026-04-21 21:07:01,NEAR,-1e-06
2026-04-21 21:07:01,WLD,-0.000239
2026-04-21 21:07:01,ZK,1.1999999999999999e-05
2026-04-21 21:07:01,RESOLV,1.1999999999999999e-05
2026-04-21 21:07:01,DYDX,1.1999999999999999e-05
2026-04-21 21:07:01,ENA,1.1999999999999999e-05
2026-04-21 21:07:01,JTO,-4.9e-05
2026-04-21 21:07:01,CRV,2.9999999999999997e-06
2026-04-21 21:07:01,PUMP,1.1999999999999999e-05
2026-04-21 21:07:01,ASTER,-9e-06
2026-04-21 21:07:01,EIGEN,9e-06
2026-04-21 21:07:01,XLM,1.1999999999999999e-05
2026-04-21 21:07:01,GMX,1.1999999999999999e-05
2026-04-21 21:07:01,MEGA,1.1999999999999999e-05
2026-04-21 21:07:01,STABLE,1.1999999999999999e-05
2026-04-21 21:07:01,LIT,1.1999999999999999e-05
2026-04-21 21:07:01,FIL,-2.3999999999999997e-05
2026-04-21 21:07:01,SOL,4e-06
2026-04-21 21:07:01,ZRO,9e-06
2026-04-21 21:07:01,HBAR,1.1999999999999999e-05
2026-04-21 21:07:01,HYPE,1.1999999999999999e-05
2026-04-21 21:07:01,ZEC,1.1999999999999999e-05
2026-04-21 21:07:01,MON,1.1999999999999999e-05
2026-04-21 21:07:01,SUI,1e-05
2026-04-21 21:07:01,BTC,-1.6e-05
2026-04-21 21:07:01,LDO,1.1000000000000001e-05
2026-04-21 21:07:01,TRX,1.1999999999999999e-05
2026-04-21 21:07:01,FARTCOIN,1.1999999999999999e-05
2026-04-21 21:07:01,PENGU,1.1999999999999999e-05
2026-04-21 21:07:01,BNB,4e-06
2026-04-21 21:07:01,IP,-0.000137
2026-04-21 21:07:01,TRUMP,1.1999999999999999e-05
2026-04-21 21:07:01,WLFI,1.1999999999999999e-05
2026-04-21 21:07:01,0G,-1.3e-05
2026-04-21 21:07:01,XMR,2.5e-05
2026-04-21 22:07:00,TON,-4e-06
2026-04-21 22:07:00,DASH,1.1999999999999999e-05
2026-04-21 22:07:00,WIF,1.1999999999999999e-05
2026-04-21 22:07:00,TIA,1.1999999999999999e-05
2026-04-21 22:07:00,SEI,1.1999999999999999e-05
2026-04-21 22:07:00,ZK,1.1999999999999999e-05
2026-04-21 22:07:00,HYPE,1.1999999999999999e-05
2026-04-21 22:07:00,LTC,-2.5e-05
2026-04-21 22:07:00,DOT,1.1999999999999999e-05
2026-04-21 22:07:00,CC,1.1999999999999999e-05
2026-04-21 22:07:00,0G,1e-05
2026-04-21 22:07:00,ONDO,-7e-06
2026-04-21 22:07:00,SPX,1.1999999999999999e-05
2026-04-21 22:07:00,WLD,-0.000167
2026-04-21 22:07:00,CRV,1.1999999999999999e-05
2026-04-21 22:07:00,ADA,5e-06
2026-04-21 22:07:00,AERO,-0.000228
2026-04-21 22:07:00,MORPHO,-6.2e-05
2026-04-21 22:07:00,PENDLE,1.1999999999999999e-05
2026-04-21 22:07:00,STABLE,1.1999999999999999e-05
2026-04-21 22:07:00,ASTER,1e-05
2026-04-21 22:07:00,BCH,1.1000000000000001e-05
2026-04-21 22:07:00,2Z,1.1999999999999999e-05
2026-04-21 22:07:00,UNI,1.1999999999999999e-05
2026-04-21 22:07:00,AXS,-9e-06
2026-04-21 22:07:00,GMX,1.1999999999999999e-05
2026-04-21 22:07:00,YZY,2e-06
2026-04-21 22:07:00,VVV,1.1999999999999999e-05
2026-04-21 22:07:00,POL,1.1999999999999999e-05
2026-04-21 22:07:00,LINEA,9e-06
2026-04-21 22:07:00,FIL,-1.9e-05
2026-04-21 22:07:00,S,-1.7e-05
2026-04-21 22:07:00,IP,-0.00017500000000000003
2026-04-21 22:07:00,XMR,4e-05
2026-04-21 22:07:00,BTC,-1.9e-05
2026-04-21 22:07:00,ICP,-5.2e-05
2026-04-21 22:07:00,BNB,1e-05
2026-04-21 22:07:00,SYRUP,1.1999999999999999e-05
2026-04-21 22:07:00,LINK,0.0
2026-04-21 22:07:00,XRP,-5.999999999999999e-06
2026-04-21 22:07:00,APT,1.1999999999999999e-05
2026-04-21 22:07:00,XPL,-2e-06
2026-04-21 22:07:00,PAXG,-3.2e-05
2026-04-21 22:07:00,AVAX,1.1999999999999999e-05
2026-04-21 22:07:00,DOGE,1e-05
2026-04-21 22:07:00,MON,-4e-05
2026-04-21 22:07:00,TRUMP,1.1999999999999999e-05
2026-04-21 22:07:00,ZRO,1e-05
2026-04-21 22:07:00,TRX,-7e-06
2026-04-21 22:07:00,SKR,9e-06
2026-04-21 22:07:00,EIGEN,9e-06
2026-04-21 22:07:00,ZEC,1.1999999999999999e-05
2026-04-21 22:07:00,AVNT,1.1999999999999999e-05
2026-04-21 22:07:00,APEX,1.1999999999999999e-05
2026-04-21 22:07:00,FOGO,-7.7e-05
2026-04-21 22:07:00,POPCAT,1.1999999999999999e-05
2026-04-21 22:07:00,ETHFI,1.1999999999999999e-05
2026-04-21 22:07:00,JUP,-2e-06
2026-04-21 22:07:00,HBAR,1.1999999999999999e-05
2026-04-21 22:07:00,WLFI,1.1999999999999999e-05
2026-04-21 22:07:00,MEGA,1.1999999999999999e-05
2026-04-21 22:07:00,ZORA,1.1999999999999999e-05
2026-04-21 22:07:00,AZTEC,1.1999999999999999e-05
2026-04-21 22:07:00,KAITO,1.1999999999999999e-05
2026-04-21 22:07:00,XLM,1.1999999999999999e-05
2026-04-21 22:07:00,SKY,1.1999999999999999e-05
2026-04-21 22:07:00,ARB,-5.999999999999999e-06
2026-04-21 22:07:00,STRK,1.1999999999999999e-05
2026-04-21 22:07:00,MNT,1.1999999999999999e-05
2026-04-21 22:07:00,FARTCOIN,1.1999999999999999e-05
2026-04-21 22:07:00,TAO,-4.4000000000000006e-05
2026-04-21 22:07:00,SOL,1.1999999999999999e-05
2026-04-21 22:07:00,GRASS,1.1999999999999999e-05
2026-04-21 22:07:00,VIRTUAL,2e-06
2026-04-21 22:07:00,LDO,5.999999999999999e-06
2026-04-21 22:07:00,STBL,1.1999999999999999e-05
2026-04-21 22:07:00,OP,1.1000000000000001e-05
2026-04-21 22:07:00,ENA,1e-05
2026-04-21 22:07:00,SUI,1.1000000000000001e-05
2026-04-21 22:07:00,AAVE,1.1999999999999999e-05
2026-04-21 22:07:00,PENGU,1.1999999999999999e-05
2026-04-21 22:07:00,PUMP,1.1999999999999999e-05
2026-04-21 22:07:00,DYDX,1e-05
2026-04-21 22:07:00,PROVE,-4e-06
2026-04-21 22:07:00,MET,1.1999999999999999e-05
2026-04-21 22:07:00,NEAR,-7e-06
2026-04-21 22:07:00,JTO,-2.6e-05
2026-04-21 22:07:00,PYTH,5e-06
2026-04-21 22:07:00,RESOLV,1.1999999999999999e-05
2026-04-21 22:07:00,ETH,-1e-05
2026-04-21 22:07:00,LIT,1.1999999999999999e-05
2026-04-21 22:07:00,BERA,1.1999999999999999e-05
2026-04-21 23:07:00,S,5.999999999999999e-06
2026-04-21 23:07:00,DYDX,-2.2000000000000003e-05
2026-04-21 23:07:00,CRV,1.1999999999999999e-05
2026-04-21 23:07:00,WIF,1.1999999999999999e-05
2026-04-21 23:07:00,0G,8e-06
2026-04-21 23:07:00,AAVE,1.1999999999999999e-05
2026-04-21 23:07:00,OP,-4e-05
2026-04-21 23:07:00,BNB,5e-06
2026-04-21 23:07:00,EIGEN,-1e-05
2026-04-21 23:07:00,JUP,1e-05
2026-04-21 23:07:00,DASH,-1e-05
2026-04-21 23:07:00,SKY,1.1999999999999999e-05
2026-04-21 23:07:00,ICP,-4.7999999999999994e-05
2026-04-21 23:07:00,TAO,9e-06
2026-04-21 23:07:00,FARTCOIN,1.1999999999999999e-05
2026-04-21 23:07:00,YZY,1e-05
2026-04-21 23:07:00,DOGE,5.999999999999999e-06
2026-04-21 23:07:00,RESOLV,1.1999999999999999e-05
2026-04-21 23:07:00,TON,8e-06
2026-04-21 23:07:00,LIT,1.1999999999999999e-05
2026-04-21 23:07:00,UNI,1.1999999999999999e-05
2026-04-21 23:07:00,ONDO,-8e-06
2026-04-21 23:07:00,2Z,-1.7e-05
2026-04-21 23:07:00,VIRTUAL,-1.4e-05
2026-04-21 23:07:00,AERO,0.0
2026-04-21 23:07:00,TRX,-1.3e-05
2026-04-21 23:07:00,SYRUP,1.1999999999999999e-05
2026-04-21 23:07:00,MNT,1.1999999999999999e-05
2026-04-21 23:07:00,MET,1.1999999999999999e-05
2026-04-21 23:07:00,HBAR,1.1999999999999999e-05
2026-04-21 23:07:00,PAXG,-3e-05
2026-04-21 23:07:00,WLD,-0.000125
2026-04-21 23:07:00,AVNT,1.1999999999999999e-05
2026-04-21 23:07:00,PUMP,1.1999999999999999e-05
2026-04-21 23:07:00,VVV,1.1999999999999999e-05
2026-04-21 23:07:00,STRK,1.1999999999999999e-05
2026-04-21 23:07:00,WLFI,1.1999999999999999e-05
2026-04-21 23:07:00,SEI,1.1999999999999999e-05
2026-04-21 23:07:00,LTC,-2.8e-05
2026-04-21 23:07:00,ENA,1.1999999999999999e-05
2026-04-21 23:07:00,BERA,-2e-05
2026-04-21 23:07:00,XLM,1.1999999999999999e-05
2026-04-21 23:07:00,BTC,-2e-06
2026-04-21 23:07:00,AVAX,1.1999999999999999e-05
2026-04-21 23:07:00,ZEC,1.1999999999999999e-05
2026-04-21 23:07:00,TIA,1.1999999999999999e-05
2026-04-21 23:07:00,FOGO,-1.4e-05
2026-04-21 23:07:00,ASTER,1.1999999999999999e-05
2026-04-21 23:07:00,KAITO,1.1999999999999999e-05
2026-04-21 23:07:00,MORPHO,-3.5000000000000004e-05
2026-04-21 23:07:00,AXS,8e-06
2026-04-21 23:07:00,LINEA,1.1000000000000001e-05
2026-04-21 23:07:00,POL,1.1999999999999999e-05
2026-04-21 23:07:00,LDO,7e-06
2026-04-21 23:07:00,SKR,4.1e-05
2026-04-21 23:07:00,GRASS,1.1999999999999999e-05
2026-04-21 23:07:00,ZRO,1.1999999999999999e-05
2026-04-21 23:07:00,XRP,-1e-05
2026-04-21 23:07:00,ZK,1.1999999999999999e-05
2026-04-21 23:07:00,STBL,1.1999999999999999e-05
2026-04-21 23:07:00,SOL,1.1999999999999999e-05
2026-04-21 23:07:00,ETHFI,1.1999999999999999e-05
2026-04-21 23:07:00,APT,1.1999999999999999e-05
2026-04-21 23:07:00,HYPE,1.1999999999999999e-05
2026-04-21 23:07:00,BCH,1.1999999999999999e-05
2026-04-21 23:07:00,SUI,1.1999999999999999e-05
2026-04-21 23:07:00,DOT,1.1999999999999999e-05
2026-04-21 23:07:00,PROVE,-2e-05
2026-04-21 23:07:00,LINK,5.999999999999999e-06
2026-04-21 23:07:00,PYTH,-8e-06
2026-04-21 23:07:00,MON,1.1999999999999999e-05
2026-04-21 23:07:00,IP,-0.00012
2026-04-21 23:07:00,ETH,7e-06
2026-04-21 23:07:00,APEX,1.1999999999999999e-05
2026-04-21 23:07:00,TRUMP,7e-06
2026-04-21 23:07:00,PENGU,1.1999999999999999e-05
2026-04-21 23:07:00,PENDLE,1.1999999999999999e-05
2026-04-21 23:07:00,ARB,-1e-05
2026-04-21 23:07:00,SPX,1.1999999999999999e-05
2026-04-21 23:07:00,POPCAT,1.1999999999999999e-05
2026-04-21 23:07:00,AZTEC,1.9e-05
2026-04-21 23:07:00,JTO,-1.3e-05
2026-04-21 23:07:00,FIL,2.9999999999999997e-06
2026-04-21 23:07:00,CC,1.1999999999999999e-05
2026-04-21 23:07:00,GMX,1.1999999999999999e-05
2026-04-21 23:07:00,STABLE,1.1999999999999999e-05
2026-04-21 23:07:00,MEGA,1.1999999999999999e-05
2026-04-21 23:07:00,ADA,1.1000000000000001e-05
2026-04-21 23:07:00,ZORA,1.1999999999999999e-05
2026-04-21 23:07:00,NEAR,1.1000000000000001e-05
2026-04-21 23:07:00,XMR,2.1e-05
2026-04-21 23:07:00,XPL,-3.4e-05
2026-04-22 00:07:00,LINK,4e-06
2026-04-22 00:07:00,WLFI,1.1999999999999999e-05
2026-04-22 00:07:00,DOT,1.1999999999999999e-05
2026-04-22 00:07:00,EIGEN,7e-06
2026-04-22 00:07:00,MET,1.1999999999999999e-05
2026-04-22 00:07:00,PUMP,1.1999999999999999e-05
2026-04-22 00:07:00,ASTER,1.1999999999999999e-05
2026-04-22 00:07:00,GMX,1.1999999999999999e-05
2026-04-22 00:07:00,DOGE,8e-06
2026-04-22 00:07:00,ZRO,1.1999999999999999e-05
2026-04-22 00:07:00,ETH,5e-06
2026-04-22 00:07:00,MNT,1.1999999999999999e-05
2026-04-22 00:07:00,LDO,9e-06
2026-04-22 00:07:00,HBAR,1.1999999999999999e-05
2026-04-22 00:07:00,KAITO,1.1999999999999999e-05
2026-04-22 00:07:00,APEX,1.1999999999999999e-05
2026-04-22 00:07:00,ZEC,1.1999999999999999e-05
2026-04-22 00:07:00,ICP,-3e-05
2026-04-22 00:07:00,ARB,-1.8e-05
2026-04-22 00:07:00,CRV,1.1999999999999999e-05
2026-04-22 00:07:00,SEI,1.1999999999999999e-05
2026-04-22 00:07:00,BERA,8e-06
2026-04-22 00:07:00,PENGU,1.1999999999999999e-05
2026-04-22 00:07:00,MON,1.1999999999999999e-05
2026-04-22 00:07:00,ZK,1.1999999999999999e-05
2026-04-22 00:07:00,HYPE,1.1999999999999999e-05
2026-04-22 00:07:00,AXS,1.1999999999999999e-05
2026-04-22 00:07:00,STABLE,1.1999999999999999e-05
2026-04-22 00:07:00,WIF,1.1999999999999999e-05
2026-04-22 00:07:00,POPCAT,1.1999999999999999e-05
2026-04-22 00:07:00,RESOLV,1.1999999999999999e-05
2026-04-22 00:07:00,TON,9e-06
2026-04-22 00:07:00,AERO,0.0
2026-04-22 00:07:00,XRP,-8e-06
2026-04-22 00:07:00,ENA,1.1999999999999999e-05
2026-04-22 00:07:00,ETHFI,1.1999999999999999e-05
2026-04-22 00:07:00,LTC,-8e-06
2026-04-22 00:07:00,ZORA,1.1999999999999999e-05
2026-04-22 00:07:00,PYTH,-5.999999999999999e-06
2026-04-22 00:07:00,XMR,2.7000000000000002e-05
2026-04-22 00:07:00,MEGA,1.1999999999999999e-05
2026-04-22 00:07:00,SUI,1.1999999999999999e-05
2026-04-22 00:07:00,STBL,1.1999999999999999e-05
2026-04-22 00:07:00,SKY,1.1999999999999999e-05
2026-04-22 00:07:00,ONDO,-7e-06
2026-04-22 00:07:00,IP,-0.000104
2026-04-22 00:07:00,LIT,1.1999999999999999e-05
2026-04-22 00:07:00,S,9e-06
2026-04-22 00:07:00,SYRUP,1.1999999999999999e-05
2026-04-22 00:07:00,2Z,1e-06
2026-04-22 00:07:00,MORPHO,5e-06
2026-04-22 00:07:00,OP,-1e-06
2026-04-22 00:07:00,SOL,1.1999999999999999e-05
2026-04-22 00:07:00,SPX,1.1999999999999999e-05
2026-04-22 00:07:00,0G,-2.3e-05
2026-04-22 00:07:00,TRX,1e-06
2026-04-22 00:07:00,DASH,1.1999999999999999e-05
2026-04-22 00:07:00,FIL,0.0
2026-04-22 00:07:00,JUP,1.1999999999999999e-05
2026-04-22 00:07:00,ADA,1.1999999999999999e-05
2026-04-22 00:07:00,AAVE,1.1999999999999999e-05
2026-04-22 00:07:00,BNB,1.1999999999999999e-05
2026-04-22 00:07:00,TAO,1.1999999999999999e-05
2026-04-22 00:07:00,TRUMP,1.1999999999999999e-05
2026-04-22 00:07:00,UNI,1.1999999999999999e-05
2026-04-22 00:07:00,LINEA,1.1999999999999999e-05
2026-04-22 00:07:00,WLD,-0.00010999999999999999
2026-04-22 00:07:00,XPL,-3.1e-05
2026-04-22 00:07:00,PENDLE,1.1999999999999999e-05
2026-04-22 00:07:00,PROVE,9e-06
2026-04-22 00:07:00,FARTCOIN,1.1999999999999999e-05
2026-04-22 00:07:00,AVAX,1.1999999999999999e-05
2026-04-22 00:07:00,XLM,1.1999999999999999e-05
2026-04-22 00:07:00,GRASS,1.1999999999999999e-05
2026-04-22 00:07:00,BTC,-2e-06
2026-04-22 00:07:00,NEAR,1.1999999999999999e-05
2026-04-22 00:07:00,CC,1.1999999999999999e-05
2026-04-22 00:07:00,PAXG,-1.3e-05
2026-04-22 00:07:00,AZTEC,7.3e-05
2026-04-22 00:07:00,DYDX,-2.8999999999999997e-05
2026-04-22 00:07:00,STRK,1.1999999999999999e-05
2026-04-22 00:07:00,BCH,1.1000000000000001e-05
2026-04-22 00:07:00,POL,1.1999999999999999e-05
2026-04-22 00:07:00,VVV,1.1999999999999999e-05
2026-04-22 00:07:00,SKR,4.1e-05
2026-04-22 00:07:00,AVNT,1.1999999999999999e-05
2026-04-22 00:07:00,APT,1.1999999999999999e-05
2026-04-22 00:07:00,YZY,5e-06
2026-04-22 00:07:00,FOGO,5.999999999999999e-06
2026-04-22 00:07:00,VIRTUAL,-4e-06
2026-04-22 00:07:00,JTO,1.1000000000000001e-05
2026-04-22 00:07:00,TIA,1.1999999999999999e-05
2026-04-22 01:07:00,POPCAT,1.1999999999999999e-05
2026-04-22 01:07:00,APEX,1.1999999999999999e-05
2026-04-22 01:07:00,ZK,1.1999999999999999e-05
2026-04-22 01:07:00,PROVE,-2.3e-05
2026-04-22 01:07:00,WLFI,1.1999999999999999e-05
2026-04-22 01:07:00,UNI,1.1999999999999999e-05
2026-04-22 01:07:00,KAITO,1.1999999999999999e-05
2026-04-22 01:07:00,ADA,1.1999999999999999e-05
2026-04-22 01:07:00,XRP,5e-06
2026-04-22 01:07:00,DOGE,1.1999999999999999e-05
2026-04-22 01:07:00,SKY,1.1999999999999999e-05
2026-04-22 01:07:00,GRASS,1.1999999999999999e-05
2026-04-22 01:07:00,MEGA,1.1999999999999999e-05
2026-04-22 01:07:00,PAXG,-5.999999999999999e-06
2026-04-22 01:07:00,ZRO,1.1999999999999999e-05
2026-04-22 01:07:00,CC,1.1999999999999999e-05
2026-04-22 01:07:00,EIGEN,1.1999999999999999e-05
2026-04-22 01:07:00,APT,1.1999999999999999e-05
2026-04-22 01:07:00,XLM,1.1999999999999999e-05
2026-04-22 01:07:00,ETH,2e-06
2026-04-22 01:07:00,GMX,1.1999999999999999e-05
2026-04-22 01:07:00,ASTER,1.1999999999999999e-05
2026-04-22 01:07:00,STRK,1.1999999999999999e-05
2026-04-22 01:07:00,ENA,1.1999999999999999e-05
2026-04-22 01:07:00,FOGO,5e-06
2026-04-22 01:07:00,FIL,-1e-06
2026-04-22 01:07:00,LDO,1e-05
2026-04-22 01:07:00,BCH,1.1999999999999999e-05
2026-04-22 01:07:00,PUMP,1.1999999999999999e-05
2026-04-22 01:07:00,IP,-0.00014800000000000002
2026-04-22 01:07:00,POL,1.1999999999999999e-05
2026-04-22 01:07:00,TRUMP,1.1999999999999999e-05
2026-04-22 01:07:00,BERA,1.1999999999999999e-05
2026-04-22 01:07:00,DOT,1e-05
2026-04-22 01:07:00,PYTH,-1.4e-05
2026-04-22 01:07:00,SKR,-2.9999999999999997e-06
2026-04-22 01:07:00,HYPE,1.1999999999999999e-05
2026-04-22 01:07:00,2Z,1.1999999999999999e-05
2026-04-22 01:07:00,PENDLE,1.1999999999999999e-05
2026-04-22 01:07:00,SYRUP,1.1999999999999999e-05
2026-04-22 01:07:00,TRX,8e-06
2026-04-22 01:07:00,DASH,1.1999999999999999e-05
2026-04-22 01:07:00,ZEC,1.1999999999999999e-05
2026-04-22 01:07:00,NEAR,4e-06
2026-04-22 01:07:00,SUI,1e-05
2026-04-22 01:07:00,ARB,-2.7000000000000002e-05
2026-04-22 01:07:00,MORPHO,1.1999999999999999e-05
2026-04-22 01:07:00,HBAR,1.1999999999999999e-05
2026-04-22 01:07:00,STABLE,1.1999999999999999e-05
2026-04-22 01:07:00,TAO,-3e-05
2026-04-22 01:07:00,ICP,-3.8e-05
2026-04-22 01:07:00,AVNT,1.1999999999999999e-05
2026-04-22 01:07:00,SPX,1.1999999999999999e-05
2026-04-22 01:07:00,SOL,1.1999999999999999e-05
2026-04-22 01:07:00,S,1.1999999999999999e-05
2026-04-22 01:07:00,YZY,1.1999999999999999e-05
2026-04-22 01:07:00,LINEA,1e-06
2026-04-22 01:07:00,ZORA,1.1999999999999999e-05
2026-04-22 01:07:00,PENGU,1.1999999999999999e-05
2026-04-22 01:07:00,SEI,1.1999999999999999e-05
2026-04-22 01:07:00,MNT,1.1999999999999999e-05
2026-04-22 01:07:00,BNB,1.1999999999999999e-05
2026-04-22 01:07:00,AVAX,1.1999999999999999e-05
2026-04-22 01:07:00,AAVE,1.1999999999999999e-05
2026-04-22 01:07:00,XMR,1.3e-05
2026-04-22 01:07:00,0G,1.1999999999999999e-05
2026-04-22 01:07:00,OP,0.0
2026-04-22 01:07:00,AERO,-6.6e-05
2026-04-22 01:07:00,DYDX,-5e-06
2026-04-22 01:07:00,AXS,1.1000000000000001e-05
2026-04-22 01:07:00,VIRTUAL,2e-06
2026-04-22 01:07:00,WIF,1.1999999999999999e-05
2026-04-22 01:07:00,RESOLV,1.1999999999999999e-05
2026-04-22 01:07:00,TON,1.1999999999999999e-05
2026-04-22 01:07:00,VVV,1.1999999999999999e-05
2026-04-22 01:07:00,TIA,1.1999999999999999e-05
2026-04-22 01:07:00,MON,1.1999999999999999e-05
2026-04-22 01:07:00,AZTEC,4.4999999999999996e-05
2026-04-22 01:07:00,JUP,1.1999999999999999e-05
2026-04-22 01:07:00,ETHFI,1.1999999999999999e-05
2026-04-22 01:07:00,XPL,-2.1e-05
2026-04-22 01:07:00,BTC,0.0
2026-04-22 01:07:00,LIT,1.1999999999999999e-05
2026-04-22 01:07:00,CRV,1.1999999999999999e-05
2026-04-22 01:07:00,STBL,4e-05
2026-04-22 01:07:00,WLD,-0.000114
2026-04-22 01:07:00,ONDO,5.999999999999999e-06
2026-04-22 01:07:00,FARTCOIN,1.1999999999999999e-05
2026-04-22 01:07:00,MET,-0.001151
2026-04-22 01:07:00,LINK,1.1000000000000001e-05
2026-04-22 01:07:00,LTC,0.0
2026-04-22 01:07:00,JTO,-0.00046699999999999997
2026-04-22 02:07:01,TAO,-3.3e-05
2026-04-22 02:07:01,AAVE,1.1999999999999999e-05
2026-04-22 02:07:01,S,1.1999999999999999e-05
2026-04-22 02:07:01,ASTER,1.1999999999999999e-05
2026-04-22 02:07:01,KAITO,1.1999999999999999e-05
2026-04-22 02:07:01,SKR,1.1999999999999999e-05
2026-04-22 02:07:01,WLD,-0.0001
2026-04-22 02:07:01,PENDLE,1.1999999999999999e-05
2026-04-22 02:07:01,2Z,1.1999999999999999e-05
2026-04-22 02:07:01,PAXG,7e-06
2026-04-22 02:07:01,APEX,1.1999999999999999e-05
2026-04-22 02:07:01,JTO,-0.00020899999999999998
2026-04-22 02:07:01,HBAR,1.1999999999999999e-05
2026-04-22 02:07:01,XMR,0.000127
2026-04-22 02:07:01,ZORA,1.1999999999999999e-05
2026-04-22 02:07:01,TRUMP,1.1999999999999999e-05
2026-04-22 02:07:01,MON,1.1999999999999999e-05
2026-04-22 02:07:01,DASH,1.1999999999999999e-05
2026-04-22 02:07:01,IP,-4.9e-05
2026-04-22 02:07:01,PENGU,1.1999999999999999e-05
2026-04-22 02:07:01,HYPE,1.1999999999999999e-05
2026-04-22 02:07:01,SKY,1.1999999999999999e-05
2026-04-22 02:07:01,AXS,-4.3e-05
2026-04-22 02:07:01,VIRTUAL,-8e-06
2026-04-22 02:07:01,FARTCOIN,1.1999999999999999e-05
2026-04-22 02:07:01,DOGE,1.1999999999999999e-05
2026-04-22 02:07:01,GRASS,1.1999999999999999e-05
2026-04-22 02:07:01,AVNT,-0.00010999999999999999
2026-04-22 02:07:01,TIA,1.1999999999999999e-05
2026-04-22 02:07:01,LINK,1.1999999999999999e-05
2026-04-22 02:07:01,ZRO,-1.3e-05
2026-04-22 02:07:01,FIL,1.1999999999999999e-05
2026-04-22 02:07:01,SPX,1.1999999999999999e-05
2026-04-22 02:07:01,XRP,1.1999999999999999e-05
2026-04-22 02:07:01,WLFI,0.0
2026-04-22 02:07:01,STABLE,1.1999999999999999e-05
2026-04-22 02:07:01,BERA,1.1999999999999999e-05
2026-04-22 02:07:01,SOL,1.1999999999999999e-05
2026-04-22 02:07:01,AVAX,1.1999999999999999e-05
2026-04-22 02:07:01,ZK,1.1999999999999999e-05
2026-04-22 02:07:01,ICP,-1.7e-05
2026-04-22 02:07:01,ENA,1.1999999999999999e-05
2026-04-22 02:07:01,TRX,1.1999999999999999e-05
2026-04-22 02:07:01,ADA,1.1999999999999999e-05
2026-04-22 02:07:01,DOT,1.1999999999999999e-05
2026-04-22 02:07:01,SEI,1.1999999999999999e-05
2026-04-22 02:07:01,YZY,-0.000787
2026-04-22 02:07:01,SUI,1.1999999999999999e-05
2026-04-22 02:07:01,WIF,1.1999999999999999e-05
2026-04-22 02:07:01,EIGEN,1.1999999999999999e-05
2026-04-22 02:07:01,STRK,1.1999999999999999e-05
2026-04-22 02:07:01,LTC,8e-06
2026-04-22 02:07:01,GMX,1.1999999999999999e-05
2026-04-22 02:07:01,LIT,2.6e-05
2026-04-22 02:07:01,0G,1.1999999999999999e-05
2026-04-22 02:07:01,STBL,0.00015800000000000002
2026-04-22 02:07:01,OP,1.1000000000000001e-05
2026-04-22 02:07:01,MEGA,1.1999999999999999e-05
2026-04-22 02:07:01,PROVE,-2.2000000000000003e-05
2026-04-22 02:07:01,FOGO,5.999999999999999e-06
2026-04-22 02:07:01,RESOLV,1.1999999999999999e-05
2026-04-22 02:07:01,JUP,-5.999999999999999e-06
2026-04-22 02:07:01,POL,1.1999999999999999e-05
2026-04-22 02:07:01,SYRUP,1.1999999999999999e-05
2026-04-22 02:07:01,ZEC,1.1999999999999999e-05
2026-04-22 02:07:01,CRV,1.1999999999999999e-05
2026-04-22 02:07:01,CC,1.1999999999999999e-05
2026-04-22 02:07:01,MORPHO,-4.3e-05
2026-04-22 02:07:01,XPL,-4.2e-05
2026-04-22 02:07:01,ETHFI,1.1999999999999999e-05
2026-04-22 02:07:01,BTC,-8e-06
2026-04-22 02:07:01,XLM,1.1999999999999999e-05
2026-04-22 02:07:01,UNI,1.1999999999999999e-05
2026-04-22 02:07:01,DYDX,9e-06
2026-04-22 02:07:01,NEAR,1e-05
2026-04-22 02:07:01,POPCAT,1.1999999999999999e-05
2026-04-22 02:07:01,PYTH,-1.4e-05
2026-04-22 02:07:01,ARB,-1.3e-05
2026-04-22 02:07:01,TON,1.1999999999999999e-05
2026-04-22 02:07:01,LDO,1.1999999999999999e-05
2026-04-22 02:07:01,MNT,1.1999999999999999e-05
2026-04-22 02:07:01,MET,-0.000567
2026-04-22 02:07:01,VVV,1.1999999999999999e-05
2026-04-22 02:07:01,BCH,1.1999999999999999e-05
2026-04-22 02:07:01,LINEA,-1.6e-05
2026-04-22 02:07:01,BNB,1.1999999999999999e-05
2026-04-22 02:07:01,ETH,2.9999999999999997e-06
2026-04-22 02:07:01,PUMP,1.1999999999999999e-05
2026-04-22 02:07:01,AERO,-0.000213
2026-04-22 02:07:01,APT,1.1999999999999999e-05
2026-04-22 02:07:01,ONDO,-1.9e-05
2026-04-22 02:07:01,AZTEC,1.1999999999999999e-05
2026-04-22 03:07:01,ETH,1.1999999999999999e-05
2026-04-22 03:07:01,S,1.1999999999999999e-05
2026-04-22 03:07:01,GMX,1.1999999999999999e-05
2026-04-22 03:07:01,XPL,1.1999999999999999e-05
2026-04-22 03:07:01,BNB,1.1999999999999999e-05
2026-04-22 03:07:01,DOT,1.1999999999999999e-05
2026-04-22 03:07:01,STRK,1.1999999999999999e-05
2026-04-22 03:07:01,TRX,-8e-06
2026-04-22 03:07:01,MEGA,1.1999999999999999e-05
2026-04-22 03:07:01,SYRUP,1.1999999999999999e-05
2026-04-22 03:07:01,HYPE,1.1999999999999999e-05
2026-04-22 03:07:01,SEI,1.1999999999999999e-05
2026-04-22 03:07:01,LTC,1e-05
2026-04-22 03:07:01,STABLE,1.1999999999999999e-05
2026-04-22 03:07:01,RESOLV,1.1999999999999999e-05
2026-04-22 03:07:01,WLD,-8.800000000000001e-05
2026-04-22 03:07:01,CRV,1.1999999999999999e-05
2026-04-22 03:07:01,DYDX,1.1999999999999999e-05
2026-04-22 03:07:01,FIL,1.1999999999999999e-05
2026-04-22 03:07:01,ZORA,1.1999999999999999e-05
2026-04-22 03:07:01,MORPHO,-6.3e-05
2026-04-22 03:07:01,DASH,7e-06
2026-04-22 03:07:01,AERO,-0.000101
2026-04-22 03:07:01,XRP,1e-05
2026-04-22 03:07:01,HBAR,1.1999999999999999e-05
2026-04-22 03:07:01,LINK,1.1999999999999999e-05
2026-04-22 03:07:01,PENGU,1.1999999999999999e-05
2026-04-22 03:07:01,ONDO,-5e-06
2026-04-22 03:07:01,XLM,1.1999999999999999e-05
2026-04-22 03:07:01,DOGE,1.1999999999999999e-05
2026-04-22 03:07:01,ASTER,8e-06
2026-04-22 03:07:01,MON,1.1999999999999999e-05
2026-04-22 03:07:01,NEAR,1.1999999999999999e-05
2026-04-22 03:07:01,APT,1.1999999999999999e-05
2026-04-22 03:07:01,AAVE,1.1999999999999999e-05
2026-04-22 03:07:01,ZRO,1.1000000000000001e-05
2026-04-22 03:07:01,GRASS,1.1999999999999999e-05
2026-04-22 03:07:01,2Z,-6.2e-05
2026-04-22 03:07:01,ICP,8e-06
2026-04-22 03:07:01,AVAX,1.1999999999999999e-05
2026-04-22 03:07:01,VVV,1.1999999999999999e-05
2026-04-22 03:07:01,FOGO,-4.2e-05
2026-04-22 03:07:01,PROVE,-3.3e-05
2026-04-22 03:07:01,YZY,-0.0002
2026-04-22 03:07:01,AZTEC,1.5e-05
2026-04-22 03:07:01,CHIP,-5.2e-05
2026-04-22 03:07:01,POPCAT,1.1999999999999999e-05
2026-04-22 03:07:01,APEX,1.1999999999999999e-05
2026-04-22 03:07:01,XMR,4.7000000000000004e-05
2026-04-22 03:07:01,ADA,1.1999999999999999e-05
2026-04-22 03:07:01,TAO,-5e-06
2026-04-22 03:07:01,SKR,2.9999999999999997e-06
2026-04-22 03:07:01,JTO,-8.999999999999999e-05
2026-04-22 03:07:01,MNT,1.1999999999999999e-05
2026-04-22 03:07:01,PENDLE,1.1999999999999999e-05
2026-04-22 03:07:01,TON,1.1999999999999999e-05
2026-04-22 03:07:01,SOL,1.1999999999999999e-05
2026-04-22 03:07:01,ETHFI,1.1999999999999999e-05
2026-04-22 03:07:01,FARTCOIN,1.1999999999999999e-05
2026-04-22 03:07:01,STBL,9.3e-05
2026-04-22 03:07:01,OP,1.1999999999999999e-05
2026-04-22 03:07:01,ZK,1.1999999999999999e-05
2026-04-22 03:07:01,ENA,1.1999999999999999e-05
2026-04-22 03:07:01,CC,1.1999999999999999e-05
2026-04-22 03:07:01,BERA,1.1999999999999999e-05
2026-04-22 03:07:01,SUI,1.1999999999999999e-05
2026-04-22 03:07:01,VIRTUAL,4e-06
2026-04-22 03:07:01,SKY,1.1999999999999999e-05
2026-04-22 03:07:01,IP,-9.7e-05
2026-04-22 03:07:01,LINEA,-3.7000000000000005e-05
2026-04-22 03:07:01,AXS,1.1999999999999999e-05
2026-04-22 03:07:01,PUMP,1.1999999999999999e-05
2026-04-22 03:07:01,TRUMP,1.1999999999999999e-05
2026-04-22 03:07:01,WIF,1.1999999999999999e-05
2026-04-22 03:07:01,UNI,1.1999999999999999e-05
2026-04-22 03:07:01,PAXG,7e-06
2026-04-22 03:07:01,SPX,1.1999999999999999e-05
2026-04-22 03:07:01,KAITO,1.1999999999999999e-05
2026-04-22 03:07:01,WLFI,7e-06
2026-04-22 03:07:01,POL,1.1999999999999999e-05
2026-04-22 03:07:01,0G,1.1999999999999999e-05
2026-04-22 03:07:01,PYTH,1.1999999999999999e-05
2026-04-22 03:07:01,LDO,1.1000000000000001e-05
2026-04-22 03:07:01,JUP,0.0
2026-04-22 03:07:01,ARB,2e-06
2026-04-22 03:07:01,ZEC,1.1999999999999999e-05
2026-04-22 03:07:01,BCH,1.1999999999999999e-05
2026-04-22 03:07:01,TIA,1.1999999999999999e-05
2026-04-22 03:07:01,LIT,1.1999999999999999e-05
2026-04-22 03:07:01,AVNT,-0.000149
2026-04-22 03:07:01,BTC,-2e-05
2026-04-22 03:07:01,MET,-0.000181
2026-04-22 03:07:01,EIGEN,1.1999999999999999e-05
2026-04-22 04:07:01,BCH,1.1999999999999999e-05
2026-04-22 04:07:01,XLM,1.1999999999999999e-05
2026-04-22 04:07:01,SPX,1.1999999999999999e-05
2026-04-22 04:07:01,STRK,1.1999999999999999e-05
2026-04-22 04:07:01,0G,-1.5e-05
2026-04-22 04:07:01,ZEC,1.1999999999999999e-05
2026-04-22 04:07:01,IP,-3.1e-05
2026-04-22 04:07:01,PAXG,5.999999999999999e-06
2026-04-22 04:07:01,AVNT,0.0
2026-04-22 04:07:01,AERO,-3.5000000000000004e-05
2026-04-22 04:07:01,WLD,-9.7e-05
2026-04-22 04:07:01,EIGEN,-2.3e-05
2026-04-22 04:07:01,FIL,1.1999999999999999e-05
2026-04-22 04:07:01,WIF,1.1999999999999999e-05
2026-04-22 04:07:01,ASTER,1e-05
2026-04-22 04:07:01,ETHFI,1.1999999999999999e-05
2026-04-22 04:07:01,FOGO,-1.7e-05
2026-04-22 04:07:01,LINEA,-8e-06
2026-04-22 04:07:01,HBAR,1.1999999999999999e-05
2026-04-22 04:07:01,XRP,1.1999999999999999e-05
2026-04-22 04:07:01,ZRO,1.1999999999999999e-05
2026-04-22 04:07:01,UNI,1.1999999999999999e-05
2026-04-22 04:07:01,LDO,1.1999999999999999e-05
2026-04-22 04:07:01,PYTH,1.1999999999999999e-05
2026-04-22 04:07:01,XPL,1.1999999999999999e-05
2026-04-22 04:07:01,NEAR,1.1999999999999999e-05
2026-04-22 04:07:01,TIA,1.1999999999999999e-05
2026-04-22 04:07:01,AAVE,-8e-06
2026-04-22 04:07:01,RESOLV,1.1999999999999999e-05
2026-04-22 04:07:01,PENGU,1.1999999999999999e-05
2026-04-22 04:07:01,ARB,1.1000000000000001e-05
2026-04-22 04:07:01,ICP,1e-05
2026-04-22 04:07:01,DOT,1.1999999999999999e-05
2026-04-22 04:07:01,VVV,1.1999999999999999e-05
2026-04-22 04:07:01,SYRUP,1.1999999999999999e-05
2026-04-22 04:07:01,MEGA,1.1999999999999999e-05
2026-04-22 04:07:01,DASH,7e-06
2026-04-22 04:07:01,APEX,1.1999999999999999e-05
2026-04-22 04:07:01,MET,-8.099999999999999e-05
2026-04-22 04:07:01,LTC,9e-06
2026-04-22 04:07:01,TON,1.1999999999999999e-05
2026-04-22 04:07:01,OP,1e-06
2026-04-22 04:07:01,CRV,1.1999999999999999e-05
2026-04-22 04:07:01,STBL,3.8e-05
2026-04-22 04:07:01,PUMP,1.1999999999999999e-05
2026-04-22 04:07:01,ONDO,9e-06
2026-04-22 04:07:01,FARTCOIN,1.1999999999999999e-05
2026-04-22 04:07:01,VIRTUAL,1.1999999999999999e-05
2026-04-22 04:07:01,ENA,1.1999999999999999e-05
2026-04-22 04:07:01,APT,1.1999999999999999e-05
2026-04-22 04:07:01,BNB,1.1999999999999999e-05
2026-04-22 04:07:01,MNT,1.1999999999999999e-05
2026-04-22 04:07:01,S,1.1999999999999999e-05
2026-04-22 04:07:01,STABLE,1.1999999999999999e-05
2026-04-22 04:07:01,2Z,1e-06
2026-04-22 04:07:01,GMX,1.1999999999999999e-05
2026-04-22 04:07:01,SEI,1.1999999999999999e-05
2026-04-22 04:07:01,ZK,1.1999999999999999e-05
2026-04-22 04:07:01,DYDX,1.1999999999999999e-05
2026-04-22 04:07:01,PENDLE,1.1999999999999999e-05
2026-04-22 04:07:01,HYPE,1.1999999999999999e-05
2026-04-22 04:07:01,MON,1.1999999999999999e-05
2026-04-22 04:07:01,BERA,1.1999999999999999e-05
2026-04-22 04:07:01,LINK,1.1999999999999999e-05
2026-04-22 04:07:01,CHIP,2.7000000000000002e-05
2026-04-22 04:07:01,TRX,-5e-06
2026-04-22 04:07:01,CC,1.1999999999999999e-05
2026-04-22 04:07:01,AVAX,1.1999999999999999e-05
2026-04-22 04:07:01,AZTEC,6.7e-05
2026-04-22 04:07:01,ADA,1.1999999999999999e-05
2026-04-22 04:07:01,ETH,1e-05
2026-04-22 04:07:01,SOL,1.1999999999999999e-05
2026-04-22 04:07:01,MORPHO,-2e-06
2026-04-22 04:07:01,YZY,-0.0008150000000000001
2026-04-22 04:07:01,GRASS,1.1999999999999999e-05
2026-04-22 04:07:01,SKR,5.1000000000000006e-05
2026-04-22 04:07:01,AXS,1.1999999999999999e-05
2026-04-22 04:07:01,SUI,1.1999999999999999e-05
2026-04-22 04:07:01,BTC,-2.1e-05
2026-04-22 04:07:01,LIT,1.1999999999999999e-05
2026-04-22 04:07:01,TAO,1e-05
2026-04-22 04:07:01,POPCAT,1.1999999999999999e-05
2026-04-22 04:07:01,DOGE,1.1999999999999999e-05
2026-04-22 04:07:01,PROVE,-6.4e-05
2026-04-22 04:07:01,JUP,1.1999999999999999e-05
2026-04-22 04:07:01,ZORA,1.1999999999999999e-05
2026-04-22 04:07:01,POL,1.1999999999999999e-05
2026-04-22 04:07:01,SKY,1.1999999999999999e-05
2026-04-22 04:07:01,XMR,2e-05
2026-04-22 04:07:01,WLFI,-1.6e-05
2026-04-22 04:07:01,TRUMP,1.1999999999999999e-05
2026-04-22 04:07:01,KAITO,1.1999999999999999e-05
2026-04-22 04:07:01,JTO,-8.4e-05
2026-04-22 05:07:00,KAITO,1.1999999999999999e-05
2026-04-22 05:07:00,YZY,-0.001119
2026-04-22 05:07:00,VVV,1.1999999999999999e-05
2026-04-22 05:07:00,DOGE,1.1999999999999999e-05
2026-04-22 05:07:00,MEGA,1.1999999999999999e-05
2026-04-22 05:07:00,WLD,-7.1e-05
2026-04-22 05:07:00,STRK,1.1999999999999999e-05
2026-04-22 05:07:00,ONDO,9e-06
2026-04-22 05:07:00,GRASS,1.1999999999999999e-05
2026-04-22 05:07:00,DYDX,1.1999999999999999e-05
2026-04-22 05:07:00,ETH,5e-06
2026-04-22 05:07:00,FOGO,-3.2e-05
2026-04-22 05:07:00,APEX,1.1999999999999999e-05
2026-04-22 05:07:00,XPL,1.1999999999999999e-05
2026-04-22 05:07:00,TRUMP,1.1999999999999999e-05
2026-04-22 05:07:00,JUP,1.1999999999999999e-05
2026-04-22 05:07:00,SYRUP,1.1999999999999999e-05
2026-04-22 05:07:00,LINK,1.1999999999999999e-05
2026-04-22 05:07:00,ZRO,1.1999999999999999e-05
2026-04-22 05:07:00,MNT,1.1999999999999999e-05
2026-04-22 05:07:00,HBAR,1.1999999999999999e-05
2026-04-22 05:07:00,ICP,1.1999999999999999e-05
2026-04-22 05:07:00,SKY,1.1999999999999999e-05
2026-04-22 05:07:00,CC,1.1999999999999999e-05
2026-04-22 05:07:00,POL,1.1999999999999999e-05
2026-04-22 05:07:00,BNB,1.1999999999999999e-05
2026-04-22 05:07:00,0G,1e-05
2026-04-22 05:07:00,MON,1.1999999999999999e-05
2026-04-22 05:07:00,ADA,1.1999999999999999e-05
2026-04-22 05:07:00,AAVE,1.1999999999999999e-05
2026-04-22 05:07:00,LIT,1.1999999999999999e-05
2026-04-22 05:07:00,ENA,1.1999999999999999e-05
2026-04-22 05:07:00,PENDLE,1.1999999999999999e-05
2026-04-22 05:07:00,MORPHO,1.1999999999999999e-05
2026-04-22 05:07:00,ETHFI,1.1999999999999999e-05
2026-04-22 05:07:00,SPX,1.1999999999999999e-05
2026-04-22 05:07:00,STBL,7.900000000000001e-05
2026-04-22 05:07:00,JTO,-9.400000000000001e-05
2026-04-22 05:07:00,ARB,1.1999999999999999e-05
2026-04-22 05:07:00,FIL,1.1999999999999999e-05
2026-04-22 05:07:00,FARTCOIN,1.1999999999999999e-05
2026-04-22 05:07:00,XLM,1.1999999999999999e-05
2026-04-22 05:07:00,BERA,1.1999999999999999e-05
2026-04-22 05:07:00,CHIP,1.1999999999999999e-05
2026-04-22 05:07:00,AXS,1.1999999999999999e-05
2026-04-22 05:07:00,ZK,1.1999999999999999e-05
2026-04-22 05:07:00,PAXG,1e-05
2026-04-22 05:07:00,POPCAT,1.1999999999999999e-05
2026-04-22 05:07:00,GMX,1.1999999999999999e-05
2026-04-22 05:07:00,PUMP,1.1999999999999999e-05
2026-04-22 05:07:00,DASH,9e-06
2026-04-22 05:07:00,WIF,1.1999999999999999e-05
2026-04-22 05:07:00,HYPE,1.1999999999999999e-05
2026-04-22 05:07:00,LDO,1.1999999999999999e-05
2026-04-22 05:07:00,WLFI,-1.5e-05
2026-04-22 05:07:00,NEAR,1.1999999999999999e-05
2026-04-22 05:07:00,TON,1.1999999999999999e-05
2026-04-22 05:07:00,SEI,1.1999999999999999e-05
2026-04-22 05:07:00,SOL,1.1999999999999999e-05
2026-04-22 05:07:00,CRV,1.1999999999999999e-05
2026-04-22 05:07:00,DOT,1.1999999999999999e-05
2026-04-22 05:07:00,2Z,1.1999999999999999e-05
2026-04-22 05:07:00,PYTH,1.1999999999999999e-05
2026-04-22 05:07:00,RESOLV,1.1999999999999999e-05
2026-04-22 05:07:00,S,1.1999999999999999e-05
2026-04-22 05:07:00,TRX,-5e-06
2026-04-22 05:07:00,OP,1.1000000000000001e-05
2026-04-22 05:07:00,MET,-2.8e-05
2026-04-22 05:07:00,VIRTUAL,1.1999999999999999e-05
2026-04-22 05:07:00,AZTEC,7.900000000000001e-05
2026-04-22 05:07:00,LINEA,1e-05
2026-04-22 05:07:00,PROVE,-4e-06
2026-04-22 05:07:00,PENGU,1.1999999999999999e-05
2026-04-22 05:07:00,UNI,1.1999999999999999e-05
2026-04-22 05:07:00,EIGEN,-8.800000000000001e-05
2026-04-22 05:07:00,TIA,1.1999999999999999e-05
2026-04-22 05:07:00,IP,-6.9e-05
2026-04-22 05:07:00,AERO,-9.7e-05
2026-04-22 05:07:00,BCH,1.1999999999999999e-05
2026-04-22 05:07:00,AVAX,1.1999999999999999e-05
2026-04-22 05:07:00,SUI,1.1999999999999999e-05
2026-04-22 05:07:00,LTC,1.1000000000000001e-05
2026-04-22 05:07:00,STABLE,1.1999999999999999e-05
2026-04-22 05:07:00,XMR,0.0001
2026-04-22 05:07:00,ZEC,1.1999999999999999e-05
2026-04-22 05:07:00,AVNT,1.1999999999999999e-05
2026-04-22 05:07:00,BTC,-1.6e-05
2026-04-22 05:07:00,SKR,0.000127
2026-04-22 05:07:00,APT,1.1999999999999999e-05
2026-04-22 05:07:00,ASTER,1.1999999999999999e-05
2026-04-22 05:07:00,XRP,1.1999999999999999e-05
2026-04-22 05:07:00,ZORA,1.1999999999999999e-05
2026-04-22 05:07:00,TAO,-4e-06
2026-04-22 06:07:01,XRP,1.1999999999999999e-05
2026-04-22 06:07:01,APT,1.1999999999999999e-05
2026-04-22 06:07:01,ARB,1.1999999999999999e-05
2026-04-22 06:07:01,OP,1.1999999999999999e-05
2026-04-22 06:07:01,YZY,-6.4e-05
2026-04-22 06:07:01,WIF,1.1999999999999999e-05
2026-04-22 06:07:01,ZK,1.1999999999999999e-05
2026-04-22 06:07:01,BERA,1.1999999999999999e-05
2026-04-22 06:07:01,2Z,1e-06
2026-04-22 06:07:01,DOGE,1.1999999999999999e-05
2026-04-22 06:07:01,DOT,1.1999999999999999e-05
2026-04-22 06:07:01,MET,-2.1e-05
2026-04-22 06:07:01,PENGU,1.1999999999999999e-05
2026-04-22 06:07:01,AAVE,1.1999999999999999e-05
2026-04-22 06:07:01,ENA,1.1999999999999999e-05
2026-04-22 06:07:01,WLFI,1.1999999999999999e-05
2026-04-22 06:07:01,SKR,2.3e-05
2026-04-22 06:07:01,GMX,1.1999999999999999e-05
2026-04-22 06:07:01,TRX,1.1000000000000001e-05
2026-04-22 06:07:01,XPL,1.1999999999999999e-05
2026-04-22 06:07:01,TON,1.1999999999999999e-05
2026-04-22 06:07:01,DYDX,1.1999999999999999e-05
2026-04-22 06:07:01,AXS,1.1999999999999999e-05
2026-04-22 06:07:01,LTC,1.1999999999999999e-05
2026-04-22 06:07:01,BTC,-1.1000000000000001e-05
2026-04-22 06:07:01,MNT,1.1999999999999999e-05
2026-04-22 06:07:01,LINK,1.1999999999999999e-05
2026-04-22 06:07:01,CHIP,0.00025100000000000003
2026-04-22 06:07:01,PAXG,1.1999999999999999e-05
2026-04-22 06:07:01,RESOLV,1.1999999999999999e-05
2026-04-22 06:07:01,ICP,1.1999999999999999e-05
2026-04-22 06:07:01,STABLE,-0.000114
2026-04-22 06:07:01,ASTER,1.1999999999999999e-05
2026-04-22 06:07:01,JTO,2.9999999999999997e-06
2026-04-22 06:07:01,PROVE,7e-06
2026-04-22 06:07:01,MORPHO,1.1999999999999999e-05
2026-04-22 06:07:01,BNB,1.1999999999999999e-05
2026-04-22 06:07:01,STBL,0.00010800000000000001
2026-04-22 06:07:01,PENDLE,1.1999999999999999e-05
2026-04-22 06:07:01,POL,1.1999999999999999e-05
2026-04-22 06:07:01,ONDO,1.1999999999999999e-05
2026-04-22 06:07:01,MEGA,1.1999999999999999e-05
2026-04-22 06:07:01,ETHFI,1.1999999999999999e-05
2026-04-22 06:07:01,PUMP,1.1999999999999999e-05
2026-04-22 06:07:01,DASH,1e-06
2026-04-22 06:07:01,XMR,1.6e-05
2026-04-22 06:07:01,ETH,-2e-06
2026-04-22 06:07:01,STRK,1.1999999999999999e-05
2026-04-22 06:07:01,LIT,1.1999999999999999e-05
2026-04-22 06:07:01,HBAR,1.1999999999999999e-05
2026-04-22 06:07:01,LDO,1.1999999999999999e-05
2026-04-22 06:07:01,TIA,1.1999999999999999e-05
2026-04-22 06:07:01,TRUMP,1.1999999999999999e-05
2026-04-22 06:07:01,FIL,1.1999999999999999e-05
2026-04-22 06:07:01,IP,-4e-06
2026-04-22 06:07:01,ZRO,1.1999999999999999e-05
2026-04-22 06:07:01,S,1.1999999999999999e-05
2026-04-22 06:07:01,ZEC,1.1999999999999999e-05
2026-04-22 06:07:01,PYTH,1.1999999999999999e-05
2026-04-22 06:07:01,ADA,1.1999999999999999e-05
2026-04-22 06:07:01,ZORA,1.1999999999999999e-05
2026-04-22 06:07:01,SUI,1.1999999999999999e-05
2026-04-22 06:07:01,JUP,4e-06
2026-04-22 06:07:01,SKY,1.1999999999999999e-05
2026-04-22 06:07:01,VVV,1.1999999999999999e-05
2026-04-22 06:07:01,GRASS,1.1999999999999999e-05
2026-04-22 06:07:01,SEI,1.1999999999999999e-05
2026-04-22 06:07:01,HYPE,1.1999999999999999e-05
2026-04-22 06:07:01,APEX,1.1999999999999999e-05
2026-04-22 06:07:01,EIGEN,-8e-06
2026-04-22 06:07:01,WLD,-7.2e-05
2026-04-22 06:07:01,BCH,1.1999999999999999e-05
2026-04-22 06:07:01,AVAX,1.1999999999999999e-05
2026-04-22 06:07:01,FARTCOIN,1.1999999999999999e-05
2026-04-22 06:07:01,SPX,1.1999999999999999e-05
2026-04-22 06:07:01,CRV,1.1999999999999999e-05
2026-04-22 06:07:01,VIRTUAL,1.1999999999999999e-05
2026-04-22 06:07:01,AZTEC,1.8e-05
2026-04-22 06:07:01,AVNT,1.1999999999999999e-05
2026-04-22 06:07:01,SYRUP,1.1999999999999999e-05
2026-04-22 06:07:01,MON,1.1999999999999999e-05
2026-04-22 06:07:01,LINEA,1.1000000000000001e-05
2026-04-22 06:07:01,AERO,-0.000157
2026-04-22 06:07:01,NEAR,1.1999999999999999e-05
2026-04-22 06:07:01,SOL,1.1999999999999999e-05
2026-04-22 06:07:01,KAITO,1.1999999999999999e-05
2026-04-22 06:07:01,CC,1.1999999999999999e-05
2026-04-22 06:07:01,POPCAT,1.1999999999999999e-05
2026-04-22 06:07:01,FOGO,-4.4000000000000006e-05
2026-04-22 06:07:01,TAO,1.1999999999999999e-05
2026-04-22 06:07:01,0G,-1e-05
2026-04-22 06:07:01,XLM,1.1999999999999999e-05
2026-04-22 06:07:01,UNI,1.1999999999999999e-05
2026-04-22 07:07:01,MEGA,1.1999999999999999e-05
2026-04-22 07:07:01,TAO,1.1999999999999999e-05
2026-04-22 07:07:01,YZY,-0.000698
2026-04-22 07:07:01,SKR,1.1999999999999999e-05
2026-04-22 07:07:01,HYPE,1.1999999999999999e-05
2026-04-22 07:07:01,APEX,1.1999999999999999e-05
2026-04-22 07:07:01,JUP,0.0
2026-04-22 07:07:01,ZORA,1.1999999999999999e-05
2026-04-22 07:07:01,WLD,-9.499999999999999e-05
2026-04-22 07:07:01,BNB,1.1999999999999999e-05
2026-04-22 07:07:01,ETH,-9e-06
2026-04-22 07:07:01,OP,1.1999999999999999e-05
2026-04-22 07:07:01,ASTER,1.1999999999999999e-05
2026-04-22 07:07:01,0G,-3.4e-05
2026-04-22 07:07:01,STBL,1.9e-05
2026-04-22 07:07:01,STRK,1.1999999999999999e-05
2026-04-22 07:07:01,EIGEN,9e-06
2026-04-22 07:07:01,SOL,1.1999999999999999e-05
2026-04-22 07:07:01,MON,1.1999999999999999e-05
2026-04-22 07:07:01,APT,1.1999999999999999e-05
2026-04-22 07:07:01,WLFI,1.1999999999999999e-05
2026-04-22 07:07:01,BTC,-1.7e-05
2026-04-22 07:07:01,LTC,1.1999999999999999e-05
2026-04-22 07:07:01,BERA,1.1999999999999999e-05
2026-04-22 07:07:01,VVV,1.1999999999999999e-05
2026-04-22 07:07:01,MET,-0.000738
2026-04-22 07:07:01,STABLE,1e-05
2026-04-22 07:07:01,2Z,-5.999999999999999e-06
2026-04-22 07:07:01,DOGE,1.1999999999999999e-05
2026-04-22 07:07:01,DYDX,1.1999999999999999e-05
2026-04-22 07:07:01,LINK,1.1999999999999999e-05
2026-04-22 07:07:01,FARTCOIN,1.1999999999999999e-05
2026-04-22 07:07:01,PENGU,1.1999999999999999e-05
2026-04-22 07:07:01,LIT,1.1999999999999999e-05
2026-04-22 07:07:01,S,1.1999999999999999e-05
2026-04-22 07:07:01,HBAR,1.1999999999999999e-05
2026-04-22 07:07:01,PYTH,1.1999999999999999e-05
2026-04-22 07:07:01,SPX,1.1999999999999999e-05
2026-04-22 07:07:01,IP,1.1999999999999999e-05
2026-04-22 07:07:01,AVAX,1.1999999999999999e-05
2026-04-22 07:07:01,XRP,1.1999999999999999e-05
2026-04-22 07:07:01,XLM,1.1999999999999999e-05
2026-04-22 07:07:01,XMR,9.900000000000001e-05
2026-04-22 07:07:01,AVNT,-3e-05
2026-04-22 07:07:01,KAITO,1.1999999999999999e-05
2026-04-22 07:07:01,FOGO,-8.800000000000001e-05
2026-04-22 07:07:01,ICP,1.1999999999999999e-05
2026-04-22 07:07:01,ZEC,1.1999999999999999e-05
2026-04-22 07:07:01,POPCAT,1.1999999999999999e-05
2026-04-22 07:07:01,TRUMP,1.1999999999999999e-05
2026-04-22 07:07:01,ONDO,1.1999999999999999e-05
2026-04-22 07:07:01,SEI,-5e-06
2026-04-22 07:07:01,AAVE,1.1999999999999999e-05
2026-04-22 07:07:01,VIRTUAL,1.1999999999999999e-05
2026-04-22 07:07:01,PROVE,1e-06
2026-04-22 07:07:01,ZRO,1.1999999999999999e-05
2026-04-22 07:07:01,PUMP,1.1999999999999999e-05
2026-04-22 07:07:01,MNT,1.1999999999999999e-05
2026-04-22 07:07:01,DASH,5.999999999999999e-06
2026-04-22 07:07:01,LINEA,1.1999999999999999e-05
2026-04-22 07:07:01,SUI,1.1999999999999999e-05
2026-04-22 07:07:01,TON,1.1999999999999999e-05
2026-04-22 07:07:01,SKY,1.1999999999999999e-05
2026-04-22 07:07:01,UNI,1.1999999999999999e-05
2026-04-22 07:07:01,AXS,1.1999999999999999e-05
2026-04-22 07:07:01,GRASS,1.1999999999999999e-05
2026-04-22 07:07:01,CHIP,5e-05
2026-04-22 07:07:01,MORPHO,1.1999999999999999e-05
2026-04-22 07:07:01,RESOLV,1.1999999999999999e-05
2026-04-22 07:07:01,GMX,-2.9999999999999997e-06
2026-04-22 07:07:01,LDO,1.1999999999999999e-05
2026-04-22 07:07:01,POL,1.1999999999999999e-05
2026-04-22 07:07:01,WIF,1.1999999999999999e-05
2026-04-22 07:07:01,PENDLE,1.1999999999999999e-05
2026-04-22 07:07:01,AERO,-5e-06
2026-04-22 07:07:01,ARB,1.1999999999999999e-05
2026-04-22 07:07:01,AZTEC,2.8999999999999997e-05
2026-04-22 07:07:01,ZK,1.1999999999999999e-05
2026-04-22 07:07:01,ADA,1.1999999999999999e-05
2026-04-22 07:07:01,TRX,1.1999999999999999e-05
2026-04-22 07:07:01,FIL,1.1999999999999999e-05
2026-04-22 07:07:01,ENA,1.1999999999999999e-05
2026-04-22 07:07:01,SYRUP,1.1999999999999999e-05
2026-04-22 07:07:01,PAXG,1.1999999999999999e-05
2026-04-22 07:07:01,ETHFI,1.1999999999999999e-05
2026-04-22 07:07:01,XPL,1.1000000000000001e-05
2026-04-22 07:07:01,TIA,1.1999999999999999e-05
2026-04-22 07:07:01,DOT,1.1999999999999999e-05
2026-04-22 07:07:01,CC,1.1999999999999999e-05
2026-04-22 07:07:01,CRV,1.1999999999999999e-05
2026-04-22 07:07:01,NEAR,1.1999999999999999e-05
2026-04-22 07:07:01,JTO,1e-06
2026-04-22 07:07:01,BCH,1.1999999999999999e-05
2026-04-22 08:07:00,DYDX,1.1999999999999999e-05
2026-04-22 08:07:00,CHIP,-0.000145
2026-04-22 08:07:00,EIGEN,1.1999999999999999e-05
2026-04-22 08:07:00,BTC,-8e-06
2026-04-22 08:07:00,S,1.1999999999999999e-05
2026-04-22 08:07:00,PAXG,1.1999999999999999e-05
2026-04-22 08:07:00,XRP,1.1999999999999999e-05
2026-04-22 08:07:00,TAO,1.1999999999999999e-05
2026-04-22 08:07:00,ENA,1.1999999999999999e-05
2026-04-22 08:07:00,VVV,1.1999999999999999e-05
2026-04-22 08:07:00,ETHFI,1.1999999999999999e-05
2026-04-22 08:07:00,WLFI,1.1999999999999999e-05
2026-04-22 08:07:00,WIF,1.1999999999999999e-05
2026-04-22 08:07:00,CRV,1.1999999999999999e-05
2026-04-22 08:07:00,ICP,1.1999999999999999e-05
2026-04-22 08:07:00,LDO,-5e-06
2026-04-22 08:07:00,PUMP,1.1999999999999999e-05
2026-04-22 08:07:00,FIL,1.1999999999999999e-05
2026-04-22 08:07:00,FOGO,-9.2e-05
2026-04-22 08:07:00,DOGE,1.1999999999999999e-05
2026-04-22 08:07:00,ADA,1.1999999999999999e-05
2026-04-22 08:07:00,LTC,1.1999999999999999e-05
2026-04-22 08:07:00,JUP,1e-06
2026-04-22 08:07:00,RESOLV,1.1999999999999999e-05
2026-04-22 08:07:00,HBAR,1.1999999999999999e-05
2026-04-22 08:07:00,JTO,-1.4e-05
2026-04-22 08:07:00,POPCAT,1.1999999999999999e-05
2026-04-22 08:07:00,LIT,1.1999999999999999e-05
2026-04-22 08:07:00,DOT,1.1999999999999999e-05
2026-04-22 08:07:00,SKR,1.1999999999999999e-05
2026-04-22 08:07:00,ZEC,1.1999999999999999e-05
2026-04-22 08:07:00,XMR,0.00012
2026-04-22 08:07:00,TRX,7e-06
2026-04-22 08:07:00,GMX,1.1999999999999999e-05
2026-04-22 08:07:00,PYTH,1.1999999999999999e-05
2026-04-22 08:07:00,SYRUP,1.1999999999999999e-05
2026-04-22 08:07:00,APT,1.1999999999999999e-05
2026-04-22 08:07:00,ARB,1.1999999999999999e-05
2026-04-22 08:07:00,SPX,1.1999999999999999e-05
2026-04-22 08:07:00,TIA,1.1999999999999999e-05
2026-04-22 08:07:00,ETH,-1.1999999999999999e-05
2026-04-22 08:07:00,HYPE,1.1000000000000001e-05
2026-04-22 08:07:00,XLM,1.1999999999999999e-05
2026-04-22 08:07:00,SUI,1.1999999999999999e-05
2026-04-22 08:07:00,ZRO,1.1999999999999999e-05
2026-04-22 08:07:00,YZY,-1.6e-05
2026-04-22 08:07:00,NEAR,1.1999999999999999e-05
2026-04-22 08:07:00,SKY,1.1999999999999999e-05
2026-04-22 08:07:00,2Z,1.1999999999999999e-05
2026-04-22 08:07:00,MET,-0.000421
2026-04-22 08:07:00,FARTCOIN,1.1999999999999999e-05
2026-04-22 08:07:00,KAITO,1.1999999999999999e-05
2026-04-22 08:07:00,WLD,-0.000101
2026-04-22 08:07:00,AAVE,1.1999999999999999e-05
2026-04-22 08:07:00,MORPHO,1.1999999999999999e-05
2026-04-22 08:07:00,0G,8e-06
2026-04-22 08:07:00,ZORA,1.1999999999999999e-05
2026-04-22 08:07:00,XPL,-9e-06
2026-04-22 08:07:00,SOL,1.1999999999999999e-05
2026-04-22 08:07:00,BNB,1.1999999999999999e-05
2026-04-22 08:07:00,AERO,-0.000104
2026-04-22 08:07:00,PROVE,1.1999999999999999e-05
2026-04-22 08:07:00,OP,-1e-05
2026-04-22 08:07:00,AZTEC,1.6e-05
2026-04-22 08:07:00,VIRTUAL,1.1999999999999999e-05
2026-04-22 08:07:00,AXS,1.1999999999999999e-05
2026-04-22 08:07:00,DASH,1.1999999999999999e-05
2026-04-22 08:07:00,UNI,1.1999999999999999e-05
2026-04-22 08:07:00,STBL,1.1999999999999999e-05
2026-04-22 08:07:00,AVNT,-0.00015
2026-04-22 08:07:00,BCH,1.1999999999999999e-05
2026-04-22 08:07:00,MON,1.1999999999999999e-05
2026-04-22 08:07:00,TRUMP,1.1999999999999999e-05
2026-04-22 08:07:00,LINEA,1.1999999999999999e-05
2026-04-22 08:07:00,MNT,1.1999999999999999e-05
2026-04-22 08:07:00,IP,1.1999999999999999e-05
2026-04-22 08:07:00,ONDO,1.1999999999999999e-05
2026-04-22 08:07:00,LINK,1.1999999999999999e-05
2026-04-22 08:07:00,MEGA,1.1999999999999999e-05
2026-04-22 08:07:00,ZK,1.1999999999999999e-05
2026-04-22 08:07:00,GRASS,1.1999999999999999e-05
2026-04-22 08:07:00,POL,1.1999999999999999e-05
2026-04-22 08:07:00,SEI,1.1000000000000001e-05
2026-04-22 08:07:00,PENDLE,1.1999999999999999e-05
2026-04-22 08:07:00,TON,1.1999999999999999e-05
2026-04-22 08:07:00,PENGU,1.1999999999999999e-05
2026-04-22 08:07:00,AVAX,1.1999999999999999e-05
2026-04-22 08:07:00,CC,1.1999999999999999e-05
2026-04-22 08:07:00,STRK,1.1999999999999999e-05
2026-04-22 08:07:00,BERA,1.1999999999999999e-05
2026-04-22 08:07:00,APEX,1.1999999999999999e-05
2026-04-22 08:07:00,ASTER,1.1999999999999999e-05
2026-04-22 08:07:00,STABLE,1.1999999999999999e-05
2026-04-22 09:07:00,VIRTUAL,1.1999999999999999e-05
2026-04-22 09:07:00,XLM,1.1999999999999999e-05
2026-04-22 09:07:00,ETH,0.0
2026-04-22 09:07:00,PROVE,-1e-06
2026-04-22 09:07:00,ZEC,1.1999999999999999e-05
2026-04-22 09:07:00,MNT,1.1999999999999999e-05
2026-04-22 09:07:00,STRK,1.1999999999999999e-05
2026-04-22 09:07:00,XRP,1.1000000000000001e-05
2026-04-22 09:07:00,HBAR,1.1999999999999999e-05
2026-04-22 09:07:00,XMR,5.9e-05
2026-04-22 09:07:00,ZRO,1.1999999999999999e-05
2026-04-22 09:07:00,JUP,-8e-06
2026-04-22 09:07:00,SYRUP,1.1999999999999999e-05
2026-04-22 09:07:00,AZTEC,1.5e-05
2026-04-22 09:07:00,TRX,0.0
2026-04-22 09:07:00,MON,1.1999999999999999e-05
2026-04-22 09:07:00,HYPE,1.1999999999999999e-05
2026-04-22 09:07:00,AVNT,-0.00043400000000000003
2026-04-22 09:07:00,ASTER,1.1999999999999999e-05
2026-04-22 09:07:00,MORPHO,1.1999999999999999e-05
2026-04-22 09:07:00,ETHFI,1.1999999999999999e-05
2026-04-22 09:07:00,ENA,1.1999999999999999e-05
2026-04-22 09:07:00,IP,9e-06
2026-04-22 09:07:00,NEAR,1.1999999999999999e-05
2026-04-22 09:07:00,DYDX,1.1999999999999999e-05
2026-04-22 09:07:00,PYTH,1.1999999999999999e-05
2026-04-22 09:07:00,APT,1.1999999999999999e-05
2026-04-22 09:07:00,LTC,1.1999999999999999e-05
2026-04-22 09:07:00,KAITO,1.1999999999999999e-05
2026-04-22 09:07:00,GRASS,1.1999999999999999e-05
2026-04-22 09:07:00,TAO,1.1999999999999999e-05
2026-04-22 09:07:00,XPL,-5e-06
2026-04-22 09:07:00,VVV,1.1999999999999999e-05
2026-04-22 09:07:00,PENGU,1.1999999999999999e-05
2026-04-22 09:07:00,JTO,-6.8e-05
2026-04-22 09:07:00,DOGE,1.1999999999999999e-05
2026-04-22 09:07:00,BTC,0.0
2026-04-22 09:07:00,SEI,1.1999999999999999e-05
2026-04-22 09:07:00,BCH,1.1999999999999999e-05
2026-04-22 09:07:00,PUMP,1.1999999999999999e-05
2026-04-22 09:07:00,PENDLE,1.1999999999999999e-05
2026-04-22 09:07:00,MEGA,1.1999999999999999e-05
2026-04-22 09:07:00,GMX,1.1999999999999999e-05
2026-04-22 09:07:00,AERO,-8e-05
2026-04-22 09:07:00,LIT,1.5e-05
2026-04-22 09:07:00,EIGEN,-4e-06
2026-04-22 09:07:00,AVAX,1.1999999999999999e-05
2026-04-22 09:07:00,ONDO,1.1999999999999999e-05
2026-04-22 09:07:00,POL,1.1999999999999999e-05
2026-04-22 09:07:00,FARTCOIN,1.1999999999999999e-05
2026-04-22 09:07:00,LINEA,1.1999999999999999e-05
2026-04-22 09:07:00,MET,-0.000356
2026-04-22 09:07:00,STABLE,-0.000106
2026-04-22 09:07:00,CRV,1.1999999999999999e-05
2026-04-22 09:07:00,WIF,1.1999999999999999e-05
2026-04-22 09:07:00,TIA,1e-06
2026-04-22 09:07:00,ADA,1.1999999999999999e-05
2026-04-22 09:07:00,CC,1.1999999999999999e-05
2026-04-22 09:07:00,FIL,1.1999999999999999e-05
2026-04-22 09:07:00,DASH,1.1999999999999999e-05
2026-04-22 09:07:00,LDO,1.1000000000000001e-05
2026-04-22 09:07:00,ZK,1.1999999999999999e-05
2026-04-22 09:07:00,WLFI,1.1999999999999999e-05
2026-04-22 09:07:00,TON,1.1999999999999999e-05
2026-04-22 09:07:00,ICP,1.1999999999999999e-05
2026-04-22 09:07:00,APEX,1.1999999999999999e-05
2026-04-22 09:07:00,ARB,1.1999999999999999e-05
2026-04-22 09:07:00,DOT,1.1999999999999999e-05
2026-04-22 09:07:00,SOL,1.1999999999999999e-05
2026-04-22 09:07:00,POPCAT,1.1999999999999999e-05
2026-04-22 09:07:00,FOGO,-8.5e-05
2026-04-22 09:07:00,UNI,1.1999999999999999e-05
2026-04-22 09:07:00,WLD,-4.7000000000000004e-05
2026-04-22 09:07:00,CHIP,-5.1000000000000006e-05
2026-04-22 09:07:00,SPX,1.1999999999999999e-05
2026-04-22 09:07:00,OP,-1.1999999999999999e-05
2026-04-22 09:07:00,0G,-7e-06
2026-04-22 09:07:00,STBL,1.1999999999999999e-05
2026-04-22 09:07:00,ZORA,1.1999999999999999e-05
2026-04-22 09:07:00,RESOLV,1.1999999999999999e-05
2026-04-22 09:07:00,BNB,1.1999999999999999e-05
2026-04-22 09:07:00,SKY,1.1999999999999999e-05
2026-04-22 09:07:00,LINK,1.1999999999999999e-05
2026-04-22 09:07:00,AXS,1.1999999999999999e-05
2026-04-22 09:07:00,YZY,9e-06
2026-04-22 09:07:00,S,1.1999999999999999e-05
2026-04-22 09:07:00,2Z,1.1000000000000001e-05
2026-04-22 09:07:00,SUI,1.1999999999999999e-05
2026-04-22 09:07:00,TRUMP,1.1999999999999999e-05
2026-04-22 09:07:00,SKR,1e-05
2026-04-22 09:07:00,BERA,1.1999999999999999e-05
2026-04-22 09:07:00,AAVE,1.1999999999999999e-05
2026-04-22 09:07:00,PAXG,1.1999999999999999e-05
2026-04-22 10:07:00,STRK,2e-06
2026-04-22 10:07:00,SUI,1.1999999999999999e-05
2026-04-22 10:07:00,PYTH,1.1999999999999999e-05
2026-04-22 10:07:00,TAO,1.1999999999999999e-05
2026-04-22 10:07:00,BERA,1.1999999999999999e-05
2026-04-22 10:07:00,JTO,-6.5e-05
2026-04-22 10:07:00,ETH,5.999999999999999e-06
2026-04-22 10:07:00,OP,-2.3999999999999997e-05
2026-04-22 10:07:00,HYPE,1.1000000000000001e-05
2026-04-22 10:07:00,ONDO,1.1999999999999999e-05
2026-04-22 10:07:00,CRV,1.1999999999999999e-05
2026-04-22 10:07:00,LIT,1.4e-05
2026-04-22 10:07:00,DOT,1.1999999999999999e-05
2026-04-22 10:07:00,LTC,1.1999999999999999e-05
2026-04-22 10:07:00,XRP,1.1999999999999999e-05
2026-04-22 10:07:00,AVNT,-0.000533
2026-04-22 10:07:00,LINK,1.1999999999999999e-05
2026-04-22 10:07:00,MNT,1.1999999999999999e-05
2026-04-22 10:07:00,VIRTUAL,1.1000000000000001e-05
2026-04-22 10:07:00,STBL,1.7e-05
2026-04-22 10:07:00,POPCAT,1.1999999999999999e-05
2026-04-22 10:07:00,FOGO,-7.2e-05
2026-04-22 10:07:00,DYDX,1.1999999999999999e-05
2026-04-22 10:07:00,LINEA,1.1999999999999999e-05
2026-04-22 10:07:00,ENA,1e-05
2026-04-22 10:07:00,ZRO,1.1999999999999999e-05
2026-04-22 10:07:00,DOGE,1.1999999999999999e-05
2026-04-22 10:07:00,GRASS,1.1999999999999999e-05
2026-04-22 10:07:00,PAXG,4e-06
2026-04-22 10:07:00,TRX,1.1000000000000001e-05
2026-04-22 10:07:00,STABLE,-1.5e-05
2026-04-22 10:07:00,APT,1.1999999999999999e-05
2026-04-22 10:07:00,0G,-6.2e-05
2026-04-22 10:07:00,AAVE,1.1999999999999999e-05
2026-04-22 10:07:00,SKR,7e-06
2026-04-22 10:07:00,PUMP,1.1999999999999999e-05
2026-04-22 10:07:00,AVAX,1.1999999999999999e-05
2026-04-22 10:07:00,SOL,1.1999999999999999e-05
2026-04-22 10:07:00,WLD,-0.000103
2026-04-22 10:07:00,APEX,1.1999999999999999e-05
2026-04-22 10:07:00,TIA,5.999999999999999e-06
2026-04-22 10:07:00,ZORA,1.1999999999999999e-05
2026-04-22 10:07:00,MET,-0.000184
2026-04-22 10:07:00,GMX,1.1999999999999999e-05
2026-04-22 10:07:00,ASTER,1.1999999999999999e-05
2026-04-22 10:07:00,LDO,1.1999999999999999e-05
2026-04-22 10:07:00,XMR,2.3999999999999997e-05
2026-04-22 10:07:00,BNB,1.1999999999999999e-05
2026-04-22 10:07:00,BTC,-2e-06
2026-04-22 10:07:00,RESOLV,1.1999999999999999e-05
2026-04-22 10:07:00,MON,-3.6e-05
2026-04-22 10:07:00,SEI,1.1999999999999999e-05
2026-04-22 10:07:00,2Z,5e-06
2026-04-22 10:07:00,EIGEN,1.1999999999999999e-05
2026-04-22 10:07:00,S,1.1999999999999999e-05
2026-04-22 10:07:00,PENGU,1.1999999999999999e-05
2026-04-22 10:07:00,BCH,1.1999999999999999e-05
2026-04-22 10:07:00,SPX,1.1999999999999999e-05
2026-04-22 10:07:00,ZEC,1.1999999999999999e-05
2026-04-22 10:07:00,IP,-2.9999999999999997e-06
2026-04-22 10:07:00,HBAR,1.1999999999999999e-05
2026-04-22 10:07:00,AERO,-8.9e-05
2026-04-22 10:07:00,KAITO,1.1999999999999999e-05
2026-04-22 10:07:00,ADA,1.1999999999999999e-05
2026-04-22 10:07:00,YZY,-2e-06
2026-04-22 10:07:00,MEGA,1.1999999999999999e-05
2026-04-22 10:07:00,DASH,1.1999999999999999e-05
2026-04-22 10:07:00,POL,1.1999999999999999e-05
2026-04-22 10:07:00,WLFI,1.1999999999999999e-05
2026-04-22 10:07:00,TRUMP,1.1999999999999999e-05
2026-04-22 10:07:00,ZK,1.1999999999999999e-05
2026-04-22 10:07:00,ICP,1.1999999999999999e-05
2026-04-22 10:07:00,UNI,1.1999999999999999e-05
2026-04-22 10:07:00,NEAR,1.1999999999999999e-05
2026-04-22 10:07:00,MORPHO,1.1000000000000001e-05
2026-04-22 10:07:00,FARTCOIN,1.1999999999999999e-05
2026-04-22 10:07:00,PENDLE,1.1999999999999999e-05
2026-04-22 10:07:00,FIL,1.1999999999999999e-05
2026-04-22 10:07:00,CC,1.1999999999999999e-05
2026-04-22 10:07:00,ARB,9e-06
2026-04-22 10:07:00,AZTEC,1.1999999999999999e-05
2026-04-22 10:07:00,JUP,8e-06
2026-04-22 10:07:00,VVV,1.1999999999999999e-05
2026-04-22 10:07:00,AXS,1.1999999999999999e-05
2026-04-22 10:07:00,TON,1.1999999999999999e-05
2026-04-22 10:07:00,XPL,-3e-05
2026-04-22 10:07:00,ETHFI,1.1999999999999999e-05
2026-04-22 10:07:00,XLM,1.1999999999999999e-05
2026-04-22 10:07:00,WIF,1.1999999999999999e-05
2026-04-22 10:07:00,SYRUP,1.1999999999999999e-05
2026-04-22 10:07:00,PROVE,-7.8e-05
2026-04-22 10:07:00,CHIP,-1.1999999999999999e-05
2026-04-22 10:07:00,SKY,1.1999999999999999e-05
2026-04-22 11:07:00,BCH,1.1999999999999999e-05
2026-04-22 11:07:00,PROVE,-3.9e-05
2026-04-22 11:07:00,TRX,1.1999999999999999e-05
2026-04-22 11:07:00,PAXG,1.1999999999999999e-05
2026-04-22 11:07:00,STRK,1.1000000000000001e-05
2026-04-22 11:07:00,BTC,-5e-06
2026-04-22 11:07:00,DOGE,1.1999999999999999e-05
2026-04-22 11:07:00,SPX,1.1999999999999999e-05
2026-04-22 11:07:00,LINK,1.1999999999999999e-05
2026-04-22 11:07:00,SYRUP,1.1999999999999999e-05
2026-04-22 11:07:00,ETH,1.1000000000000001e-05
2026-04-22 11:07:00,VIRTUAL,1.1000000000000001e-05
2026-04-22 11:07:00,XPL,-8e-06
2026-04-22 11:07:00,WIF,1.1999999999999999e-05
2026-04-22 11:07:00,IP,1.1999999999999999e-05
2026-04-22 11:07:00,SOL,1.1999999999999999e-05
2026-04-22 11:07:00,CC,1.1999999999999999e-05
2026-04-22 11:07:00,DYDX,1.1999999999999999e-05
2026-04-22 11:07:00,RESOLV,1.1999999999999999e-05
2026-04-22 11:07:00,GRASS,1.1999999999999999e-05
2026-04-22 11:07:00,2Z,-3.8e-05
2026-04-22 11:07:00,APEX,1.1999999999999999e-05
2026-04-22 11:07:00,LIT,1.1999999999999999e-05
2026-04-22 11:07:00,LINEA,1.1999999999999999e-05
2026-04-22 11:07:00,SUI,1.1999999999999999e-05
2026-04-22 11:07:00,ETHFI,1.1999999999999999e-05
2026-04-22 11:07:00,FIL,5.999999999999999e-06
2026-04-22 11:07:00,AAVE,1.1999999999999999e-05
2026-04-22 11:07:00,BERA,1.1999999999999999e-05
2026-04-22 11:07:00,AZTEC,5.3e-05
2026-04-22 11:07:00,YZY,-0.00012200000000000001
2026-04-22 11:07:00,MON,-9e-06
2026-04-22 11:07:00,POPCAT,1.1999999999999999e-05
2026-04-22 11:07:00,DASH,1.1999999999999999e-05
2026-04-22 11:07:00,APT,1.1999999999999999e-05
2026-04-22 11:07:00,ZORA,1.1999999999999999e-05
2026-04-22 11:07:00,VVV,1.1999999999999999e-05
2026-04-22 11:07:00,MNT,1.1999999999999999e-05
2026-04-22 11:07:00,ARB,-2.9999999999999997e-06
2026-04-22 11:07:00,ZK,1.1999999999999999e-05
2026-04-22 11:07:00,UNI,1.1999999999999999e-05
2026-04-22 11:07:00,WLD,-5.9e-05
2026-04-22 11:07:00,HBAR,1.1999999999999999e-05
2026-04-22 11:07:00,OP,-2.9999999999999997e-06
2026-04-22 11:07:00,STBL,1.1999999999999999e-05
2026-04-22 11:07:00,TAO,5e-06
2026-04-22 11:07:00,CHIP,0.0
2026-04-22 11:07:00,ADA,1.1999999999999999e-05
2026-04-22 11:07:00,MEGA,-2.9999999999999997e-06
2026-04-22 11:07:00,PENGU,1.1999999999999999e-05
2026-04-22 11:07:00,AERO,-1.3e-05
2026-04-22 11:07:00,AVAX,1.1999999999999999e-05
2026-04-22 11:07:00,ZRO,1.1999999999999999e-05
2026-04-22 11:07:00,AXS,1.1999999999999999e-05
2026-04-22 11:07:00,NEAR,1.1999999999999999e-05
2026-04-22 11:07:00,CRV,1.1999999999999999e-05
2026-04-22 11:07:00,SEI,1.1999999999999999e-05
2026-04-22 11:07:00,GMX,1.1999999999999999e-05
2026-04-22 11:07:00,TIA,0.0
2026-04-22 11:07:00,S,1.1999999999999999e-05
2026-04-22 11:07:00,XLM,1.1999999999999999e-05
2026-04-22 11:07:00,JUP,9e-06
2026-04-22 11:07:00,LDO,8e-06
2026-04-22 11:07:00,XMR,0.000119
2026-04-22 11:07:00,XRP,1.1999999999999999e-05
2026-04-22 11:07:00,PENDLE,1.1999999999999999e-05
2026-04-22 11:07:00,JTO,-5e-05
2026-04-22 11:07:00,TON,1.1999999999999999e-05
2026-04-22 11:07:00,PYTH,1.1999999999999999e-05
2026-04-22 11:07:00,EIGEN,1.1999999999999999e-05
2026-04-22 11:07:00,ENA,1.1000000000000001e-05
2026-04-22 11:07:00,MORPHO,-9e-06
2026-04-22 11:07:00,LTC,1.1999999999999999e-05
2026-04-22 11:07:00,SKR,1.7e-05
2026-04-22 11:07:00,POL,1.1999999999999999e-05
2026-04-22 11:07:00,DOT,1.1999999999999999e-05
2026-04-22 11:07:00,ZEC,1.1999999999999999e-05
2026-04-22 11:07:00,ONDO,1.1999999999999999e-05
2026-04-22 11:07:00,SKY,1.1999999999999999e-05
2026-04-22 11:07:00,KAITO,1.1999999999999999e-05
2026-04-22 11:07:00,STABLE,-0.000125
2026-04-22 11:07:00,WLFI,1.1999999999999999e-05
2026-04-22 11:07:00,TRUMP,1.1999999999999999e-05
2026-04-22 11:07:00,BNB,1.1999999999999999e-05
2026-04-22 11:07:00,ASTER,1.1999999999999999e-05
2026-04-22 11:07:00,MET,-0.000123
2026-04-22 11:07:00,HYPE,1.1999999999999999e-05
2026-04-22 11:07:00,FARTCOIN,1.1999999999999999e-05
2026-04-22 11:07:00,AVNT,-0.000357
2026-04-22 11:07:00,0G,1.1000000000000001e-05
2026-04-22 11:07:00,FOGO,-9.8e-05
2026-04-22 11:07:00,PUMP,1.1999999999999999e-05
2026-04-22 11:07:00,ICP,1.1999999999999999e-05
2026-04-22 12:07:01,SKR,8e-06
2026-04-22 12:07:01,SUI,1.1999999999999999e-05
2026-04-22 12:07:01,STRK,1e-05
2026-04-22 12:07:01,ZORA,1.1999999999999999e-05
2026-04-22 12:07:01,MON,1.1999999999999999e-05
2026-04-22 12:07:01,BNB,1.1999999999999999e-05
2026-04-22 12:07:01,PROVE,-2.8999999999999997e-05
2026-04-22 12:07:01,AXS,1.1999999999999999e-05
2026-04-22 12:07:01,FOGO,-0.00012
2026-04-22 12:07:01,LDO,1e-06
2026-04-22 12:07:01,ASTER,1.1999999999999999e-05
2026-04-22 12:07:01,BERA,1.1999999999999999e-05
2026-04-22 12:07:01,TRUMP,1.1999999999999999e-05
2026-04-22 12:07:01,ICP,1.1999999999999999e-05
2026-04-22 12:07:01,ETH,-2.9999999999999997e-06
2026-04-22 12:07:01,CC,1.1999999999999999e-05
2026-04-22 12:07:01,SPX,1.1999999999999999e-05
2026-04-22 12:07:01,FARTCOIN,1.1999999999999999e-05
2026-04-22 12:07:01,PENGU,1.1999999999999999e-05
2026-04-22 12:07:01,HBAR,1.1999999999999999e-05
2026-04-22 12:07:01,APEX,1.1999999999999999e-05
2026-04-22 12:07:01,FIL,-1.3e-05
2026-04-22 12:07:01,0G,1e-05
2026-04-22 12:07:01,APT,1.1999999999999999e-05
2026-04-22 12:07:01,DYDX,1.1999999999999999e-05
2026-04-22 12:07:01,DOGE,1.1999999999999999e-05
2026-04-22 12:07:01,PYTH,1.1999999999999999e-05
2026-04-22 12:07:01,POPCAT,1.1999999999999999e-05
2026-04-22 12:07:01,MEGA,1.1999999999999999e-05
2026-04-22 12:07:01,ADA,1.1999999999999999e-05
2026-04-22 12:07:01,OP,-5.2e-05
2026-04-22 12:07:01,PUMP,1.1999999999999999e-05
2026-04-22 12:07:01,WIF,1.1999999999999999e-05
2026-04-22 12:07:01,GMX,-2.9999999999999997e-06
2026-04-22 12:07:01,SYRUP,1.1999999999999999e-05
2026-04-22 12:07:01,TIA,8e-06
2026-04-22 12:07:01,MET,-1.6e-05
2026-04-22 12:07:01,IP,1.1999999999999999e-05
2026-04-22 12:07:01,STBL,0.0001
2026-04-22 12:07:01,ZK,1.1999999999999999e-05
2026-04-22 12:07:01,AVNT,-4.7999999999999994e-05
2026-04-22 12:07:01,NEAR,1.1999999999999999e-05
2026-04-22 12:07:01,UNI,1.1999999999999999e-05
2026-04-22 12:07:01,WLFI,1.1999999999999999e-05
2026-04-22 12:07:01,LINK,1.1999999999999999e-05
2026-04-22 12:07:01,CHIP,-7.2e-05
2026-04-22 12:07:01,POL,1.1999999999999999e-05
2026-04-22 12:07:01,STABLE,-6.2e-05
2026-04-22 12:07:01,AERO,5e-06
2026-04-22 12:07:01,DASH,1.1999999999999999e-05
2026-04-22 12:07:01,BCH,1.1999999999999999e-05
2026-04-22 12:07:01,PENDLE,1.1999999999999999e-05
2026-04-22 12:07:01,SKY,1.1999999999999999e-05
2026-04-22 12:07:01,XPL,-5.999999999999999e-06
2026-04-22 12:07:01,VVV,1.1999999999999999e-05
2026-04-22 12:07:01,ZEC,-5.999999999999999e-06
2026-04-22 12:07:01,JTO,-4.7999999999999994e-05
2026-04-22 12:07:01,EIGEN,1.1999999999999999e-05
2026-04-22 12:07:01,AAVE,1.1999999999999999e-05
2026-04-22 12:07:01,VIRTUAL,5.999999999999999e-06
2026-04-22 12:07:01,CRV,1.1999999999999999e-05
2026-04-22 12:07:01,JUP,-3.7000000000000005e-05
2026-04-22 12:07:01,PAXG,1.1999999999999999e-05
2026-04-22 12:07:01,SOL,1.1999999999999999e-05
2026-04-22 12:07:01,AZTEC,1.1999999999999999e-05
2026-04-22 12:07:01,AVAX,1.1999999999999999e-05
2026-04-22 12:07:01,LINEA,1.1999999999999999e-05
2026-04-22 12:07:01,SEI,1.1999999999999999e-05
2026-04-22 12:07:01,WLD,-8.4e-05
2026-04-22 12:07:01,TAO,1.1999999999999999e-05
2026-04-22 12:07:01,KAITO,1.1999999999999999e-05
2026-04-22 12:07:01,XMR,0.000167
2026-04-22 12:07:01,BTC,-9e-06
2026-04-22 12:07:01,DOT,1.1999999999999999e-05
2026-04-22 12:07:01,LIT,3.2e-05
2026-04-22 12:07:01,ZRO,1.1999999999999999e-05
2026-04-22 12:07:01,ARB,-2.2000000000000003e-05
2026-04-22 12:07:01,TRX,1.1999999999999999e-05
2026-04-22 12:07:01,ETHFI,1.1999999999999999e-05
2026-04-22 12:07:01,YZY,-0.0007040000000000001
2026-04-22 12:07:01,LTC,1.1999999999999999e-05
2026-04-22 12:07:01,ENA,1.1999999999999999e-05
2026-04-22 12:07:01,GRASS,1.1999999999999999e-05
2026-04-22 12:07:01,ONDO,1.1999999999999999e-05
2026-04-22 12:07:01,S,1e-05
2026-04-22 12:07:01,2Z,9e-06
2026-04-22 12:07:01,MNT,1.1999999999999999e-05
2026-04-22 12:07:01,MORPHO,9e-06
2026-04-22 12:07:01,XRP,-5e-06
2026-04-22 12:07:01,HYPE,1.1999999999999999e-05
2026-04-22 12:07:01,TON,1.1999999999999999e-05
2026-04-22 12:07:01,RESOLV,1.1999999999999999e-05
2026-04-22 12:07:01,XLM,1.1999999999999999e-05
2026-04-22 13:07:00,BNB,1.1999999999999999e-05
2026-04-22 13:07:00,PUMP,1.1999999999999999e-05
2026-04-22 13:07:00,FARTCOIN,1.1999999999999999e-05
2026-04-22 13:07:00,WLFI,1.1999999999999999e-05
2026-04-22 13:07:00,DYDX,1.1999999999999999e-05
2026-04-22 13:07:00,ICP,1.1999999999999999e-05
2026-04-22 13:07:00,ASTER,1.1999999999999999e-05
2026-04-22 13:07:00,AXS,1.1999999999999999e-05
2026-04-22 13:07:00,ZK,1.1999999999999999e-05
2026-04-22 13:07:00,WLD,-7.5e-05
2026-04-22 13:07:00,HBAR,1.1999999999999999e-05
2026-04-22 13:07:00,XRP,2e-06
2026-04-22 13:07:00,SUI,1.1999999999999999e-05
2026-04-22 13:07:00,XMR,4.2e-05
2026-04-22 13:07:00,TIA,4e-06
2026-04-22 13:07:00,ZORA,1.1999999999999999e-05
2026-04-22 13:07:00,DOGE,1.1999999999999999e-05
2026-04-22 13:07:00,AZTEC,1.1999999999999999e-05
2026-04-22 13:07:00,DASH,1.1999999999999999e-05
2026-04-22 13:07:00,OP,4e-06
2026-04-22 13:07:00,MON,1.1999999999999999e-05
2026-04-22 13:07:00,APEX,1.1999999999999999e-05
2026-04-22 13:07:00,MEGA,1.1999999999999999e-05
2026-04-22 13:07:00,LINEA,1e-05
2026-04-22 13:07:00,APT,-1.3e-05
2026-04-22 13:07:00,GRASS,1.1999999999999999e-05
2026-04-22 13:07:00,UNI,1.1999999999999999e-05
2026-04-22 13:07:00,JTO,-2.8e-05
2026-04-22 13:07:00,BTC,-1.1000000000000001e-05
2026-04-22 13:07:00,ARB,0.0
2026-04-22 13:07:00,ZRO,1.1999999999999999e-05
2026-04-22 13:07:00,KAITO,1.1999999999999999e-05
2026-04-22 13:07:00,POL,1.1999999999999999e-05
2026-04-22 13:07:00,LDO,5e-06
2026-04-22 13:07:00,ETHFI,1.1999999999999999e-05
2026-04-22 13:07:00,PROVE,1e-05
2026-04-22 13:07:00,TRX,1.1999999999999999e-05
2026-04-22 13:07:00,CC,1.1999999999999999e-05
2026-04-22 13:07:00,ENA,1.1999999999999999e-05
2026-04-22 13:07:00,AVAX,-3.6e-05
2026-04-22 13:07:00,TRUMP,1.1999999999999999e-05
2026-04-22 13:07:00,ADA,1.1999999999999999e-05
2026-04-22 13:07:00,MNT,1.1999999999999999e-05
2026-04-22 13:07:00,FOGO,-0.00010999999999999999
2026-04-22 13:07:00,GMX,2.9999999999999997e-06
2026-04-22 13:07:00,ZEC,1.1999999999999999e-05
2026-04-22 13:07:00,HYPE,1.1999999999999999e-05
2026-04-22 13:07:00,MORPHO,1.1999999999999999e-05
2026-04-22 13:07:00,TAO,1.1999999999999999e-05
2026-04-22 13:07:00,FIL,2e-06
2026-04-22 13:07:00,CHIP,-2.2000000000000003e-05
2026-04-22 13:07:00,JUP,-2.8e-05
2026-04-22 13:07:00,EIGEN,1.1999999999999999e-05
2026-04-22 13:07:00,BCH,1.1999999999999999e-05
2026-04-22 13:07:00,MET,-2.8e-05
2026-04-22 13:07:00,SKY,1.1999999999999999e-05
2026-04-22 13:07:00,PYTH,1.1999999999999999e-05
2026-04-22 13:07:00,XLM,1.1999999999999999e-05
2026-04-22 13:07:00,SYRUP,1.1999999999999999e-05
2026-04-22 13:07:00,AAVE,1.1999999999999999e-05
2026-04-22 13:07:00,S,1.1999999999999999e-05
2026-04-22 13:07:00,0G,1e-06
2026-04-22 13:07:00,DOT,1.1999999999999999e-05
2026-04-22 13:07:00,WIF,1.1999999999999999e-05
2026-04-22 13:07:00,YZY,-5.6e-05
2026-04-22 13:07:00,PENGU,1.1999999999999999e-05
2026-04-22 13:07:00,PENDLE,1.1999999999999999e-05
2026-04-22 13:07:00,POPCAT,1.1999999999999999e-05
2026-04-22 13:07:00,RESOLV,1.1999999999999999e-05
2026-04-22 13:07:00,SKR,1.1999999999999999e-05
2026-04-22 13:07:00,SEI,1.1999999999999999e-05
2026-04-22 13:07:00,VIRTUAL,-5.999999999999999e-06
2026-04-22 13:07:00,STABLE,-3.8e-05
2026-04-22 13:07:00,XPL,2e-06
2026-04-22 13:07:00,LINK,1.1999999999999999e-05
2026-04-22 13:07:00,LTC,1.1999999999999999e-05
2026-04-22 13:07:00,STBL,0.000113
2026-04-22 13:07:00,SPX,1.1999999999999999e-05
2026-04-22 13:07:00,2Z,1.1000000000000001e-05
2026-04-22 13:07:00,AERO,-9e-06
2026-04-22 13:07:00,PAXG,1.1999999999999999e-05
2026-04-22 13:07:00,STRK,1.1999999999999999e-05
2026-04-22 13:07:00,VVV,1.1999999999999999e-05
2026-04-22 13:07:00,ETH,1e-05
2026-04-22 13:07:00,ONDO,1.1999999999999999e-05
2026-04-22 13:07:00,CRV,1.1999999999999999e-05
2026-04-22 13:07:00,NEAR,1.1999999999999999e-05
2026-04-22 13:07:00,BERA,1.1999999999999999e-05
2026-04-22 13:07:00,IP,1.1999999999999999e-05
2026-04-22 13:07:00,LIT,2.2000000000000003e-05
2026-04-22 13:07:00,SOL,1.1999999999999999e-05
2026-04-22 13:07:00,TON,-2.8e-05
2026-04-22 13:07:00,AVNT,-2.6e-05
2026-04-22 14:07:00,DYDX,1.1999999999999999e-05
2026-04-22 14:07:00,UNI,1.1999999999999999e-05
2026-04-22 14:07:00,MORPHO,1.1999999999999999e-05
2026-04-22 14:07:00,KAITO,1.1999999999999999e-05
2026-04-22 14:07:00,PYTH,7e-06
2026-04-22 14:07:00,2Z,-3.3e-05
2026-04-22 14:07:00,DOT,-1.3e-05
2026-04-22 14:07:00,ETHFI,1.1999999999999999e-05
2026-04-22 14:07:00,FOGO,-7.400000000000001e-05
2026-04-22 14:07:00,APEX,1.1999999999999999e-05
2026-04-22 14:07:00,XLM,1.1999999999999999e-05
2026-04-22 14:07:00,ONDO,1.1999999999999999e-05
2026-04-22 14:07:00,CHIP,-0.000473
2026-04-22 14:07:00,TRX,-5e-06
2026-04-22 14:07:00,TRUMP,1.1999999999999999e-05
2026-04-22 14:07:00,AVNT,-5.4000000000000005e-05
2026-04-22 14:07:00,BNB,1.1999999999999999e-05
2026-04-22 14:07:00,ETH,-1.8e-05
2026-04-22 14:07:00,AXS,-2e-06
2026-04-22 14:07:00,TIA,9e-06
2026-04-22 14:07:00,PENGU,1.1999999999999999e-05
2026-04-22 14:07:00,SEI,1.1000000000000001e-05
2026-04-22 14:07:00,TON,-2.5e-05
2026-04-22 14:07:00,LINK,1.1000000000000001e-05
2026-04-22 14:07:00,STBL,7.3e-05
2026-04-22 14:07:00,BTC,-3.4e-05
2026-04-22 14:07:00,BERA,1.1999999999999999e-05
2026-04-22 14:07:00,POPCAT,1.1999999999999999e-05
2026-04-22 14:07:00,MON,-1.6e-05
2026-04-22 14:07:00,ENA,1.1999999999999999e-05
2026-04-22 14:07:00,TAO,-4e-06
2026-04-22 14:07:00,SOL,1.1999999999999999e-05
2026-04-22 14:07:00,MET,1.1000000000000001e-05
2026-04-22 14:07:00,GRASS,1.1999999999999999e-05
2026-04-22 14:07:00,YZY,-0.000994
2026-04-22 14:07:00,STABLE,-4.1e-05
2026-04-22 14:07:00,DASH,5e-06
2026-04-22 14:07:00,LTC,1.1999999999999999e-05
2026-04-22 14:07:00,ZK,1.1999999999999999e-05
2026-04-22 14:07:00,IP,1.1999999999999999e-05
2026-04-22 14:07:00,WLD,-9.1e-05
2026-04-22 14:07:00,WIF,1.1999999999999999e-05
2026-04-22 14:07:00,GMX,1.1999999999999999e-05
2026-04-22 14:07:00,SKR,1.1999999999999999e-05
2026-04-22 14:07:00,HYPE,5e-06
2026-04-22 14:07:00,LDO,1.1999999999999999e-05
2026-04-22 14:07:00,ADA,1.1999999999999999e-05
2026-04-22 14:07:00,MNT,1.1999999999999999e-05
2026-04-22 14:07:00,PROVE,-3.2e-05
2026-04-22 14:07:00,PENDLE,1.1999999999999999e-05
2026-04-22 14:07:00,SUI,1.1999999999999999e-05
2026-04-22 14:07:00,NEAR,1.1999999999999999e-05
2026-04-22 14:07:00,CC,1.1999999999999999e-05
2026-04-22 14:07:00,PAXG,1.1999999999999999e-05
2026-04-22 14:07:00,STRK,1.1999999999999999e-05
2026-04-22 14:07:00,XMR,1.3e-05
2026-04-22 14:07:00,SYRUP,1.1999999999999999e-05
2026-04-22 14:07:00,ZORA,1.1999999999999999e-05
2026-04-22 14:07:00,BCH,1.1999999999999999e-05
2026-04-22 14:07:00,AZTEC,1.1999999999999999e-05
2026-04-22 14:07:00,ICP,1.1999999999999999e-05
2026-04-22 14:07:00,SPX,1.1999999999999999e-05
2026-04-22 14:07:00,JTO,-5.3e-05
2026-04-22 14:07:00,APT,0.0
2026-04-22 14:07:00,VIRTUAL,4e-06
2026-04-22 14:07:00,CRV,1.1999999999999999e-05
2026-04-22 14:07:00,ZEC,5e-06
2026-04-22 14:07:00,POL,1.1999999999999999e-05
2026-04-22 14:07:00,JUP,-4.3e-05
2026-04-22 14:07:00,AERO,-9.499999999999999e-05
2026-04-22 14:07:00,AVAX,9e-06
2026-04-22 14:07:00,XPL,-9e-06
2026-04-22 14:07:00,DOGE,1.1999999999999999e-05
2026-04-22 14:07:00,FIL,-1.9e-05
2026-04-22 14:07:00,EIGEN,1.1999999999999999e-05
2026-04-22 14:07:00,FARTCOIN,1.1999999999999999e-05
2026-04-22 14:07:00,LINEA,1.1999999999999999e-05
2026-04-22 14:07:00,0G,1.1999999999999999e-05
2026-04-22 14:07:00,AAVE,1.1999999999999999e-05
2026-04-22 14:07:00,HBAR,1.1999999999999999e-05
2026-04-22 14:07:00,OP,1.1999999999999999e-05
2026-04-22 14:07:00,XRP,0.0
2026-04-22 14:07:00,VVV,1.1999999999999999e-05
2026-04-22 14:07:00,RESOLV,1.1999999999999999e-05
2026-04-22 14:07:00,LIT,1.1999999999999999e-05
2026-04-22 14:07:00,MEGA,1.1999999999999999e-05
2026-04-22 14:07:00,SKY,1.1999999999999999e-05
2026-04-22 14:07:00,PUMP,1.1999999999999999e-05
2026-04-22 14:07:00,WLFI,1.1999999999999999e-05
2026-04-22 14:07:00,ARB,-1.9e-05
2026-04-22 14:07:00,ASTER,1.1999999999999999e-05
2026-04-22 14:07:00,S,1.1999999999999999e-05
2026-04-22 14:07:00,ZRO,1.1999999999999999e-05
2026-04-22 15:07:00,YZY,-0.000606
2026-04-22 15:07:00,ASTER,1.1999999999999999e-05
2026-04-22 15:07:00,SEI,1.1999999999999999e-05
2026-04-22 15:07:00,ETH,8e-06
2026-04-22 15:07:00,APT,1.1999999999999999e-05
2026-04-22 15:07:00,WLFI,1.1999999999999999e-05
2026-04-22 15:07:00,SKY,1.1999999999999999e-05
2026-04-22 15:07:00,DOT,-4.7999999999999994e-05
2026-04-22 15:07:00,DYDX,1.1999999999999999e-05
2026-04-22 15:07:00,MNT,1.1999999999999999e-05
2026-04-22 15:07:00,FARTCOIN,1.1999999999999999e-05
2026-04-22 15:07:00,LDO,1.1999999999999999e-05
2026-04-22 15:07:00,DASH,1.1999999999999999e-05
2026-04-22 15:07:00,TON,-1.5e-05
2026-04-22 15:07:00,ICP,1.1999999999999999e-05
2026-04-22 15:07:00,ONDO,1.1999999999999999e-05
2026-04-22 15:07:00,DOGE,1.1999999999999999e-05
2026-04-22 15:07:00,BNB,1.1999999999999999e-05
2026-04-22 15:07:00,SOL,1.1999999999999999e-05
2026-04-22 15:07:00,TAO,-1e-05
2026-04-22 15:07:00,ZEC,7e-06
2026-04-22 15:07:00,EIGEN,1.1999999999999999e-05
2026-04-22 15:07:00,PENDLE,1.1999999999999999e-05
2026-04-22 15:07:00,XMR,9.1e-05
2026-04-22 15:07:00,LINK,1.1999999999999999e-05
2026-04-22 15:07:00,LINEA,1.1999999999999999e-05
2026-04-22 15:07:00,OP,1.1999999999999999e-05
2026-04-22 15:07:00,S,1.1999999999999999e-05
2026-04-22 15:07:00,XLM,1.1999999999999999e-05
2026-04-22 15:07:00,JUP,1e-06
2026-04-22 15:07:00,VIRTUAL,-8e-06
2026-04-22 15:07:00,GMX,1.1999999999999999e-05
2026-04-22 15:07:00,NEAR,1.1999999999999999e-05
2026-04-22 15:07:00,STABLE,-3e-05
2026-04-22 15:07:00,ZK,1.1999999999999999e-05
2026-04-22 15:07:00,ADA,1.1999999999999999e-05
2026-04-22 15:07:00,AVNT,-0.000171
2026-04-22 15:07:00,WLD,-5.7999999999999994e-05
2026-04-22 15:07:00,MORPHO,-1.3e-05
2026-04-22 15:07:00,POL,1.1999999999999999e-05
2026-04-22 15:07:00,TRUMP,1.1999999999999999e-05
2026-04-22 15:07:00,MET,1.1999999999999999e-05
2026-04-22 15:07:00,XRP,-1e-06
2026-04-22 15:07:00,AERO,-4.7000000000000004e-05
2026-04-22 15:07:00,PENGU,1.1999999999999999e-05
2026-04-22 15:07:00,PROVE,-4.7000000000000004e-05
2026-04-22 15:07:00,PYTH,1.1999999999999999e-05
2026-04-22 15:07:00,BCH,1.1999999999999999e-05
2026-04-22 15:07:00,PUMP,1.1999999999999999e-05
2026-04-22 15:07:00,AXS,-4.1e-05
2026-04-22 15:07:00,ZORA,1.1999999999999999e-05
2026-04-22 15:07:00,ETHFI,1.1999999999999999e-05
2026-04-22 15:07:00,SUI,1.1999999999999999e-05
2026-04-22 15:07:00,STRK,1.1999999999999999e-05
2026-04-22 15:07:00,WIF,1.1999999999999999e-05
2026-04-22 15:07:00,2Z,-3.7000000000000005e-05
2026-04-22 15:07:00,APEX,1.1999999999999999e-05
2026-04-22 15:07:00,SYRUP,1.1999999999999999e-05
2026-04-22 15:07:00,FOGO,-7.6e-05
2026-04-22 15:07:00,ARB,-2.5e-05
2026-04-22 15:07:00,MEGA,1.1999999999999999e-05
2026-04-22 15:07:00,ZRO,1.1999999999999999e-05
2026-04-22 15:07:00,CRV,1.1999999999999999e-05
2026-04-22 15:07:00,HBAR,1.1999999999999999e-05
2026-04-22 15:07:00,POPCAT,1.1999999999999999e-05
2026-04-22 15:07:00,ENA,1.1999999999999999e-05
2026-04-22 15:07:00,AAVE,1.1999999999999999e-05
2026-04-22 15:07:00,PAXG,1.1999999999999999e-05
2026-04-22 15:07:00,LIT,1.1999999999999999e-05
2026-04-22 15:07:00,TIA,1.1000000000000001e-05
2026-04-22 15:07:00,TRX,-1.9e-05
2026-04-22 15:07:00,LTC,1.1999999999999999e-05
2026-04-22 15:07:00,VVV,1.1999999999999999e-05
2026-04-22 15:07:00,CC,1.1999999999999999e-05
2026-04-22 15:07:00,BTC,-1.3e-05
2026-04-22 15:07:00,RESOLV,1.1999999999999999e-05
2026-04-22 15:07:00,UNI,1.1999999999999999e-05
2026-04-22 15:07:00,IP,1.1999999999999999e-05
2026-04-22 15:07:00,0G,1.1999999999999999e-05
2026-04-22 15:07:00,SPX,1.1999999999999999e-05
2026-04-22 15:07:00,SKR,9e-06
2026-04-22 15:07:00,JTO,-2.6e-05
2026-04-22 15:07:00,BERA,1.1999999999999999e-05
2026-04-22 15:07:00,HYPE,1e-05
2026-04-22 15:07:00,AZTEC,1.1999999999999999e-05
2026-04-22 15:07:00,CHIP,-0.00028199999999999997
2026-04-22 15:07:00,FIL,0.0
2026-04-22 15:07:00,XPL,0.0
2026-04-22 15:07:00,STBL,0.000101
2026-04-22 15:07:00,AVAX,1.1999999999999999e-05
2026-04-22 15:07:00,GRASS,1.1999999999999999e-05
2026-04-22 15:07:00,MON,-4e-05
2026-04-22 15:07:00,KAITO,1.1999999999999999e-05
2026-04-22 16:07:00,ONDO,1.1999999999999999e-05
2026-04-22 16:07:00,CC,1.1999999999999999e-05
2026-04-22 16:07:00,ASTER,1.1999999999999999e-05
2026-04-22 16:07:00,ICP,1.1999999999999999e-05
2026-04-22 16:07:00,DOT,-1.3e-05
2026-04-22 16:07:00,AERO,1.1000000000000001e-05
2026-04-22 16:07:00,NEAR,1.1999999999999999e-05
2026-04-22 16:07:00,XPL,-4.3e-05
2026-04-22 16:07:00,PROVE,-7.7e-05
2026-04-22 16:07:00,ADA,1.1999999999999999e-05
2026-04-22 16:07:00,LTC,1.1999999999999999e-05
2026-04-22 16:07:00,MNT,1.1999999999999999e-05
2026-04-22 16:07:00,RESOLV,1.1999999999999999e-05
2026-04-22 16:07:00,LINEA,1e-05
2026-04-22 16:07:00,WLFI,1.1999999999999999e-05
2026-04-22 16:07:00,KAITO,1.1999999999999999e-05
2026-04-22 16:07:00,BERA,7e-06
2026-04-22 16:07:00,APT,1.1999999999999999e-05
2026-04-22 16:07:00,TRUMP,1.1999999999999999e-05
2026-04-22 16:07:00,FIL,-1.4e-05
2026-04-22 16:07:00,BTC,-3.7000000000000005e-05
2026-04-22 16:07:00,IP,-7e-06
2026-04-22 16:07:00,AAVE,1.1999999999999999e-05
2026-04-22 16:07:00,SPX,1.1999999999999999e-05
2026-04-22 16:07:00,VIRTUAL,-3.4e-05
2026-04-22 16:07:00,MEGA,1.1999999999999999e-05
2026-04-22 16:07:00,GMX,1.1999999999999999e-05
2026-04-22 16:07:00,ZORA,1.1999999999999999e-05
2026-04-22 16:07:00,ENA,1.1999999999999999e-05
2026-04-22 16:07:00,HYPE,-4e-06
2026-04-22 16:07:00,UNI,1.1999999999999999e-05
2026-04-22 16:07:00,SKR,-3.2e-05
2026-04-22 16:07:00,FARTCOIN,1.1999999999999999e-05
2026-04-22 16:07:00,SUI,1.1999999999999999e-05
2026-04-22 16:07:00,AXS,2e-06
2026-04-22 16:07:00,WIF,1.1999999999999999e-05
2026-04-22 16:07:00,EIGEN,1.1999999999999999e-05
2026-04-22 16:07:00,MORPHO,4e-06
2026-04-22 16:07:00,JUP,0.0
2026-04-22 16:07:00,ZEC,-5e-06
2026-04-22 16:07:00,PYTH,1.1999999999999999e-05
2026-04-22 16:07:00,DASH,1.1999999999999999e-05
2026-04-22 16:07:00,POPCAT,1.1999999999999999e-05
2026-04-22 16:07:00,PUMP,1.1999999999999999e-05
2026-04-22 16:07:00,0G,8e-06
2026-04-22 16:07:00,WLD,-0.000101
2026-04-22 16:07:00,ZRO,1.1999999999999999e-05
2026-04-22 16:07:00,S,1.1999999999999999e-05
2026-04-22 16:07:00,BCH,1.1999999999999999e-05
2026-04-22 16:07:00,SEI,1.1999999999999999e-05
2026-04-22 16:07:00,AVNT,-0.000182
2026-04-22 16:07:00,AVAX,1.1999999999999999e-05
2026-04-22 16:07:00,OP,1.1999999999999999e-05
2026-04-22 16:07:00,XRP,-1.6e-05
2026-04-22 16:07:00,PENDLE,1.1999999999999999e-05
2026-04-22 16:07:00,STBL,1.8e-05
2026-04-22 16:07:00,CHIP,-1.1999999999999999e-05
2026-04-22 16:07:00,LDO,1.1999999999999999e-05
2026-04-22 16:07:00,STRK,1.1999999999999999e-05
2026-04-22 16:07:00,VVV,0.000165
2026-04-22 16:07:00,STABLE,-4.3e-05
2026-04-22 16:07:00,SKY,1.1999999999999999e-05
2026-04-22 16:07:00,CRV,1.1999999999999999e-05
2026-04-22 16:07:00,MON,-3.9e-05
2026-04-22 16:07:00,XLM,1.1999999999999999e-05
2026-04-22 16:07:00,GRASS,1.1999999999999999e-05
2026-04-22 16:07:00,APEX,1.1999999999999999e-05
2026-04-22 16:07:00,XMR,4e-05
2026-04-22 16:07:00,MET,1.1999999999999999e-05
2026-04-22 16:07:00,TON,-3e-05
2026-04-22 16:07:00,TIA,-1e-06
2026-04-22 16:07:00,JTO,-4.4000000000000006e-05
2026-04-22 16:07:00,DYDX,1.1999999999999999e-05
2026-04-22 16:07:00,2Z,-9e-06
2026-04-22 16:07:00,PAXG,1.1999999999999999e-05
2026-04-22 16:07:00,PENGU,1.1999999999999999e-05
2026-04-22 16:07:00,AZTEC,1.1999999999999999e-05
2026-04-22 16:07:00,YZY,-0.000594
2026-04-22 16:07:00,TRX,-2.6e-05
2026-04-22 16:07:00,LINK,7e-06
2026-04-22 16:07:00,DOGE,1.1999999999999999e-05
2026-04-22 16:07:00,SYRUP,1.1999999999999999e-05
2026-04-22 16:07:00,ETHFI,1.1999999999999999e-05
2026-04-22 16:07:00,SOL,8e-06
2026-04-22 16:07:00,BNB,1.1999999999999999e-05
2026-04-22 16:07:00,HBAR,1.1999999999999999e-05
2026-04-22 16:07:00,ZK,1.1999999999999999e-05
2026-04-22 16:07:00,LIT,1.1999999999999999e-05
2026-04-22 16:07:00,TAO,-1.6e-05
2026-04-22 16:07:00,FOGO,-8.099999999999999e-05
2026-04-22 16:07:00,POL,1.1999999999999999e-05
2026-04-22 16:07:00,ARB,-3e-05
2026-04-22 16:07:00,ETH,2.9999999999999997e-06
2026-04-22 17:07:00,HYPE,-1.1999999999999999e-05
2026-04-22 17:07:00,ADA,1.1999999999999999e-05
2026-04-22 17:07:00,TIA,-5.999999999999999e-06
2026-04-22 17:07:00,ZK,1.1999999999999999e-05
2026-04-22 17:07:00,TRUMP,1.1999999999999999e-05
2026-04-22 17:07:00,APEX,1.1999999999999999e-05
2026-04-22 17:07:00,ASTER,1.1999999999999999e-05
2026-04-22 17:07:00,SUI,1.1999999999999999e-05
2026-04-22 17:07:00,PAXG,1.1999999999999999e-05
2026-04-22 17:07:00,ETH,-5.999999999999999e-06
2026-04-22 17:07:00,ZORA,1.1999999999999999e-05
2026-04-22 17:07:00,JTO,-6.1000000000000005e-05
2026-04-22 17:07:00,BTC,-2.9999999999999997e-06
2026-04-22 17:07:00,ARB,0.0
2026-04-22 17:07:00,BERA,1.1999999999999999e-05
2026-04-22 17:07:00,IP,-1e-06
2026-04-22 17:07:00,XLM,1.1999999999999999e-05
2026-04-22 17:07:00,GRASS,1.1999999999999999e-05
2026-04-22 17:07:00,DYDX,1.1999999999999999e-05
2026-04-22 17:07:00,DOT,5.999999999999999e-06
2026-04-22 17:07:00,JUP,8e-06
2026-04-22 17:07:00,LDO,1.1999999999999999e-05
2026-04-22 17:07:00,AAVE,1.1999999999999999e-05
2026-04-22 17:07:00,ONDO,1.1999999999999999e-05
2026-04-22 17:07:00,CC,1.1999999999999999e-05
2026-04-22 17:07:00,POPCAT,1.1999999999999999e-05
2026-04-22 17:07:00,LINEA,1e-05
2026-04-22 17:07:00,FIL,-5.999999999999999e-06
2026-04-22 17:07:00,ZRO,1.1999999999999999e-05
2026-04-22 17:07:00,BNB,1.1999999999999999e-05
2026-04-22 17:07:00,WLFI,1.1999999999999999e-05
2026-04-22 17:07:00,ZEC,-2e-06
2026-04-22 17:07:00,AVNT,-0.00012200000000000001
2026-04-22 17:07:00,AERO,8e-06
2026-04-22 17:07:00,PENDLE,1.1999999999999999e-05
2026-04-22 17:07:00,WLD,-4.3e-05
2026-04-22 17:07:00,TAO,-1.5e-05
2026-04-22 17:07:00,ICP,1.1999999999999999e-05
2026-04-22 17:07:00,STABLE,-2.3e-05
2026-04-22 17:07:00,MORPHO,1e-05
2026-04-22 17:07:00,S,1.1999999999999999e-05
2026-04-22 17:07:00,CRV,1.1999999999999999e-05
2026-04-22 17:07:00,SOL,1.1000000000000001e-05
2026-04-22 17:07:00,AVAX,1.1999999999999999e-05
2026-04-22 17:07:00,BCH,1.1999999999999999e-05
2026-04-22 17:07:00,XMR,0.00010200000000000001
2026-04-22 17:07:00,GMX,1.1999999999999999e-05
2026-04-22 17:07:00,CHIP,-0.000562
2026-04-22 17:07:00,LTC,1.1999999999999999e-05
2026-04-22 17:07:00,UNI,1.1999999999999999e-05
2026-04-22 17:07:00,EIGEN,1.1999999999999999e-05
2026-04-22 17:07:00,AXS,1.1999999999999999e-05
2026-04-22 17:07:00,TON,1.1000000000000001e-05
2026-04-22 17:07:00,NEAR,1.1999999999999999e-05
2026-04-22 17:07:00,HBAR,1.1999999999999999e-05
2026-04-22 17:07:00,APT,1.1999999999999999e-05
2026-04-22 17:07:00,2Z,9e-06
2026-04-22 17:07:00,ENA,1.1999999999999999e-05
2026-04-22 17:07:00,XRP,-5e-06
2026-04-22 17:07:00,PROVE,8e-06
2026-04-22 17:07:00,MET,1.1999999999999999e-05
2026-04-22 17:07:00,DASH,1.1999999999999999e-05
2026-04-22 17:07:00,DOGE,1.1999999999999999e-05
2026-04-22 17:07:00,KAITO,1.1999999999999999e-05
2026-04-22 17:07:00,LINK,2.9999999999999997e-06
2026-04-22 17:07:00,WIF,1.1999999999999999e-05
2026-04-22 17:07:00,PENGU,1.1999999999999999e-05
2026-04-22 17:07:00,VVV,1.6e-05
2026-04-22 17:07:00,MON,7e-06
2026-04-22 17:07:00,FOGO,-9e-06
2026-04-22 17:07:00,LIT,1.1999999999999999e-05
2026-04-22 17:07:00,MNT,1.1999999999999999e-05
2026-04-22 17:07:00,SKY,1.1999999999999999e-05
2026-04-22 17:07:00,SKR,1.1999999999999999e-05
2026-04-22 17:07:00,ETHFI,1.1999999999999999e-05
2026-04-22 17:07:00,SEI,1.1999999999999999e-05
2026-04-22 17:07:00,SYRUP,1.1999999999999999e-05
2026-04-22 17:07:00,XPL,2.9999999999999997e-06
2026-04-22 17:07:00,PYTH,1.1999999999999999e-05
2026-04-22 17:07:00,MEGA,1.1999999999999999e-05
2026-04-22 17:07:00,POL,1.1999999999999999e-05
2026-04-22 17:07:00,YZY,-0.001327
2026-04-22 17:07:00,RESOLV,1.1999999999999999e-05
2026-04-22 17:07:00,SPX,1.1999999999999999e-05
2026-04-22 17:07:00,PUMP,1.1999999999999999e-05
2026-04-22 17:07:00,TRX,-2.5e-05
2026-04-22 17:07:00,STRK,-2.5e-05
2026-04-22 17:07:00,AZTEC,7.6e-05
2026-04-22 17:07:00,OP,1.1999999999999999e-05
2026-04-22 17:07:00,STBL,4.6e-05
2026-04-22 17:07:00,0G,1.1999999999999999e-05
2026-04-22 17:07:00,VIRTUAL,-1.5e-05
2026-04-22 17:07:00,FARTCOIN,1.1999999999999999e-05
2026-04-22 18:07:00,LINEA,1e-05
2026-04-22 18:07:00,BTC,-1.7e-05
2026-04-22 18:07:00,VVV,1.1999999999999999e-05
2026-04-22 18:07:00,DOT,1e-06
2026-04-22 18:07:00,MNT,1.1999999999999999e-05
2026-04-22 18:07:00,CC,1.1999999999999999e-05
2026-04-22 18:07:00,0G,1.1999999999999999e-05
2026-04-22 18:07:00,WIF,1.1999999999999999e-05
2026-04-22 18:07:00,EIGEN,1.1999999999999999e-05
2026-04-22 18:07:00,NEAR,9e-06
2026-04-22 18:07:00,PENGU,1.1999999999999999e-05
2026-04-22 18:07:00,STABLE,-8.7e-05
2026-04-22 18:07:00,WLFI,1.1999999999999999e-05
2026-04-22 18:07:00,MEGA,1.1999999999999999e-05
2026-04-22 18:07:00,TRX,-9e-06
2026-04-22 18:07:00,ONDO,1.1999999999999999e-05
2026-04-22 18:07:00,BNB,1.1999999999999999e-05
2026-04-22 18:07:00,LTC,1.1999999999999999e-05
2026-04-22 18:07:00,PUMP,1.1999999999999999e-05
2026-04-22 18:07:00,TON,1.1999999999999999e-05
2026-04-22 18:07:00,TIA,-1.3e-05
2026-04-22 18:07:00,IP,1.1999999999999999e-05
2026-04-22 18:07:00,ZK,1.1999999999999999e-05
2026-04-22 18:07:00,ICP,1.1999999999999999e-05
2026-04-22 18:07:00,SYRUP,1.1999999999999999e-05
2026-04-22 18:07:00,UNI,1.1999999999999999e-05
2026-04-22 18:07:00,GRASS,1.1999999999999999e-05
2026-04-22 18:07:00,FIL,7e-06
2026-04-22 18:07:00,MORPHO,-5.999999999999999e-06
2026-04-22 18:07:00,PENDLE,1.1999999999999999e-05
2026-04-22 18:07:00,XLM,1.1999999999999999e-05
2026-04-22 18:07:00,LINK,1.1999999999999999e-05
2026-04-22 18:07:00,AAVE,1.1999999999999999e-05
2026-04-22 18:07:00,OP,1.1999999999999999e-05
2026-04-22 18:07:00,CRV,1.1999999999999999e-05
2026-04-22 18:07:00,HBAR,1.1999999999999999e-05
2026-04-22 18:07:00,GMX,1.1999999999999999e-05
2026-04-22 18:07:00,MON,-1.8e-05
2026-04-22 18:07:00,AVAX,1.1999999999999999e-05
2026-04-22 18:07:00,AVNT,-0.000134
2026-04-22 18:07:00,HYPE,1.1000000000000001e-05
2026-04-22 18:07:00,2Z,1.1999999999999999e-05
2026-04-22 18:07:00,XRP,-1.3e-05
2026-04-22 18:07:00,JUP,7e-06
2026-04-22 18:07:00,ADA,1.1999999999999999e-05
2026-04-22 18:07:00,AZTEC,1.1999999999999999e-05
2026-04-22 18:07:00,STBL,0.000127
2026-04-22 18:07:00,ASTER,1.1999999999999999e-05
2026-04-22 18:07:00,AXS,1.1999999999999999e-05
2026-04-22 18:07:00,SUI,1.1999999999999999e-05
2026-04-22 18:07:00,ETH,-2.9999999999999997e-06
2026-04-22 18:07:00,BERA,1.1999999999999999e-05
2026-04-22 18:07:00,FOGO,-2.8999999999999997e-05
2026-04-22 18:07:00,TRUMP,1.1999999999999999e-05
2026-04-22 18:07:00,SKR,1.1999999999999999e-05
2026-04-22 18:07:00,PAXG,1.1999999999999999e-05
2026-04-22 18:07:00,ARB,1.1999999999999999e-05
2026-04-22 18:07:00,ZRO,1.1999999999999999e-05
2026-04-22 18:07:00,SOL,2.9999999999999997e-06
2026-04-22 18:07:00,DASH,1.1999999999999999e-05
2026-04-22 18:07:00,JTO,-4.2e-05
2026-04-22 18:07:00,FARTCOIN,1.1999999999999999e-05
2026-04-22 18:07:00,POPCAT,1.1999999999999999e-05
2026-04-22 18:07:00,PYTH,1.1999999999999999e-05
2026-04-22 18:07:00,S,1.1999999999999999e-05
2026-04-22 18:07:00,STRK,-4e-06
2026-04-22 18:07:00,CHIP,-0.000442
2026-04-22 18:07:00,LDO,1.1999999999999999e-05
2026-04-22 18:07:00,KAITO,1.1999999999999999e-05
2026-04-22 18:07:00,SKY,1.1999999999999999e-05
2026-04-22 18:07:00,AERO,4e-06
2026-04-22 18:07:00,BCH,1.1999999999999999e-05
2026-04-22 18:07:00,WLD,-4e-05
2026-04-22 18:07:00,LIT,1.1999999999999999e-05
2026-04-22 18:07:00,SPX,1.1999999999999999e-05
2026-04-22 18:07:00,XMR,9.1e-05
2026-04-22 18:07:00,DOGE,1.1999999999999999e-05
2026-04-22 18:07:00,APT,1.1999999999999999e-05
2026-04-22 18:07:00,XPL,-3.1e-05
2026-04-22 18:07:00,TAO,-2.3e-05
2026-04-22 18:07:00,POL,1.1999999999999999e-05
2026-04-22 18:07:00,VIRTUAL,-9e-06
2026-04-22 18:07:00,ETHFI,1.1999999999999999e-05
2026-04-22 18:07:00,YZY,-0.0013
2026-04-22 18:07:00,RESOLV,1.1999999999999999e-05
2026-04-22 18:07:00,DYDX,1.1999999999999999e-05
2026-04-22 18:07:00,APEX,1.1999999999999999e-05
2026-04-22 18:07:00,PROVE,-7.2e-05
2026-04-22 18:07:00,SEI,1.1999999999999999e-05
2026-04-22 18:07:00,MET,1.1999999999999999e-05
2026-04-22 18:07:00,ZEC,-2.9999999999999997e-06
2026-04-22 18:07:00,ZORA,1.1999999999999999e-05
2026-04-22 18:07:00,ENA,1.1999999999999999e-05
2026-04-22 19:07:00,LIT,1.1999999999999999e-05
2026-04-22 19:07:00,AAVE,1.1999999999999999e-05
2026-04-22 19:07:00,VVV,1.1999999999999999e-05
2026-04-22 19:07:00,ARB,1.1999999999999999e-05
2026-04-22 19:07:00,STABLE,9e-06
2026-04-22 19:07:00,OP,1.1999999999999999e-05
2026-04-22 19:07:00,AVAX,1.1999999999999999e-05
2026-04-22 19:07:00,AZTEC,1.1999999999999999e-05
2026-04-22 19:07:00,YZY,-0.001152
2026-04-22 19:07:00,CHIP,-0.000361
2026-04-22 19:07:00,DYDX,1.1999999999999999e-05
2026-04-22 19:07:00,SEI,1.1999999999999999e-05
2026-04-22 19:07:00,POPCAT,1.1999999999999999e-05
2026-04-22 19:07:00,DOT,5.999999999999999e-06
2026-04-22 19:07:00,RESOLV,1.1999999999999999e-05
2026-04-22 19:07:00,LINEA,5.999999999999999e-06
2026-04-22 19:07:00,ZEC,5e-06
2026-04-22 19:07:00,LDO,1.1999999999999999e-05
2026-04-22 19:07:00,PAXG,1.1999999999999999e-05
2026-04-22 19:07:00,ENA,1.1999999999999999e-05
2026-04-22 19:07:00,ASTER,1.1999999999999999e-05
2026-04-22 19:07:00,BNB,1.1999999999999999e-05
2026-04-22 19:07:00,XPL,-2.7000000000000002e-05
2026-04-22 19:07:00,AVNT,2e-06
2026-04-22 19:07:00,SPX,1.1999999999999999e-05
2026-04-22 19:07:00,WIF,1.1999999999999999e-05
2026-04-22 19:07:00,AERO,-1e-05
2026-04-22 19:07:00,FARTCOIN,1.1999999999999999e-05
2026-04-22 19:07:00,PENGU,1.1999999999999999e-05
2026-04-22 19:07:00,DOGE,1.1999999999999999e-05
2026-04-22 19:07:00,TRUMP,1.1999999999999999e-05
2026-04-22 19:07:00,LTC,1.1999999999999999e-05
2026-04-22 19:07:00,AXS,1.1999999999999999e-05
2026-04-22 19:07:00,APEX,1.1999999999999999e-05
2026-04-22 19:07:00,KAITO,1.1999999999999999e-05
2026-04-22 19:07:00,ZK,1.1999999999999999e-05
2026-04-22 19:07:00,BCH,1.1999999999999999e-05
2026-04-22 19:07:00,TON,1.1999999999999999e-05
2026-04-22 19:07:00,ETHFI,1.1999999999999999e-05
2026-04-22 19:07:00,JUP,7e-06
2026-04-22 19:07:00,MET,1.1999999999999999e-05
2026-04-22 19:07:00,MEGA,1.1999999999999999e-05
2026-04-22 19:07:00,APT,1.1999999999999999e-05
2026-04-22 19:07:00,ICP,1.1999999999999999e-05
2026-04-22 19:07:00,STBL,4.4000000000000006e-05
2026-04-22 19:07:00,GRASS,1.1999999999999999e-05
2026-04-22 19:07:00,MON,1.1999999999999999e-05
2026-04-22 19:07:00,EIGEN,1.1999999999999999e-05
2026-04-22 19:07:00,WLD,-3.6e-05
2026-04-22 19:07:00,SYRUP,1.1999999999999999e-05
2026-04-22 19:07:00,PENDLE,1.1999999999999999e-05
2026-04-22 19:07:00,VIRTUAL,1e-05
2026-04-22 19:07:00,FOGO,-5.4999999999999995e-05
2026-04-22 19:07:00,SKR,1.1999999999999999e-05
2026-04-22 19:07:00,SOL,5.999999999999999e-06
2026-04-22 19:07:00,NEAR,1.1999999999999999e-05
2026-04-22 19:07:00,SUI,1.1999999999999999e-05
2026-04-22 19:07:00,TRX,-1e-06
2026-04-22 19:07:00,BERA,1.1999999999999999e-05
2026-04-22 19:07:00,MORPHO,-3.9e-05
2026-04-22 19:07:00,POL,1.1999999999999999e-05
2026-04-22 19:07:00,JTO,-5.9e-05
2026-04-22 19:07:00,TAO,-5e-06
2026-04-22 19:07:00,2Z,2.9999999999999997e-06
2026-04-22 19:07:00,TIA,1.1000000000000001e-05
2026-04-22 19:07:00,MNT,1.1999999999999999e-05
2026-04-22 19:07:00,GMX,1.1999999999999999e-05
2026-04-22 19:07:00,SKY,1.1999999999999999e-05
2026-04-22 19:07:00,CC,1.1999999999999999e-05
2026-04-22 19:07:00,ADA,1.1999999999999999e-05
2026-04-22 19:07:00,ONDO,1.1999999999999999e-05
2026-04-22 19:07:00,XMR,8.5e-05
2026-04-22 19:07:00,WLFI,1.1999999999999999e-05
2026-04-22 19:07:00,UNI,1.1999999999999999e-05
2026-04-22 19:07:00,XLM,1.1999999999999999e-05
2026-04-22 19:07:00,STRK,1e-06
2026-04-22 19:07:00,S,1.1999999999999999e-05
2026-04-22 19:07:00,IP,1.1999999999999999e-05
2026-04-22 19:07:00,LINK,1.1999999999999999e-05
2026-04-22 19:07:00,DASH,1.1999999999999999e-05
2026-04-22 19:07:00,HYPE,4e-06
2026-04-22 19:07:00,ZRO,1.1999999999999999e-05
2026-04-22 19:07:00,PUMP,1.1999999999999999e-05
2026-04-22 19:07:00,PROVE,-3.3e-05
2026-04-22 19:07:00,ETH,-5.999999999999999e-06
2026-04-22 19:07:00,ZORA,1.1999999999999999e-05
2026-04-22 19:07:00,CRV,1.1999999999999999e-05
2026-04-22 19:07:00,PYTH,1.1999999999999999e-05
2026-04-22 19:07:00,XRP,-2.9999999999999997e-06
2026-04-22 19:07:00,BTC,-1.5e-05
2026-04-22 19:07:00,0G,1.1999999999999999e-05
2026-04-22 19:07:00,FIL,0.0
2026-04-22 19:07:00,HBAR,1.1999999999999999e-05
2026-04-22 20:07:00,AAVE,1.1999999999999999e-05
2026-04-22 20:07:00,OP,1.1999999999999999e-05
2026-04-22 20:07:00,XMR,9.7e-05
2026-04-22 20:07:00,TRX,1.1000000000000001e-05
2026-04-22 20:07:00,ASTER,1.1999999999999999e-05
2026-04-22 20:07:00,MEGA,6.7e-05
2026-04-22 20:07:00,MET,1.1999999999999999e-05
2026-04-22 20:07:00,PYTH,1.1999999999999999e-05
2026-04-22 20:07:00,WIF,1.1999999999999999e-05
2026-04-22 20:07:00,POPCAT,1.1999999999999999e-05
2026-04-22 20:07:00,AVAX,1.1999999999999999e-05
2026-04-22 20:07:00,ZK,1.1999999999999999e-05
2026-04-22 20:07:00,EIGEN,1.1999999999999999e-05
2026-04-22 20:07:00,ZRO,1.1999999999999999e-05
2026-04-22 20:07:00,ZORA,1.1999999999999999e-05
2026-04-22 20:07:00,JUP,1e-05
2026-04-22 20:07:00,BCH,1.1999999999999999e-05
2026-04-22 20:07:00,WLD,4e-06
2026-04-22 20:07:00,DASH,1.1999999999999999e-05
2026-04-22 20:07:00,SKR,1e-05
2026-04-22 20:07:00,SYRUP,1.1999999999999999e-05
2026-04-22 20:07:00,APEX,1.1999999999999999e-05
2026-04-22 20:07:00,ZEC,-8e-06
2026-04-22 20:07:00,XRP,1.1000000000000001e-05
2026-04-22 20:07:00,GMX,1.1999999999999999e-05
2026-04-22 20:07:00,LINK,1.1999999999999999e-05
2026-04-22 20:07:00,PENDLE,1.1999999999999999e-05
2026-04-22 20:07:00,BNB,1.1999999999999999e-05
2026-04-22 20:07:00,2Z,8e-06
2026-04-22 20:07:00,FOGO,-2.2000000000000003e-05
2026-04-22 20:07:00,SPX,1.1999999999999999e-05
2026-04-22 20:07:00,AERO,-4e-05
2026-04-22 20:07:00,CRV,1.1999999999999999e-05
2026-04-22 20:07:00,WLFI,1.1999999999999999e-05
2026-04-22 20:07:00,HYPE,8e-06
2026-04-22 20:07:00,PENGU,1.1999999999999999e-05
2026-04-22 20:07:00,HBAR,1.1999999999999999e-05
2026-04-22 20:07:00,0G,8e-06
2026-04-22 20:07:00,DYDX,1.1999999999999999e-05
2026-04-22 20:07:00,LDO,1.1999999999999999e-05
2026-04-22 20:07:00,ARB,1.1999999999999999e-05
2026-04-22 20:07:00,KAITO,-5.999999999999999e-06
2026-04-22 20:07:00,TON,1.1999999999999999e-05
2026-04-22 20:07:00,LIT,1.1999999999999999e-05
2026-04-22 20:07:00,GRASS,1.1999999999999999e-05
2026-04-22 20:07:00,CC,1.1999999999999999e-05
2026-04-22 20:07:00,ADA,1.1999999999999999e-05
2026-04-22 20:07:00,DOT,-1.1999999999999999e-05
2026-04-22 20:07:00,APT,1e-05
2026-04-22 20:07:00,JTO,-5.4000000000000005e-05
2026-04-22 20:07:00,VVV,1.1999999999999999e-05
2026-04-22 20:07:00,POL,1.1999999999999999e-05
2026-04-22 20:07:00,CHIP,-0.001013
2026-04-22 20:07:00,BERA,1.1999999999999999e-05
2026-04-22 20:07:00,TAO,-2.6e-05
2026-04-22 20:07:00,FARTCOIN,1.1999999999999999e-05
2026-04-22 20:07:00,AXS,-3.3e-05
2026-04-22 20:07:00,YZY,-0.001149
2026-04-22 20:07:00,S,1.1999999999999999e-05
2026-04-22 20:07:00,IP,1.1999999999999999e-05
2026-04-22 20:07:00,TIA,1e-05
2026-04-22 20:07:00,PROVE,5.999999999999999e-06
2026-04-22 20:07:00,LTC,1.1999999999999999e-05
2026-04-22 20:07:00,LINEA,1.1999999999999999e-05
2026-04-22 20:07:00,BTC,-1.1000000000000001e-05
2026-04-22 20:07:00,XLM,1.1999999999999999e-05
2026-04-22 20:07:00,TRUMP,8e-06
2026-04-22 20:07:00,FIL,-5.999999999999999e-06
2026-04-22 20:07:00,SOL,1.1999999999999999e-05
2026-04-22 20:07:00,RESOLV,1.1999999999999999e-05
2026-04-22 20:07:00,ETHFI,1.1999999999999999e-05
2026-04-22 20:07:00,UNI,1.1999999999999999e-05
2026-04-22 20:07:00,SKY,1.1999999999999999e-05
2026-04-22 20:07:00,ONDO,1.1999999999999999e-05
2026-04-22 20:07:00,ETH,9e-06
2026-04-22 20:07:00,NEAR,1.1999999999999999e-05
2026-04-22 20:07:00,VIRTUAL,1.1999999999999999e-05
2026-04-22 20:07:00,MON,1.1999999999999999e-05
2026-04-22 20:07:00,SEI,1.1999999999999999e-05
2026-04-22 20:07:00,PUMP,1.1999999999999999e-05
2026-04-22 20:07:00,ENA,1.1999999999999999e-05
2026-04-22 20:07:00,AZTEC,1.1999999999999999e-05
2026-04-22 20:07:00,XPL,1e-05
2026-04-22 20:07:00,MORPHO,-1.5e-05
2026-04-22 20:07:00,STRK,1.1999999999999999e-05
2026-04-22 20:07:00,SUI,1.1999999999999999e-05
2026-04-22 20:07:00,PAXG,1.1999999999999999e-05
2026-04-22 20:07:00,AVNT,1e-05
2026-04-22 20:07:00,MNT,1.1999999999999999e-05
2026-04-22 20:07:00,STABLE,5e-06
2026-04-22 20:07:00,ICP,1.1999999999999999e-05
2026-04-22 20:07:00,DOGE,1.1999999999999999e-05
2026-04-22 20:07:00,STBL,1.5e-05
2026-04-22 21:07:00,GRASS,1.1999999999999999e-05
2026-04-22 21:07:00,HBAR,1.1999999999999999e-05
2026-04-22 21:07:00,APT,-2.1e-05
2026-04-22 21:07:00,BNB,-2.9999999999999997e-06
2026-04-22 21:07:00,BERA,1.1999999999999999e-05
2026-04-22 21:07:00,2Z,-4.4000000000000006e-05
2026-04-22 21:07:00,PAXG,1.1999999999999999e-05
2026-04-22 21:07:00,ARB,-2.6e-05
2026-04-22 21:07:00,GMX,1.1999999999999999e-05
2026-04-22 21:07:00,DOGE,1.1999999999999999e-05
2026-04-22 21:07:00,STRK,-8e-06
2026-04-22 21:07:00,ZEC,-2.3e-05
2026-04-22 21:07:00,FOGO,-2.8e-05
2026-04-22 21:07:00,XMR,6.9e-05
2026-04-22 21:07:00,PROVE,-4.1e-05
2026-04-22 21:07:00,WIF,1.1999999999999999e-05
2026-04-22 21:07:00,LINK,1.1999999999999999e-05
2026-04-22 21:07:00,MET,1.1999999999999999e-05
2026-04-22 21:07:00,SUI,1.1999999999999999e-05
2026-04-22 21:07:00,ADA,1.1999999999999999e-05
2026-04-22 21:07:00,0G,1e-06
2026-04-22 21:07:00,ONDO,1.1999999999999999e-05
2026-04-22 21:07:00,WLD,-5.2e-05
2026-04-22 21:07:00,CRV,1.1999999999999999e-05
2026-04-22 21:07:00,AERO,7e-06
2026-04-22 21:07:00,LIT,1.1999999999999999e-05
2026-04-22 21:07:00,MNT,1.1999999999999999e-05
2026-04-22 21:07:00,POPCAT,1.1999999999999999e-05
2026-04-22 21:07:00,NEAR,1.1999999999999999e-05
2026-04-22 21:07:00,UNI,1.1999999999999999e-05
2026-04-22 21:07:00,TRUMP,1.1000000000000001e-05
2026-04-22 21:07:00,LTC,1.1999999999999999e-05
2026-04-22 21:07:00,ETHFI,1.1999999999999999e-05
2026-04-22 21:07:00,SPX,1.1999999999999999e-05
2026-04-22 21:07:00,DYDX,1.1999999999999999e-05
2026-04-22 21:07:00,SKY,1.1999999999999999e-05
2026-04-22 21:07:00,PUMP,1.1999999999999999e-05
2026-04-22 21:07:00,XPL,-3e-05
2026-04-22 21:07:00,MEGA,1.1999999999999999e-05
2026-04-22 21:07:00,STBL,1.1999999999999999e-05
2026-04-22 21:07:00,PYTH,1.1999999999999999e-05
2026-04-22 21:07:00,PENDLE,1.1999999999999999e-05
2026-04-22 21:07:00,AXS,9e-06
2026-04-22 21:07:00,TAO,-6.3e-05
2026-04-22 21:07:00,AZTEC,1.1999999999999999e-05
2026-04-22 21:07:00,RESOLV,1.1999999999999999e-05
2026-04-22 21:07:00,SYRUP,1.1999999999999999e-05
2026-04-22 21:07:00,IP,1.1999999999999999e-05
2026-04-22 21:07:00,LDO,1.1999999999999999e-05
2026-04-22 21:07:00,KAITO,0.0
2026-04-22 21:07:00,ASTER,1.1999999999999999e-05
2026-04-22 21:07:00,YZY,-0.000996
2026-04-22 21:07:00,JUP,-5e-06
2026-04-22 21:07:00,TRX,-1.9e-05
2026-04-22 21:07:00,STABLE,1.1999999999999999e-05
2026-04-22 21:07:00,ZRO,1.1999999999999999e-05
2026-04-22 21:07:00,LINEA,1.1999999999999999e-05
2026-04-22 21:07:00,DASH,1.1999999999999999e-05
2026-04-22 21:07:00,FARTCOIN,1.1999999999999999e-05
2026-04-22 21:07:00,VIRTUAL,1.1999999999999999e-05
2026-04-22 21:07:00,ZK,1.1999999999999999e-05
2026-04-22 21:07:00,S,4e-06
2026-04-22 21:07:00,HYPE,1.1999999999999999e-05
2026-04-22 21:07:00,AVAX,1.1999999999999999e-05
2026-04-22 21:07:00,SKR,1.1999999999999999e-05
2026-04-22 21:07:00,ENA,1.1999999999999999e-05
2026-04-22 21:07:00,FIL,-2.1e-05
2026-04-22 21:07:00,POL,1.1999999999999999e-05
2026-04-22 21:07:00,ZORA,1.1999999999999999e-05
2026-04-22 21:07:00,CHIP,-0.000847
2026-04-22 21:07:00,OP,1.1999999999999999e-05
2026-04-22 21:07:00,EIGEN,1.1999999999999999e-05
2026-04-22 21:07:00,ETH,1.1000000000000001e-05
2026-04-22 21:07:00,AAVE,1.1999999999999999e-05
2026-04-22 21:07:00,SEI,1.1999999999999999e-05
2026-04-22 21:07:00,TON,1.1999999999999999e-05
2026-04-22 21:07:00,JTO,-7.3e-05
2026-04-22 21:07:00,DOT,-2.8e-05
2026-04-22 21:07:00,AVNT,1.1999999999999999e-05
2026-04-22 21:07:00,MON,1.1999999999999999e-05
2026-04-22 21:07:00,VVV,1.1999999999999999e-05
2026-04-22 21:07:00,BCH,1.1999999999999999e-05
2026-04-22 21:07:00,SOL,1.1999999999999999e-05
2026-04-22 21:07:00,XLM,1.1999999999999999e-05
2026-04-22 21:07:00,APEX,1.1999999999999999e-05
2026-04-22 21:07:00,BTC,5.999999999999999e-06
2026-04-22 21:07:00,WLFI,-3.9e-05
2026-04-22 21:07:00,CC,1.1999999999999999e-05
2026-04-22 21:07:00,TIA,-5e-06
2026-04-22 21:07:00,XRP,-1.7e-05
2026-04-22 21:07:00,PENGU,1.1999999999999999e-05
2026-04-22 21:07:00,MORPHO,-2.5e-05
2026-04-22 21:07:00,ICP,1.1000000000000001e-05
2026-04-22 22:07:00,FARTCOIN,1.1999999999999999e-05
2026-04-22 22:07:00,BCH,1.1999999999999999e-05
2026-04-22 22:07:00,APT,0.0
2026-04-22 22:07:00,2Z,-3.6e-05
2026-04-22 22:07:00,0G,-7e-06
2026-04-22 22:07:00,ASTER,1.1999999999999999e-05
2026-04-22 22:07:00,MORPHO,2e-06
2026-04-22 22:07:00,LINEA,1.1999999999999999e-05
2026-04-22 22:07:00,STBL,9.400000000000001e-05
2026-04-22 22:07:00,XPL,-2.8999999999999997e-05
2026-04-22 22:07:00,GRASS,1.1999999999999999e-05
2026-04-22 22:07:00,MET,1.1999999999999999e-05
2026-04-22 22:07:00,ICP,1.1999999999999999e-05
2026-04-22 22:07:00,XLM,1.1999999999999999e-05
2026-04-22 22:07:00,OP,1.1999999999999999e-05
2026-04-22 22:07:00,S,1.1000000000000001e-05
2026-04-22 22:07:00,CC,1.1999999999999999e-05
2026-04-22 22:07:00,STABLE,1.1000000000000001e-05
2026-04-22 22:07:00,TAO,-8e-06
2026-04-22 22:07:00,ADA,1.1999999999999999e-05
2026-04-22 22:07:00,BERA,1.1999999999999999e-05
2026-04-22 22:07:00,RESOLV,1.1999999999999999e-05
2026-04-22 22:07:00,SKR,1.1999999999999999e-05
2026-04-22 22:07:00,VIRTUAL,8e-06
2026-04-22 22:07:00,DASH,1.1999999999999999e-05
2026-04-22 22:07:00,AERO,1.1999999999999999e-05
2026-04-22 22:07:00,DOGE,1.1999999999999999e-05
2026-04-22 22:07:00,UNI,1.1999999999999999e-05
2026-04-22 22:07:00,JUP,-3e-05
2026-04-22 22:07:00,SYRUP,1.1999999999999999e-05
2026-04-22 22:07:00,FIL,-2e-05
2026-04-22 22:07:00,GMX,1.1999999999999999e-05
2026-04-22 22:07:00,JTO,-6.2e-05
2026-04-22 22:07:00,HBAR,1.1999999999999999e-05
2026-04-22 22:07:00,PUMP,1.1999999999999999e-05
2026-04-22 22:07:00,STRK,-4.1e-05
2026-04-22 22:07:00,TIA,-5e-06
2026-04-22 22:07:00,BTC,-1.7e-05
2026-04-22 22:07:00,SUI,1.1999999999999999e-05
2026-04-22 22:07:00,ETH,-1e-06
2026-04-22 22:07:00,CHIP,-0.000889
2026-04-22 22:07:00,AZTEC,1.1999999999999999e-05
2026-04-22 22:07:00,PYTH,1.1999999999999999e-05
2026-04-22 22:07:00,HYPE,1.1999999999999999e-05
2026-04-22 22:07:00,TRUMP,1e-06
2026-04-22 22:07:00,WIF,1.1999999999999999e-05
2026-04-22 22:07:00,PENDLE,1.1999999999999999e-05
2026-04-22 22:07:00,SPX,1.1999999999999999e-05
2026-04-22 22:07:00,LDO,-2e-06
2026-04-22 22:07:00,ETHFI,1.1999999999999999e-05
2026-04-22 22:07:00,WLFI,0.0
2026-04-22 22:07:00,PENGU,1.1999999999999999e-05
2026-04-22 22:07:00,CRV,1.1999999999999999e-05
2026-04-22 22:07:00,DOT,-2.8e-05
2026-04-22 22:07:00,LIT,1.1999999999999999e-05
2026-04-22 22:07:00,ONDO,1.1999999999999999e-05
2026-04-22 22:07:00,KAITO,1e-06
2026-04-22 22:07:00,ENA,1.1999999999999999e-05
2026-04-22 22:07:00,SEI,1.1999999999999999e-05
2026-04-22 22:07:00,LTC,1.1999999999999999e-05
2026-04-22 22:07:00,VVV,1.1999999999999999e-05
2026-04-22 22:07:00,ZORA,1.1999999999999999e-05
2026-04-22 22:07:00,MON,1.1999999999999999e-05
2026-04-22 22:07:00,SOL,1.1000000000000001e-05
2026-04-22 22:07:00,AVAX,1.1999999999999999e-05
2026-04-22 22:07:00,DYDX,1.1999999999999999e-05
2026-04-22 22:07:00,ARB,5e-06
2026-04-22 22:07:00,XMR,0.000135
2026-04-22 22:07:00,TON,1.1999999999999999e-05
2026-04-22 22:07:00,POPCAT,1.1999999999999999e-05
2026-04-22 22:07:00,ZK,1.1999999999999999e-05
2026-04-22 22:07:00,PAXG,1.1999999999999999e-05
2026-04-22 22:07:00,SKY,1.1999999999999999e-05
2026-04-22 22:07:00,FOGO,9e-06
2026-04-22 22:07:00,XRP,-2.3999999999999997e-05
2026-04-22 22:07:00,POL,1.1999999999999999e-05
2026-04-22 22:07:00,APEX,1.1999999999999999e-05
2026-04-22 22:07:00,AAVE,1.1999999999999999e-05
2026-04-22 22:07:00,MEGA,1.1999999999999999e-05
2026-04-22 22:07:00,ZRO,1.1999999999999999e-05
2026-04-22 22:07:00,YZY,-0.000858
2026-04-22 22:07:00,PROVE,-0.00013299999999999998
2026-04-22 22:07:00,TRX,-4e-06
2026-04-22 22:07:00,NEAR,1.1999999999999999e-05
2026-04-22 22:07:00,AVNT,1.1999999999999999e-05
2026-04-22 22:07:00,MNT,1.1999999999999999e-05
2026-04-22 22:07:00,WLD,-3.7000000000000005e-05
2026-04-22 22:07:00,BNB,1.1000000000000001e-05
2026-04-22 22:07:00,ZEC,-1e-06
2026-04-22 22:07:00,AXS,-1.1999999999999999e-05
2026-04-22 22:07:00,LINK,1.1999999999999999e-05
2026-04-22 22:07:00,IP,1.1999999999999999e-05
2026-04-22 22:07:00,EIGEN,1.1999999999999999e-05
2026-04-22 23:07:00,0G,-1e-05
2026-04-22 23:07:00,SOL,1.1000000000000001e-05
2026-04-22 23:07:00,AZTEC,1.1999999999999999e-05
2026-04-22 23:07:00,VVV,1.1999999999999999e-05
2026-04-22 23:07:00,AERO,-3.1e-05
2026-04-22 23:07:00,2Z,-1.9e-05
2026-04-22 23:07:00,KAITO,1.1999999999999999e-05
2026-04-22 23:07:00,ADA,1.1999999999999999e-05
2026-04-22 23:07:00,ETHFI,1.1999999999999999e-05
2026-04-22 23:07:00,AVNT,-1.6e-05
2026-04-22 23:07:00,APT,-2.3999999999999997e-05
2026-04-22 23:07:00,MET,1.1999999999999999e-05
2026-04-22 23:07:00,WLD,-2.3e-05
2026-04-22 23:07:00,ETH,-1e-06
2026-04-22 23:07:00,YZY,-0.0009429999999999999
2026-04-22 23:07:00,ZORA,1.1999999999999999e-05
2026-04-22 23:07:00,EIGEN,1.1999999999999999e-05
2026-04-22 23:07:00,BCH,1.1999999999999999e-05
2026-04-22 23:07:00,TON,-0.000105
2026-04-22 23:07:00,SKY,1.1999999999999999e-05
2026-04-22 23:07:00,ONDO,1.1999999999999999e-05
2026-04-22 23:07:00,WIF,1.1999999999999999e-05
2026-04-22 23:07:00,MORPHO,-5.4999999999999995e-05
2026-04-22 23:07:00,ICP,0.0
2026-04-22 23:07:00,AXS,-1.7e-05
2026-04-22 23:07:00,PROVE,-0.000104
2026-04-22 23:07:00,MON,-7.1e-05
2026-04-22 23:07:00,LDO,4e-06
2026-04-22 23:07:00,AVAX,1.1999999999999999e-05
2026-04-22 23:07:00,JTO,-6.5e-05
2026-04-22 23:07:00,RESOLV,1.1999999999999999e-05
2026-04-22 23:07:00,XRP,-3e-05
2026-04-22 23:07:00,ENA,1.1999999999999999e-05
2026-04-22 23:07:00,ARB,-1e-05
2026-04-22 23:07:00,ZRO,1.1999999999999999e-05
2026-04-22 23:07:00,OP,1.1999999999999999e-05
2026-04-22 23:07:00,XLM,1.1999999999999999e-05
2026-04-22 23:07:00,HBAR,1.1999999999999999e-05
2026-04-22 23:07:00,STRK,-2.2000000000000003e-05
2026-04-22 23:07:00,SUI,1.1999999999999999e-05
2026-04-22 23:07:00,ASTER,8e-06
2026-04-22 23:07:00,VIRTUAL,-2.9999999999999997e-06
2026-04-22 23:07:00,DYDX,1.1999999999999999e-05
2026-04-22 23:07:00,LIT,1.1999999999999999e-05
2026-04-22 23:07:00,SPX,1.1999999999999999e-05
2026-04-22 23:07:00,AAVE,1.1999999999999999e-05
2026-04-22 23:07:00,IP,-4e-05
2026-04-22 23:07:00,JUP,-3.7000000000000005e-05
2026-04-22 23:07:00,DOT,-4.7000000000000004e-05
2026-04-22 23:07:00,CHIP,-0.001026
2026-04-22 23:07:00,DOGE,1.1999999999999999e-05
2026-04-22 23:07:00,POL,1.1999999999999999e-05
2026-04-22 23:07:00,PENDLE,1.1999999999999999e-05
2026-04-22 23:07:00,TRUMP,1.1999999999999999e-05
2026-04-22 23:07:00,CC,1.1999999999999999e-05
2026-04-22 23:07:00,BTC,-1.3e-05
2026-04-22 23:07:00,SKR,-0.00013299999999999998
2026-04-22 23:07:00,GMX,-3.8e-05
2026-04-22 23:07:00,CRV,1.1999999999999999e-05
2026-04-22 23:07:00,ZEC,5e-06
2026-04-22 23:07:00,STBL,1.1999999999999999e-05
2026-04-22 23:07:00,NEAR,2.9999999999999997e-06
2026-04-22 23:07:00,LTC,1.1999999999999999e-05
2026-04-22 23:07:00,PAXG,1.1999999999999999e-05
2026-04-22 23:07:00,PENGU,9e-06
2026-04-22 23:07:00,GRASS,1.1999999999999999e-05
2026-04-22 23:07:00,TRX,7e-06
2026-04-22 23:07:00,XMR,7.5e-05
2026-04-22 23:07:00,STABLE,-1.4e-05
2026-04-22 23:07:00,S,-2.5e-05
2026-04-22 23:07:00,TIA,-2.1e-05
2026-04-22 23:07:00,MNT,1.1999999999999999e-05
2026-04-22 23:07:00,LINK,8e-06
2026-04-22 23:07:00,FOGO,-1.9e-05
2026-04-22 23:07:00,XPL,-4.7000000000000004e-05
2026-04-22 23:07:00,FARTCOIN,1.1999999999999999e-05
2026-04-22 23:07:00,SEI,1.1999999999999999e-05
2026-04-22 23:07:00,DASH,1.1999999999999999e-05
2026-04-22 23:07:00,APEX,1.1999999999999999e-05
2026-04-22 23:07:00,WLFI,1.1999999999999999e-05
2026-04-22 23:07:00,BERA,1.1999999999999999e-05
2026-04-22 23:07:00,SYRUP,1.1999999999999999e-05
2026-04-22 23:07:00,TAO,0.0
2026-04-22 23:07:00,ZK,1.1999999999999999e-05
2026-04-22 23:07:00,BNB,-1e-05
2026-04-22 23:07:00,POPCAT,1.1999999999999999e-05
2026-04-22 23:07:00,MEGA,1.1999999999999999e-05
2026-04-22 23:07:00,PYTH,1.1999999999999999e-05
2026-04-22 23:07:00,PUMP,1.1999999999999999e-05
2026-04-22 23:07:00,HYPE,-1.9e-05
2026-04-22 23:07:00,UNI,1.1999999999999999e-05
2026-04-22 23:07:00,FIL,-4.4999999999999996e-05
2026-04-22 23:07:00,LINEA,-2.7000000000000002e-05
2026-04-23 00:07:01,AVAX,1.1999999999999999e-05
2026-04-23 00:07:01,XPL,-7.1e-05
2026-04-23 00:07:01,TAO,1.1999999999999999e-05
2026-04-23 00:07:01,ZORA,1.1999999999999999e-05
2026-04-23 00:07:01,CRV,1.1999999999999999e-05
2026-04-23 00:07:01,JTO,-3.9e-05
2026-04-23 00:07:01,XMR,0.000207
2026-04-23 00:07:01,ETHFI,1.1999999999999999e-05
2026-04-23 00:07:01,STRK,-4e-06
2026-04-23 00:07:01,OP,1.1999999999999999e-05
2026-04-23 00:07:01,LTC,5.999999999999999e-06
2026-04-23 00:07:01,AVNT,-2.3e-05
2026-04-23 00:07:01,GMX,7e-06
2026-04-23 00:07:01,0G,5e-06
2026-04-23 00:07:01,AERO,-6.1000000000000005e-05
2026-04-23 00:07:01,FOGO,-2.8e-05
2026-04-23 00:07:01,LIT,1.1999999999999999e-05
2026-04-23 00:07:01,SUI,1.1999999999999999e-05
2026-04-23 00:07:01,POL,1.1999999999999999e-05
2026-04-23 00:07:01,PENDLE,1.1999999999999999e-05
2026-04-23 00:07:01,TON,-3.4e-05
2026-04-23 00:07:01,ETH,1.1999999999999999e-05
2026-04-23 00:07:01,RESOLV,1.1999999999999999e-05
2026-04-23 00:07:01,MET,1.1999999999999999e-05
2026-04-23 00:07:01,YZY,-0.0008219999999999999
2026-04-23 00:07:01,LINK,2.9999999999999997e-06
2026-04-23 00:07:01,PUMP,1.1999999999999999e-05
2026-04-23 00:07:01,EIGEN,1.1999999999999999e-05
2026-04-23 00:07:01,POPCAT,1.1999999999999999e-05
2026-04-23 00:07:01,STBL,1.1999999999999999e-05
2026-04-23 00:07:01,LINEA,8e-06
2026-04-23 00:07:01,ONDO,1.1999999999999999e-05
2026-04-23 00:07:01,AAVE,1.1999999999999999e-05
2026-04-23 00:07:01,CHIP,-0.0006169999999999999
2026-04-23 00:07:01,DOT,-4.2e-05
2026-04-23 00:07:01,WIF,1.1999999999999999e-05
2026-04-23 00:07:01,FIL,-3.2e-05
2026-04-23 00:07:01,TIA,2.9999999999999997e-06
2026-04-23 00:07:01,DOGE,1.1999999999999999e-05
2026-04-23 00:07:01,VIRTUAL,-1e-05
2026-04-23 00:07:01,FARTCOIN,1.1999999999999999e-05
2026-04-23 00:07:01,APT,-9e-06
2026-04-23 00:07:01,PYTH,1.1999999999999999e-05
2026-04-23 00:07:01,AZTEC,1.1999999999999999e-05
2026-04-23 00:07:01,DYDX,1.1999999999999999e-05
2026-04-23 00:07:01,ICP,1.1999999999999999e-05
2026-04-23 00:07:01,ENA,1.1999999999999999e-05
2026-04-23 00:07:01,KAITO,1.1999999999999999e-05
2026-04-23 00:07:01,TRX,9e-06
2026-04-23 00:07:01,NEAR,-2e-06
2026-04-23 00:07:01,CC,1.1999999999999999e-05
2026-04-23 00:07:01,PROVE,-2.6e-05
2026-04-23 00:07:01,PAXG,1.1999999999999999e-05
2026-04-23 00:07:01,ADA,7e-06
2026-04-23 00:07:01,SPX,1.1999999999999999e-05
2026-04-23 00:07:01,JUP,-4.2e-05
2026-04-23 00:07:01,XLM,1.1999999999999999e-05
2026-04-23 00:07:01,APEX,1.1999999999999999e-05
2026-04-23 00:07:01,BERA,1.1999999999999999e-05
2026-04-23 00:07:01,IP,8e-06
2026-04-23 00:07:01,SOL,5e-06
2026-04-23 00:07:01,ZK,1.1999999999999999e-05
2026-04-23 00:07:01,MNT,1.1999999999999999e-05
2026-04-23 00:07:01,HBAR,1.1999999999999999e-05
2026-04-23 00:07:01,WLFI,1.1999999999999999e-05
2026-04-23 00:07:01,AXS,-0.000101
2026-04-23 00:07:01,SYRUP,1.1999999999999999e-05
2026-04-23 00:07:01,SKY,1.1999999999999999e-05
2026-04-23 00:07:01,PENGU,1.1999999999999999e-05
2026-04-23 00:07:01,ASTER,-4.1e-05
2026-04-23 00:07:01,DASH,1.1999999999999999e-05
2026-04-23 00:07:01,UNI,1.1999999999999999e-05
2026-04-23 00:07:01,MEGA,1.1999999999999999e-05
2026-04-23 00:07:01,XRP,-2.1e-05
2026-04-23 00:07:01,TRUMP,-7e-06
2026-04-23 00:07:01,MON,-6.9e-05
2026-04-23 00:07:01,S,-1.3e-05
2026-04-23 00:07:01,LDO,1.1999999999999999e-05
2026-04-23 00:07:01,GRASS,1.1999999999999999e-05
2026-04-23 00:07:01,VVV,1.1999999999999999e-05
2026-04-23 00:07:01,SKR,5e-06
2026-04-23 00:07:01,BTC,-4e-06
2026-04-23 00:07:01,BNB,-5e-06
2026-04-23 00:07:01,HYPE,1e-05
2026-04-23 00:07:01,WLD,-4.2e-05
2026-04-23 00:07:01,SEI,1.1999999999999999e-05
2026-04-23 00:07:01,BCH,1.1999999999999999e-05
2026-04-23 00:07:01,MORPHO,5e-06
2026-04-23 00:07:01,ARB,-2.7000000000000002e-05
2026-04-23 00:07:01,STABLE,-3.4e-05
2026-04-23 00:07:01,2Z,9e-06
2026-04-23 00:07:01,ZEC,4e-06
2026-04-23 00:07:01,ZRO,1.1999999999999999e-05
2026-04-23 01:07:00,BTC,0.0
2026-04-23 01:07:00,ZEC,2e-06
2026-04-23 01:07:00,XMR,0.000237
2026-04-23 01:07:00,TRX,2e-06
2026-04-23 01:07:00,MON,-2.8999999999999997e-05
2026-04-23 01:07:00,RESOLV,1.1999999999999999e-05
2026-04-23 01:07:00,BCH,1.1999999999999999e-05
2026-04-23 01:07:00,ICP,1.1000000000000001e-05
2026-04-23 01:07:00,TIA,-2.9999999999999997e-06
2026-04-23 01:07:00,JTO,-9.499999999999999e-05
2026-04-23 01:07:00,LINK,-1.5e-05
2026-04-23 01:07:00,FARTCOIN,1.1999999999999999e-05
2026-04-23 01:07:00,STBL,0.00010899999999999999
2026-04-23 01:07:00,XLM,1.1999999999999999e-05
2026-04-23 01:07:00,SEI,1.1999999999999999e-05
2026-04-23 01:07:00,0G,-3.8e-05
2026-04-23 01:07:00,DOT,-3.4e-05
2026-04-23 01:07:00,XPL,-1.1000000000000001e-05
2026-04-23 01:07:00,ETHFI,1.1999999999999999e-05
2026-04-23 01:07:00,POPCAT,1.1999999999999999e-05
2026-04-23 01:07:00,PENDLE,1.1999999999999999e-05
2026-04-23 01:07:00,LTC,1.1999999999999999e-05
2026-04-23 01:07:00,AVAX,1.1999999999999999e-05
2026-04-23 01:07:00,PYTH,1.1999999999999999e-05
2026-04-23 01:07:00,YZY,-0.000838
2026-04-23 01:07:00,ASTER,-2.6e-05
2026-04-23 01:07:00,CC,1.1999999999999999e-05
2026-04-23 01:07:00,OP,1.1999999999999999e-05
2026-04-23 01:07:00,PAXG,1.1999999999999999e-05
2026-04-23 01:07:00,DYDX,1.1999999999999999e-05
2026-04-23 01:07:00,S,1.1999999999999999e-05
2026-04-23 01:07:00,ZORA,1.1999999999999999e-05
2026-04-23 01:07:00,AAVE,1.1999999999999999e-05
2026-04-23 01:07:00,MORPHO,-4.4000000000000006e-05
2026-04-23 01:07:00,MET,1.1999999999999999e-05
2026-04-23 01:07:00,ADA,1.1999999999999999e-05
2026-04-23 01:07:00,XRP,0.0
2026-04-23 01:07:00,APT,1.1999999999999999e-05
2026-04-23 01:07:00,CRV,1.1999999999999999e-05
2026-04-23 01:07:00,KAITO,1.1999999999999999e-05
2026-04-23 01:07:00,EIGEN,-2.7000000000000002e-05
2026-04-23 01:07:00,AXS,-3.8e-05
2026-04-23 01:07:00,SKY,1.1999999999999999e-05
2026-04-23 01:07:00,MEGA,1.1999999999999999e-05
2026-04-23 01:07:00,WLFI,1e-05
2026-04-23 01:07:00,VVV,1.1999999999999999e-05
2026-04-23 01:07:00,SKR,-1.9e-05
2026-04-23 01:07:00,PUMP,1.1999999999999999e-05
2026-04-23 01:07:00,DASH,1.1999999999999999e-05
2026-04-23 01:07:00,IP,-7.6e-05
2026-04-23 01:07:00,TRUMP,-1.1000000000000001e-05
2026-04-23 01:07:00,WLD,-3.9e-05
2026-04-23 01:07:00,TON,-5e-06
2026-04-23 01:07:00,ARB,-1.9e-05
2026-04-23 01:07:00,TAO,9e-06
2026-04-23 01:07:00,SYRUP,1.1999999999999999e-05
2026-04-23 01:07:00,LINEA,1e-06
2026-04-23 01:07:00,ZK,1.1999999999999999e-05
2026-04-23 01:07:00,LDO,1.1999999999999999e-05
2026-04-23 01:07:00,FIL,-9.499999999999999e-05
2026-04-23 01:07:00,GMX,1.1999999999999999e-05
2026-04-23 01:07:00,PROVE,7e-06
2026-04-23 01:07:00,JUP,1e-05
2026-04-23 01:07:00,GRASS,1.1999999999999999e-05
2026-04-23 01:07:00,2Z,2.9999999999999997e-06
2026-04-23 01:07:00,DOGE,1.1999999999999999e-05
2026-04-23 01:07:00,BNB,2e-06
2026-04-23 01:07:00,AERO,-9.599999999999999e-05
2026-04-23 01:07:00,SPX,1.1999999999999999e-05
2026-04-23 01:07:00,ETH,8e-06
2026-04-23 01:07:00,UNI,1.1999999999999999e-05
2026-04-23 01:07:00,AZTEC,1.1999999999999999e-05
2026-04-23 01:07:00,SUI,0.0
2026-04-23 01:07:00,STRK,1.1000000000000001e-05
2026-04-23 01:07:00,APEX,1.1999999999999999e-05
2026-04-23 01:07:00,SOL,8e-06
2026-04-23 01:07:00,FOGO,-9.499999999999999e-05
2026-04-23 01:07:00,HYPE,0.0
2026-04-23 01:07:00,ZRO,1.1999999999999999e-05
2026-04-23 01:07:00,AVNT,1.1000000000000001e-05
2026-04-23 01:07:00,ONDO,0.0
2026-04-23 01:07:00,WIF,1.1999999999999999e-05
2026-04-23 01:07:00,CHIP,-0.000456
2026-04-23 01:07:00,NEAR,1.1999999999999999e-05
2026-04-23 01:07:00,LIT,1.1999999999999999e-05
2026-04-23 01:07:00,BERA,5.999999999999999e-06
2026-04-23 01:07:00,POL,1.1999999999999999e-05
2026-04-23 01:07:00,ENA,1.1999999999999999e-05
2026-04-23 01:07:00,VIRTUAL,-2.7000000000000002e-05
2026-04-23 01:07:00,HBAR,1.1999999999999999e-05
2026-04-23 01:07:00,PENGU,1.1999999999999999e-05
2026-04-23 01:07:00,MNT,1.1999999999999999e-05
2026-04-23 01:07:00,STABLE,1e-05
2026-04-23 02:07:00,PAXG,1.1999999999999999e-05
2026-04-23 02:07:00,RESOLV,1.1999999999999999e-05
2026-04-23 02:07:00,MORPHO,-2.2000000000000003e-05
2026-04-23 02:07:00,0G,-2.8e-05
2026-04-23 02:07:00,ARB,-8e-06
2026-04-23 02:07:00,DASH,1.1999999999999999e-05
2026-04-23 02:07:00,SOL,1.1999999999999999e-05
2026-04-23 02:07:00,LINEA,2e-06
2026-04-23 02:07:00,STABLE,1.1999999999999999e-05
2026-04-23 02:07:00,KAITO,1.1999999999999999e-05
2026-04-23 02:07:00,PENGU,8e-06
2026-04-23 02:07:00,AXS,7e-06
2026-04-23 02:07:00,S,1.1999999999999999e-05
2026-04-23 02:07:00,SKR,0.0
2026-04-23 02:07:00,LIT,1.1999999999999999e-05
2026-04-23 02:07:00,WLD,-9e-06
2026-04-23 02:07:00,SUI,1.1999999999999999e-05
2026-04-23 02:07:00,SYRUP,1.1999999999999999e-05
2026-04-23 02:07:00,MON,-4.1e-05
2026-04-23 02:07:00,SKY,1.1999999999999999e-05
2026-04-23 02:07:00,YZY,-0.0008749999999999999
2026-04-23 02:07:00,LDO,1.1999999999999999e-05
2026-04-23 02:07:00,ASTER,-3.6e-05
2026-04-23 02:07:00,DOT,-3.7000000000000005e-05
2026-04-23 02:07:00,POL,1.1999999999999999e-05
2026-04-23 02:07:00,TIA,2e-06
2026-04-23 02:07:00,ZEC,1.1999999999999999e-05
2026-04-23 02:07:00,FARTCOIN,1.1999999999999999e-05
2026-04-23 02:07:00,STRK,5.999999999999999e-06
2026-04-23 02:07:00,ZK,1.1999999999999999e-05
2026-04-23 02:07:00,MNT,1.1999999999999999e-05
2026-04-23 02:07:00,ENA,1.1999999999999999e-05
2026-04-23 02:07:00,ADA,1.1999999999999999e-05
2026-04-23 02:07:00,VIRTUAL,-5.1000000000000006e-05
2026-04-23 02:07:00,LTC,1.1999999999999999e-05
2026-04-23 02:07:00,PUMP,1.1999999999999999e-05
2026-04-23 02:07:00,ICP,9e-06
2026-04-23 02:07:00,PROVE,1.1999999999999999e-05
2026-04-23 02:07:00,BNB,5.999999999999999e-06
2026-04-23 02:07:00,XRP,4e-06
2026-04-23 02:07:00,OP,1.1999999999999999e-05
2026-04-23 02:07:00,PENDLE,1.1999999999999999e-05
2026-04-23 02:07:00,NEAR,1.1999999999999999e-05
2026-04-23 02:07:00,AVAX,1.1999999999999999e-05
2026-04-23 02:07:00,JUP,0.0
2026-04-23 02:07:00,ONDO,5e-06
2026-04-23 02:07:00,AERO,-0.000137
2026-04-23 02:07:00,CHIP,-0.000533
2026-04-23 02:07:00,APEX,1.1999999999999999e-05
2026-04-23 02:07:00,BCH,1.1999999999999999e-05
2026-04-23 02:07:00,DYDX,1.1999999999999999e-05
2026-04-23 02:07:00,FIL,-5.6e-05
2026-04-23 02:07:00,AZTEC,1.1999999999999999e-05
2026-04-23 02:07:00,JTO,-8.9e-05
2026-04-23 02:07:00,BTC,-1.3e-05
2026-04-23 02:07:00,WLFI,1.1999999999999999e-05
2026-04-23 02:07:00,VVV,1.1999999999999999e-05
2026-04-23 02:07:00,IP,-2.1e-05
2026-04-23 02:07:00,SEI,1.1999999999999999e-05
2026-04-23 02:07:00,XPL,1e-05
2026-04-23 02:07:00,LINK,-1.5e-05
2026-04-23 02:07:00,GRASS,1.1999999999999999e-05
2026-04-23 02:07:00,POPCAT,1.1999999999999999e-05
2026-04-23 02:07:00,XLM,1.1999999999999999e-05
2026-04-23 02:07:00,TAO,5e-06
2026-04-23 02:07:00,SPX,1.1999999999999999e-05
2026-04-23 02:07:00,WIF,1.1999999999999999e-05
2026-04-23 02:07:00,TRUMP,-2.5e-05
2026-04-23 02:07:00,HYPE,-4e-06
2026-04-23 02:07:00,UNI,-1.5e-05
2026-04-23 02:07:00,2Z,1.1000000000000001e-05
2026-04-23 02:07:00,TON,-3.2e-05
2026-04-23 02:07:00,ETHFI,1.1999999999999999e-05
2026-04-23 02:07:00,ZORA,1.1999999999999999e-05
2026-04-23 02:07:00,EIGEN,-9e-06
2026-04-23 02:07:00,PYTH,1.1999999999999999e-05
2026-04-23 02:07:00,CRV,1.1999999999999999e-05
2026-04-23 02:07:00,TRX,1.1000000000000001e-05
2026-04-23 02:07:00,XMR,0.000128
2026-04-23 02:07:00,DOGE,1.1999999999999999e-05
2026-04-23 02:07:00,HBAR,1.1999999999999999e-05
2026-04-23 02:07:00,MET,1.1999999999999999e-05
2026-04-23 02:07:00,ETH,1.1999999999999999e-05
2026-04-23 02:07:00,MEGA,1.1999999999999999e-05
2026-04-23 02:07:00,AVNT,1.1999999999999999e-05
2026-04-23 02:07:00,GMX,1.1999999999999999e-05
2026-04-23 02:07:00,APT,8e-06
2026-04-23 02:07:00,FOGO,-0.000135
2026-04-23 02:07:00,BERA,1.1999999999999999e-05
2026-04-23 02:07:00,ZRO,1.1999999999999999e-05
2026-04-23 02:07:00,CC,1.1999999999999999e-05
2026-04-23 02:07:00,STBL,9.8e-05
2026-04-23 02:07:00,AAVE,1.1999999999999999e-05
2026-04-23 03:07:00,ZEC,1.1999999999999999e-05
2026-04-23 03:07:00,AXS,-6.3e-05
2026-04-23 03:07:00,AZTEC,1.1999999999999999e-05
2026-04-23 03:07:00,EIGEN,2.9999999999999997e-06
2026-04-23 03:07:00,APEX,1.1999999999999999e-05
2026-04-23 03:07:00,FARTCOIN,1.1999999999999999e-05
2026-04-23 03:07:00,AVNT,-0.000114
2026-04-23 03:07:00,BNB,0.0
2026-04-23 03:07:00,AERO,-7.3e-05
2026-04-23 03:07:00,VIRTUAL,-5.7999999999999994e-05
2026-04-23 03:07:00,ARB,-1.1999999999999999e-05
2026-04-23 03:07:00,XPL,1.1999999999999999e-05
2026-04-23 03:07:00,DYDX,1.1999999999999999e-05
2026-04-23 03:07:00,POPCAT,1.1999999999999999e-05
2026-04-23 03:07:00,PENDLE,1.1999999999999999e-05
2026-04-23 03:07:00,JTO,-2.5e-05
2026-04-23 03:07:00,AVAX,1.1999999999999999e-05
2026-04-23 03:07:00,CHIP,-0.000626
2026-04-23 03:07:00,ZORA,-7.7e-05
2026-04-23 03:07:00,STBL,5.1000000000000006e-05
2026-04-23 03:07:00,TAO,-1.1999999999999999e-05
2026-04-23 03:07:00,PAXG,1e-05
2026-04-23 03:07:00,TON,7e-06
2026-04-23 03:07:00,STABLE,1.1999999999999999e-05
2026-04-23 03:07:00,HYPE,1e-06
2026-04-23 03:07:00,GRASS,1.1999999999999999e-05
2026-04-23 03:07:00,SUI,4e-06
2026-04-23 03:07:00,PYTH,1.1999999999999999e-05
2026-04-23 03:07:00,NEAR,4e-06
2026-04-23 03:07:00,SYRUP,1.1999999999999999e-05
2026-04-23 03:07:00,UNI,8e-06
2026-04-23 03:07:00,LINEA,-2.8999999999999997e-05
2026-04-23 03:07:00,ZRO,1.1999999999999999e-05
2026-04-23 03:07:00,WLFI,-4.1e-05
2026-04-23 03:07:00,2Z,-3.4e-05
2026-04-23 03:07:00,MNT,1.1999999999999999e-05
2026-04-23 03:07:00,MET,1.1999999999999999e-05
2026-04-23 03:07:00,TRX,2.9999999999999997e-06
2026-04-23 03:07:00,ONDO,-5.999999999999999e-06
2026-04-23 03:07:00,LDO,1.1999999999999999e-05
2026-04-23 03:07:00,FOGO,-2.2000000000000003e-05
2026-04-23 03:07:00,ICP,1.1000000000000001e-05
2026-04-23 03:07:00,LIT,2.5e-05
2026-04-23 03:07:00,ZK,1.1999999999999999e-05
2026-04-23 03:07:00,BCH,1.1999999999999999e-05
2026-04-23 03:07:00,CRV,1.1999999999999999e-05
2026-04-23 03:07:00,FIL,-6.7e-05
2026-04-23 03:07:00,PROVE,9e-06
2026-04-23 03:07:00,MORPHO,-4.3e-05
2026-04-23 03:07:00,SKY,1.1999999999999999e-05
2026-04-23 03:07:00,SPX,1.1999999999999999e-05
2026-04-23 03:07:00,GMX,1.1000000000000001e-05
2026-04-23 03:07:00,CC,1.1999999999999999e-05
2026-04-23 03:07:00,S,0.0
2026-04-23 03:07:00,ETHFI,1.1999999999999999e-05
2026-04-23 03:07:00,BTC,-1.4e-05
2026-04-23 03:07:00,VVV,2e-05
2026-04-23 03:07:00,LINK,-1.3e-05
2026-04-23 03:07:00,DOGE,2e-06
2026-04-23 03:07:00,YZY,-0.000785
2026-04-23 03:07:00,SEI,1.1999999999999999e-05
2026-04-23 03:07:00,POL,1.1999999999999999e-05
2026-04-23 03:07:00,HBAR,1.1999999999999999e-05
2026-04-23 03:07:00,BERA,-2.9999999999999997e-06
2026-04-23 03:07:00,XRP,-1.1999999999999999e-05
2026-04-23 03:07:00,JUP,0.0
2026-04-23 03:07:00,AAVE,1.1999999999999999e-05
2026-04-23 03:07:00,ETH,5.999999999999999e-06
2026-04-23 03:07:00,0G,-6.4e-05
2026-04-23 03:07:00,SOL,-2e-06
2026-04-23 03:07:00,IP,1e-06
2026-04-23 03:07:00,DASH,1.1999999999999999e-05
2026-04-23 03:07:00,DOT,5.999999999999999e-06
2026-04-23 03:07:00,PUMP,1.1999999999999999e-05
2026-04-23 03:07:00,PENGU,1.1999999999999999e-05
2026-04-23 03:07:00,RESOLV,1.1999999999999999e-05
2026-04-23 03:07:00,STRK,-7.000000000000001e-05
2026-04-23 03:07:00,WIF,1.1999999999999999e-05
2026-04-23 03:07:00,APT,-2.5e-05
2026-04-23 03:07:00,ADA,1.1999999999999999e-05
2026-04-23 03:07:00,XMR,4.9e-05
2026-04-23 03:07:00,OP,1.1999999999999999e-05
2026-04-23 03:07:00,WLD,-6.7e-05
2026-04-23 03:07:00,ENA,1.1999999999999999e-05
2026-04-23 03:07:00,ASTER,8e-06
2026-04-23 03:07:00,LTC,1.1999999999999999e-05
2026-04-23 03:07:00,XLM,1.1999999999999999e-05
2026-04-23 03:07:00,TRUMP,-5.4999999999999995e-05
2026-04-23 03:07:00,KAITO,-5e-05
2026-04-23 03:07:00,TIA,-5e-06
2026-04-23 03:07:00,MEGA,1.1999999999999999e-05
2026-04-23 03:07:00,MON,-4.3e-05
2026-04-23 03:07:00,SKR,1.1999999999999999e-05
2026-04-23 04:07:00,POL,1.1999999999999999e-05
2026-04-23 04:07:00,XLM,1.1999999999999999e-05
2026-04-23 04:07:00,ZK,1.1999999999999999e-05
2026-04-23 04:07:00,DYDX,1.1999999999999999e-05
2026-04-23 04:07:00,IP,-3.1e-05
2026-04-23 04:07:00,TON,-7.3e-05
2026-04-23 04:07:00,AXS,-5e-05
2026-04-23 04:07:00,SKR,-3.4e-05
2026-04-23 04:07:00,LINK,-2.3999999999999997e-05
2026-04-23 04:07:00,2Z,-3.6e-05
2026-04-23 04:07:00,ARB,-2.2000000000000003e-05
2026-04-23 04:07:00,PYTH,1.1999999999999999e-05
2026-04-23 04:07:00,AZTEC,1.1999999999999999e-05
2026-04-23 04:07:00,AVNT,-2.3999999999999997e-05
2026-04-23 04:07:00,FARTCOIN,1.1999999999999999e-05
2026-04-23 04:07:00,ETHFI,1.1999999999999999e-05
2026-04-23 04:07:00,LINEA,-7e-06
2026-04-23 04:07:00,PAXG,7e-06
2026-04-23 04:07:00,WIF,-1.4e-05
2026-04-23 04:07:00,EIGEN,1.1000000000000001e-05
2026-04-23 04:07:00,GMX,-1e-06
2026-04-23 04:07:00,BNB,1e-06
2026-04-23 04:07:00,FOGO,-7.7e-05
2026-04-23 04:07:00,BCH,1.1999999999999999e-05
2026-04-23 04:07:00,TIA,-2.5e-05
2026-04-23 04:07:00,APT,-2.5e-05
2026-04-23 04:07:00,ENA,1.1999999999999999e-05
2026-04-23 04:07:00,LTC,1.1000000000000001e-05
2026-04-23 04:07:00,POPCAT,1.1999999999999999e-05
2026-04-23 04:07:00,FIL,-5.7e-05
2026-04-23 04:07:00,BERA,1e-05
2026-04-23 04:07:00,TAO,-3.1e-05
2026-04-23 04:07:00,S,-1.3e-05
2026-04-23 04:07:00,ZRO,1.1999999999999999e-05
2026-04-23 04:07:00,NEAR,1.1999999999999999e-05
2026-04-23 04:07:00,HBAR,1.1999999999999999e-05
2026-04-23 04:07:00,KAITO,9e-06
2026-04-23 04:07:00,ZEC,1.1000000000000001e-05
2026-04-23 04:07:00,MON,-6.7e-05
2026-04-23 04:07:00,AVAX,1.1999999999999999e-05
2026-04-23 04:07:00,BTC,-5e-06
2026-04-23 04:07:00,JTO,-2e-05
2026-04-23 04:07:00,DOT,1e-05
2026-04-23 04:07:00,LIT,1.1999999999999999e-05
2026-04-23 04:07:00,PENGU,1.1999999999999999e-05
2026-04-23 04:07:00,ADA,5e-06
2026-04-23 04:07:00,SEI,1.1999999999999999e-05
2026-04-23 04:07:00,AERO,-8.3e-05
2026-04-23 04:07:00,HYPE,-9e-06
2026-04-23 04:07:00,OP,1.1999999999999999e-05
2026-04-23 04:07:00,TRX,2.9999999999999997e-06
2026-04-23 04:07:00,SPX,1.1999999999999999e-05
2026-04-23 04:07:00,TRUMP,-5.3e-05
2026-04-23 04:07:00,STRK,-6.4e-05
2026-04-23 04:07:00,DOGE,1.1999999999999999e-05
2026-04-23 04:07:00,WLFI,5.999999999999999e-06
2026-04-23 04:07:00,MNT,1.1999999999999999e-05
2026-04-23 04:07:00,YZY,-0.000993
2026-04-23 04:07:00,0G,-1e-05
2026-04-23 04:07:00,PROVE,-1e-06
2026-04-23 04:07:00,UNI,1.1999999999999999e-05
2026-04-23 04:07:00,STABLE,-4.7000000000000004e-05
2026-04-23 04:07:00,PENDLE,1.1999999999999999e-05
2026-04-23 04:07:00,SYRUP,1.1999999999999999e-05
2026-04-23 04:07:00,LDO,1.1999999999999999e-05
2026-04-23 04:07:00,ETH,7e-06
2026-04-23 04:07:00,DASH,1.1999999999999999e-05
2026-04-23 04:07:00,SKY,1.1999999999999999e-05
2026-04-23 04:07:00,STBL,1.7e-05
2026-04-23 04:07:00,VIRTUAL,-5.7999999999999994e-05
2026-04-23 04:07:00,MORPHO,-4e-06
2026-04-23 04:07:00,MET,1.1999999999999999e-05
2026-04-23 04:07:00,MEGA,1.1999999999999999e-05
2026-04-23 04:07:00,ASTER,-2.9999999999999997e-06
2026-04-23 04:07:00,CRV,1.1999999999999999e-05
2026-04-23 04:07:00,CC,1.1999999999999999e-05
2026-04-23 04:07:00,AAVE,1.1999999999999999e-05
2026-04-23 04:07:00,XPL,-3.6e-05
2026-04-23 04:07:00,SOL,1.1000000000000001e-05
2026-04-23 04:07:00,CHIP,-0.0023
2026-04-23 04:07:00,RESOLV,1.1999999999999999e-05
2026-04-23 04:07:00,SUI,1e-06
2026-04-23 04:07:00,WLD,-7.5e-05
2026-04-23 04:07:00,ZORA,9e-06
2026-04-23 04:07:00,GRASS,1.1999999999999999e-05
2026-04-23 04:07:00,APEX,1.1999999999999999e-05
2026-04-23 04:07:00,ONDO,-1.3e-05
2026-04-23 04:07:00,XRP,2e-06
2026-04-23 04:07:00,VVV,7.900000000000001e-05
2026-04-23 04:07:00,JUP,-2.8e-05
2026-04-23 04:07:00,XMR,4.9e-05
2026-04-23 04:07:00,ICP,1e-05
2026-04-23 04:07:00,PUMP,1.1999999999999999e-05
2026-04-23 05:07:00,APEX,1.1999999999999999e-05
2026-04-23 05:07:00,RESOLV,1.1999999999999999e-05
2026-04-23 05:07:00,XMR,0.00010200000000000001
2026-04-23 05:07:00,POL,1.1999999999999999e-05
2026-04-23 05:07:00,ETH,5e-06
2026-04-23 05:07:00,FARTCOIN,1.1999999999999999e-05
2026-04-23 05:07:00,LDO,1.1999999999999999e-05
2026-04-23 05:07:00,DASH,1.1999999999999999e-05
2026-04-23 05:07:00,MET,1.1999999999999999e-05
2026-04-23 05:07:00,NEAR,1.1999999999999999e-05
2026-04-23 05:07:00,TON,-4.9e-05
2026-04-23 05:07:00,PAXG,1.1000000000000001e-05
2026-04-23 05:07:00,EIGEN,1.1999999999999999e-05
2026-04-23 05:07:00,MON,-5.999999999999999e-06
2026-04-23 05:07:00,AVNT,1.1999999999999999e-05
2026-04-23 05:07:00,ICP,-1.5e-05
2026-04-23 05:07:00,LIT,1.4e-05
2026-04-23 05:07:00,XRP,-2e-06
2026-04-23 05:07:00,WIF,-2e-06
2026-04-23 05:07:00,SKR,1e-05
2026-04-23 05:07:00,FOGO,-1.9e-05
2026-04-23 05:07:00,BTC,1e-06
2026-04-23 05:07:00,TRUMP,-3.3e-05
2026-04-23 05:07:00,LTC,5.999999999999999e-06
2026-04-23 05:07:00,CRV,1.1999999999999999e-05
2026-04-23 05:07:00,JUP,8e-06
2026-04-23 05:07:00,VVV,5.3e-05
2026-04-23 05:07:00,MNT,1.1999999999999999e-05
2026-04-23 05:07:00,STABLE,-0.00010200000000000001
2026-04-23 05:07:00,HYPE,-1e-06
2026-04-23 05:07:00,KAITO,1.1999999999999999e-05
2026-04-23 05:07:00,PYTH,1.1999999999999999e-05
2026-04-23 05:07:00,SKY,1.1999999999999999e-05
2026-04-23 05:07:00,ONDO,-8e-06
2026-04-23 05:07:00,PENGU,1.1999999999999999e-05
2026-04-23 05:07:00,POPCAT,1.1999999999999999e-05
2026-04-23 05:07:00,TRX,-1e-05
2026-04-23 05:07:00,VIRTUAL,-6e-05
2026-04-23 05:07:00,MORPHO,-2.5e-05
2026-04-23 05:07:00,ARB,-1.8e-05
2026-04-23 05:07:00,2Z,-4.7000000000000004e-05
2026-04-23 05:07:00,SPX,1.1999999999999999e-05
2026-04-23 05:07:00,BCH,1.1999999999999999e-05
2026-04-23 05:07:00,SYRUP,1.1999999999999999e-05
2026-04-23 05:07:00,SEI,1.1999999999999999e-05
2026-04-23 05:07:00,UNI,1.1999999999999999e-05
2026-04-23 05:07:00,DOGE,1.1999999999999999e-05
2026-04-23 05:07:00,ZRO,1.1999999999999999e-05
2026-04-23 05:07:00,XLM,1.1999999999999999e-05
2026-04-23 05:07:00,ZK,1.1999999999999999e-05
2026-04-23 05:07:00,SOL,1.1999999999999999e-05
2026-04-23 05:07:00,PROVE,1.1999999999999999e-05
2026-04-23 05:07:00,HBAR,1.1999999999999999e-05
2026-04-23 05:07:00,TIA,-1.9e-05
2026-04-23 05:07:00,AXS,-2.3e-05
2026-04-23 05:07:00,AERO,-5.1000000000000006e-05
2026-04-23 05:07:00,WLD,-6.6e-05
2026-04-23 05:07:00,WLFI,1.1999999999999999e-05
2026-04-23 05:07:00,ENA,1.1999999999999999e-05
2026-04-23 05:07:00,XPL,-1e-06
2026-04-23 05:07:00,GMX,1.1999999999999999e-05
2026-04-23 05:07:00,JTO,-4.1e-05
2026-04-23 05:07:00,APT,1.1000000000000001e-05
2026-04-23 05:07:00,STRK,-8.4e-05
2026-04-23 05:07:00,BERA,1.1999999999999999e-05
2026-04-23 05:07:00,STBL,1.8e-05
2026-04-23 05:07:00,AAVE,1.1999999999999999e-05
2026-04-23 05:07:00,TAO,-3.9e-05
2026-04-23 05:07:00,PUMP,1.1999999999999999e-05
2026-04-23 05:07:00,PENDLE,1.1999999999999999e-05
2026-04-23 05:07:00,ASTER,1.1000000000000001e-05
2026-04-23 05:07:00,FIL,-5.3e-05
2026-04-23 05:07:00,ZEC,1.1999999999999999e-05
2026-04-23 05:07:00,AVAX,1e-05
2026-04-23 05:07:00,0G,-7.7e-05
2026-04-23 05:07:00,ZORA,1.1999999999999999e-05
2026-04-23 05:07:00,DOT,1e-05
2026-04-23 05:07:00,MEGA,1.1999999999999999e-05
2026-04-23 05:07:00,AZTEC,1.1999999999999999e-05
2026-04-23 05:07:00,BNB,-2.9999999999999997e-06
2026-04-23 05:07:00,ADA,5e-06
2026-04-23 05:07:00,CC,1.1999999999999999e-05
2026-04-23 05:07:00,ETHFI,1.1999999999999999e-05
2026-04-23 05:07:00,SUI,1.1999999999999999e-05
2026-04-23 05:07:00,CHIP,-0.0006410000000000001
2026-04-23 05:07:00,DYDX,1.1000000000000001e-05
2026-04-23 05:07:00,S,9e-06
2026-04-23 05:07:00,LINK,-1.8e-05
2026-04-23 05:07:00,IP,9e-06
2026-04-23 05:07:00,LINEA,-1.1999999999999999e-05
2026-04-23 05:07:00,OP,1.1999999999999999e-05
2026-04-23 05:07:00,YZY,-0.00043
2026-04-23 05:07:00,GRASS,1.1999999999999999e-05
2026-04-23 06:07:00,BNB,5e-06
2026-04-23 06:07:00,EIGEN,1.1999999999999999e-05
2026-04-23 06:07:00,AERO,-3.5000000000000004e-05
2026-04-23 06:07:00,AVAX,1.1999999999999999e-05
2026-04-23 06:07:00,AZTEC,1.1999999999999999e-05
2026-04-23 06:07:00,POL,1.1999999999999999e-05
2026-04-23 06:07:00,MNT,1.1999999999999999e-05
2026-04-23 06:07:00,TRX,-7e-06
2026-04-23 06:07:00,TRUMP,-1.5e-05
2026-04-23 06:07:00,MET,1.1999999999999999e-05
2026-04-23 06:07:00,WLFI,1.1999999999999999e-05
2026-04-23 06:07:00,AAVE,1.1999999999999999e-05
2026-04-23 06:07:00,XLM,1.1999999999999999e-05
2026-04-23 06:07:00,WLD,-3.7000000000000005e-05
2026-04-23 06:07:00,CRV,1.1000000000000001e-05
2026-04-23 06:07:00,ICP,1e-06
2026-04-23 06:07:00,ONDO,-5e-06
2026-04-23 06:07:00,DOGE,1.1999999999999999e-05
2026-04-23 06:07:00,ASTER,-1e-06
2026-04-23 06:07:00,IP,5.999999999999999e-06
2026-04-23 06:07:00,LIT,6.2e-05
2026-04-23 06:07:00,APEX,1.1999999999999999e-05
2026-04-23 06:07:00,STABLE,2.9999999999999997e-06
2026-04-23 06:07:00,SUI,1.1999999999999999e-05
2026-04-23 06:07:00,ZK,1.1999999999999999e-05
2026-04-23 06:07:00,SOL,1.1999999999999999e-05
2026-04-23 06:07:00,LINK,1e-06
2026-04-23 06:07:00,ARB,1e-05
2026-04-23 06:07:00,VVV,6.2e-05
2026-04-23 06:07:00,S,-3.5000000000000004e-05
2026-04-23 06:07:00,STBL,1.1999999999999999e-05
2026-04-23 06:07:00,ZEC,1.1999999999999999e-05
2026-04-23 06:07:00,PENDLE,1.1999999999999999e-05
2026-04-23 06:07:00,XRP,7e-06
2026-04-23 06:07:00,YZY,-0.00021
2026-04-23 06:07:00,TAO,-2.7000000000000002e-05
2026-04-23 06:07:00,BCH,1.1999999999999999e-05
2026-04-23 06:07:00,WIF,-4.4999999999999996e-05
2026-04-23 06:07:00,HBAR,1.1999999999999999e-05
2026-04-23 06:07:00,2Z,-3e-05
2026-04-23 06:07:00,CHIP,-0.000567
2026-04-23 06:07:00,BTC,1.1000000000000001e-05
2026-04-23 06:07:00,MORPHO,-2.8999999999999997e-05
2026-04-23 06:07:00,LINEA,1.1000000000000001e-05
2026-04-23 06:07:00,POPCAT,1.1999999999999999e-05
2026-04-23 06:07:00,XMR,3.6e-05
2026-04-23 06:07:00,AXS,1e-05
2026-04-23 06:07:00,VIRTUAL,-5.1000000000000006e-05
2026-04-23 06:07:00,ETH,9e-06
2026-04-23 06:07:00,ZRO,1.1999999999999999e-05
2026-04-23 06:07:00,STRK,-3.4e-05
2026-04-23 06:07:00,KAITO,2.9999999999999997e-06
2026-04-23 06:07:00,OP,1.1999999999999999e-05
2026-04-23 06:07:00,PENGU,1.1999999999999999e-05
2026-04-23 06:07:00,SEI,1.1999999999999999e-05
2026-04-23 06:07:00,UNI,1.1999999999999999e-05
2026-04-23 06:07:00,SYRUP,1.1999999999999999e-05
2026-04-23 06:07:00,ZORA,1.1999999999999999e-05
2026-04-23 06:07:00,MON,4e-06
2026-04-23 06:07:00,PROVE,1.1999999999999999e-05
2026-04-23 06:07:00,SKY,1.1999999999999999e-05
2026-04-23 06:07:00,TIA,-1.1000000000000001e-05
2026-04-23 06:07:00,GMX,1.1999999999999999e-05
2026-04-23 06:07:00,ETHFI,5e-06
2026-04-23 06:07:00,PAXG,1.1000000000000001e-05
2026-04-23 06:07:00,NEAR,1.1999999999999999e-05
2026-04-23 06:07:00,DOT,-1.1999999999999999e-05
2026-04-23 06:07:00,HYPE,1e-06
2026-04-23 06:07:00,ENA,1.1999999999999999e-05
2026-04-23 06:07:00,JUP,1e-05
2026-04-23 06:07:00,SKR,-1.1000000000000001e-05
2026-04-23 06:07:00,LDO,1.1999999999999999e-05
2026-04-23 06:07:00,BERA,1.1999999999999999e-05
2026-04-23 06:07:00,SPX,1.1999999999999999e-05
2026-04-23 06:07:00,FOGO,-7e-06
2026-04-23 06:07:00,GRASS,1.1999999999999999e-05
2026-04-23 06:07:00,XPL,-3.8e-05
2026-04-23 06:07:00,APT,1.1999999999999999e-05
2026-04-23 06:07:00,PUMP,1.1999999999999999e-05
2026-04-23 06:07:00,LTC,1.1999999999999999e-05
2026-04-23 06:07:00,FARTCOIN,1.1999999999999999e-05
2026-04-23 06:07:00,AVNT,1.1999999999999999e-05
2026-04-23 06:07:00,FIL,-2.8e-05
2026-04-23 06:07:00,0G,-9.599999999999999e-05
2026-04-23 06:07:00,DASH,1.1999999999999999e-05
2026-04-23 06:07:00,PYTH,1.1999999999999999e-05
2026-04-23 06:07:00,MEGA,6.1000000000000005e-05
2026-04-23 06:07:00,ADA,1.1000000000000001e-05
2026-04-23 06:07:00,RESOLV,1.1999999999999999e-05
2026-04-23 06:07:00,DYDX,1.1999999999999999e-05
2026-04-23 06:07:00,TON,-5e-06
2026-04-23 06:07:00,JTO,-1.3e-05
2026-04-23 06:07:00,CC,1.1999999999999999e-05
2026-04-23 07:07:01,ICP,-1.7e-05
2026-04-23 07:07:01,SYRUP,1.1999999999999999e-05
2026-04-23 07:07:01,ETH,1e-06
2026-04-23 07:07:01,LINEA,-2.8999999999999997e-05
2026-04-23 07:07:01,FIL,-3.1e-05
2026-04-23 07:07:01,2Z,-8.4e-05
2026-04-23 07:07:01,SKY,1.1999999999999999e-05
2026-04-23 07:07:01,LINK,1e-05
2026-04-23 07:07:01,TRX,-1.8e-05
2026-04-23 07:07:01,SEI,1.1999999999999999e-05
2026-04-23 07:07:01,AAVE,1.1999999999999999e-05
2026-04-23 07:07:01,POL,1.1999999999999999e-05
2026-04-23 07:07:01,PAXG,0.0
2026-04-23 07:07:01,0G,-8.800000000000001e-05
2026-04-23 07:07:01,ZORA,1.1999999999999999e-05
2026-04-23 07:07:01,POPCAT,1.1999999999999999e-05
2026-04-23 07:07:01,STBL,0.000124
2026-04-23 07:07:01,MET,1.1999999999999999e-05
2026-04-23 07:07:01,JUP,-2.6e-05
2026-04-23 07:07:01,CHIP,-0.000794
2026-04-23 07:07:01,STRK,-9.3e-05
2026-04-23 07:07:01,MEGA,1.1999999999999999e-05
2026-04-23 07:07:01,APEX,1.1999999999999999e-05
2026-04-23 07:07:01,BNB,-5e-06
2026-04-23 07:07:01,NEAR,5e-06
2026-04-23 07:07:01,BTC,1e-06
2026-04-23 07:07:01,ARB,1.1999999999999999e-05
2026-04-23 07:07:01,LIT,3.2e-05
2026-04-23 07:07:01,TON,-3.7000000000000005e-05
2026-04-23 07:07:01,PENDLE,1.1999999999999999e-05
2026-04-23 07:07:01,ASTER,-1.6e-05
2026-04-23 07:07:01,JTO,-1.3e-05
2026-04-23 07:07:01,WLFI,1.1999999999999999e-05
2026-04-23 07:07:01,GMX,5e-06
2026-04-23 07:07:01,MORPHO,-6.1000000000000005e-05
2026-04-23 07:07:01,UNI,1.1999999999999999e-05
2026-04-23 07:07:01,TRUMP,-5e-06
2026-04-23 07:07:01,TAO,-4.3e-05
2026-04-23 07:07:01,VVV,1.8e-05
2026-04-23 07:07:01,DOT,-1.3e-05
2026-04-23 07:07:01,XLM,1.1999999999999999e-05
2026-04-23 07:07:01,ADA,1.1000000000000001e-05
2026-04-23 07:07:01,S,-1.6e-05
2026-04-23 07:07:01,GRASS,1.1999999999999999e-05
2026-04-23 07:07:01,XRP,1e-05
2026-04-23 07:07:01,DOGE,1.1999999999999999e-05
2026-04-23 07:07:01,WIF,-1.7e-05
2026-04-23 07:07:01,ONDO,-2e-05
2026-04-23 07:07:01,RESOLV,1.1999999999999999e-05
2026-04-23 07:07:01,TIA,-5.1000000000000006e-05
2026-04-23 07:07:01,AZTEC,1.1999999999999999e-05
2026-04-23 07:07:01,SPX,1.1999999999999999e-05
2026-04-23 07:07:01,ENA,9e-06
2026-04-23 07:07:01,AVAX,1.1999999999999999e-05
2026-04-23 07:07:01,APT,0.0
2026-04-23 07:07:01,STABLE,-0.000291
2026-04-23 07:07:01,HYPE,1e-05
2026-04-23 07:07:01,XPL,1.1000000000000001e-05
2026-04-23 07:07:01,ZK,1.1999999999999999e-05
2026-04-23 07:07:01,XMR,2.2000000000000003e-05
2026-04-23 07:07:01,AERO,-8.6e-05
2026-04-23 07:07:01,SKR,-0.000104
2026-04-23 07:07:01,BERA,-9e-06
2026-04-23 07:07:01,PUMP,1.1999999999999999e-05
2026-04-23 07:07:01,PENGU,-2.5e-05
2026-04-23 07:07:01,MNT,1.1999999999999999e-05
2026-04-23 07:07:01,HBAR,1.1999999999999999e-05
2026-04-23 07:07:01,PYTH,1.1999999999999999e-05
2026-04-23 07:07:01,ZEC,1.1999999999999999e-05
2026-04-23 07:07:01,IP,5.999999999999999e-06
2026-04-23 07:07:01,DYDX,-4.9e-05
2026-04-23 07:07:01,ZRO,1.1999999999999999e-05
2026-04-23 07:07:01,WLD,-4.7999999999999994e-05
2026-04-23 07:07:01,LDO,1.1999999999999999e-05
2026-04-23 07:07:01,SUI,1.1999999999999999e-05
2026-04-23 07:07:01,ETHFI,1.1999999999999999e-05
2026-04-23 07:07:01,CRV,-8e-06
2026-04-23 07:07:01,CC,1.1999999999999999e-05
2026-04-23 07:07:01,KAITO,5.999999999999999e-06
2026-04-23 07:07:01,FARTCOIN,1.1999999999999999e-05
2026-04-23 07:07:01,AVNT,-6e-05
2026-04-23 07:07:01,MON,1e-05
2026-04-23 07:07:01,BCH,1.1999999999999999e-05
2026-04-23 07:07:01,YZY,-5e-06
2026-04-23 07:07:01,VIRTUAL,-8.9e-05
2026-04-23 07:07:01,OP,1.1999999999999999e-05
2026-04-23 07:07:01,PROVE,-2.8e-05
2026-04-23 07:07:01,EIGEN,-5.999999999999999e-06
2026-04-23 07:07:01,SOL,1.1999999999999999e-05
2026-04-23 07:07:01,DASH,1.1999999999999999e-05
2026-04-23 07:07:01,AXS,-1e-05
2026-04-23 07:07:01,FOGO,-7e-06
2026-04-23 07:07:01,LTC,1.1999999999999999e-05
2026-04-23 08:07:00,XLM,1.1999999999999999e-05
2026-04-23 08:07:00,ARB,1.1999999999999999e-05
2026-04-23 08:07:00,LINK,0.0
2026-04-23 08:07:00,POPCAT,1.1999999999999999e-05
2026-04-23 08:07:00,S,-3e-05
2026-04-23 08:07:00,SEI,1.1999999999999999e-05
2026-04-23 08:07:00,ETHFI,0.0
2026-04-23 08:07:00,APT,1.1000000000000001e-05
2026-04-23 08:07:00,BTC,-1e-06
2026-04-23 08:07:00,XMR,5.1000000000000006e-05
2026-04-23 08:07:00,WIF,5e-06
2026-04-23 08:07:00,MNT,1.1999999999999999e-05
2026-04-23 08:07:00,DASH,1.1999999999999999e-05
2026-04-23 08:07:00,LDO,1.1999999999999999e-05
2026-04-23 08:07:00,BERA,-4.2e-05
2026-04-23 08:07:00,MET,1.1999999999999999e-05
2026-04-23 08:07:00,DOGE,1.1999999999999999e-05
2026-04-23 08:07:00,AVAX,1.1999999999999999e-05
2026-04-23 08:07:00,CC,1.1999999999999999e-05
2026-04-23 08:07:00,ADA,1.1000000000000001e-05
2026-04-23 08:07:00,GMX,1.1999999999999999e-05
2026-04-23 08:07:00,AAVE,1.1999999999999999e-05
2026-04-23 08:07:00,SKR,-0.00014099999999999998
2026-04-23 08:07:00,SYRUP,1.1999999999999999e-05
2026-04-23 08:07:00,ZORA,1.1999999999999999e-05
2026-04-23 08:07:00,TRX,-1e-05
2026-04-23 08:07:00,CHIP,-0.00043400000000000003
2026-04-23 08:07:00,TON,-2e-06
2026-04-23 08:07:00,APEX,1.1999999999999999e-05
2026-04-23 08:07:00,SUI,1.1999999999999999e-05
2026-04-23 08:07:00,XRP,8e-06
2026-04-23 08:07:00,DOT,1.1999999999999999e-05
2026-04-23 08:07:00,POL,1.1999999999999999e-05
2026-04-23 08:07:00,AERO,-6.9e-05
2026-04-23 08:07:00,FARTCOIN,1.1999999999999999e-05
2026-04-23 08:07:00,JUP,-5.999999999999999e-06
2026-04-23 08:07:00,GRASS,1.1999999999999999e-05
2026-04-23 08:07:00,ONDO,-3.2e-05
2026-04-23 08:07:00,IP,-3e-05
2026-04-23 08:07:00,CRV,1.1999999999999999e-05
2026-04-23 08:07:00,PENGU,8e-06
2026-04-23 08:07:00,LTC,1.1999999999999999e-05
2026-04-23 08:07:00,BNB,-1.6e-05
2026-04-23 08:07:00,ICP,-2.7000000000000002e-05
2026-04-23 08:07:00,ZRO,1.1999999999999999e-05
2026-04-23 08:07:00,DYDX,-1.4e-05
2026-04-23 08:07:00,TAO,-4.2e-05
2026-04-23 08:07:00,PYTH,1.1999999999999999e-05
2026-04-23 08:07:00,WLD,-2.8e-05
2026-04-23 08:07:00,PUMP,1.1999999999999999e-05
2026-04-23 08:07:00,VIRTUAL,-6.3e-05
2026-04-23 08:07:00,SOL,7e-06
2026-04-23 08:07:00,OP,1.1000000000000001e-05
2026-04-23 08:07:00,PROVE,-2.7000000000000002e-05
2026-04-23 08:07:00,STBL,1.9e-05
2026-04-23 08:07:00,NEAR,1.1999999999999999e-05
2026-04-23 08:07:00,JTO,-3.7000000000000005e-05
2026-04-23 08:07:00,SKY,1.1999999999999999e-05
2026-04-23 08:07:00,ZEC,1.1999999999999999e-05
2026-04-23 08:07:00,KAITO,7e-06
2026-04-23 08:07:00,RESOLV,1.1999999999999999e-05
2026-04-23 08:07:00,STABLE,-0.000126
2026-04-23 08:07:00,FIL,-4e-06
2026-04-23 08:07:00,MORPHO,-1.4e-05
2026-04-23 08:07:00,TIA,-3.9e-05
2026-04-23 08:07:00,HBAR,1.1999999999999999e-05
2026-04-23 08:07:00,WLFI,-5.999999999999999e-06
2026-04-23 08:07:00,ENA,1.1999999999999999e-05
2026-04-23 08:07:00,XPL,1.1999999999999999e-05
2026-04-23 08:07:00,PAXG,5.999999999999999e-06
2026-04-23 08:07:00,0G,-6.3e-05
2026-04-23 08:07:00,YZY,-9.499999999999999e-05
2026-04-23 08:07:00,AXS,-1.8e-05
2026-04-23 08:07:00,PENDLE,1.1999999999999999e-05
2026-04-23 08:07:00,ZK,1.1999999999999999e-05
2026-04-23 08:07:00,BCH,1.1999999999999999e-05
2026-04-23 08:07:00,UNI,1.1999999999999999e-05
2026-04-23 08:07:00,MEGA,1.1999999999999999e-05
2026-04-23 08:07:00,FOGO,-6.9e-05
2026-04-23 08:07:00,ASTER,1.1000000000000001e-05
2026-04-23 08:07:00,SPX,1.1999999999999999e-05
2026-04-23 08:07:00,TRUMP,-2.6e-05
2026-04-23 08:07:00,VVV,1.3e-05
2026-04-23 08:07:00,MON,-2e-06
2026-04-23 08:07:00,LIT,1.1999999999999999e-05
2026-04-23 08:07:00,EIGEN,-6.2e-05
2026-04-23 08:07:00,HYPE,8e-06
2026-04-23 08:07:00,LINEA,5.999999999999999e-06
2026-04-23 08:07:00,ETH,0.0
2026-04-23 08:07:00,STRK,7e-06
2026-04-23 08:07:00,AZTEC,1.1999999999999999e-05
2026-04-23 08:07:00,2Z,1e-06
2026-04-23 08:07:00,AVNT,-2.3e-05
2026-04-23 09:07:00,LTC,1.1000000000000001e-05
2026-04-23 09:07:00,AAVE,1.1999999999999999e-05
2026-04-23 09:07:00,AZTEC,1.1999999999999999e-05
2026-04-23 09:07:00,BERA,-4.4000000000000006e-05
2026-04-23 09:07:00,UNI,1.1999999999999999e-05
2026-04-23 09:07:00,XPL,0.0
2026-04-23 09:07:00,PUMP,-1.3e-05
2026-04-23 09:07:00,WIF,-4.9e-05
2026-04-23 09:07:00,RESOLV,-3.6e-05
2026-04-23 09:07:00,MNT,1.1999999999999999e-05
2026-04-23 09:07:00,GMX,1.1999999999999999e-05
2026-04-23 09:07:00,LDO,1.1999999999999999e-05
2026-04-23 09:07:00,LINEA,-2e-05
2026-04-23 09:07:00,FOGO,-2e-05
2026-04-23 09:07:00,KAITO,1.1999999999999999e-05
2026-04-23 09:07:00,OP,-1e-06
2026-04-23 09:07:00,ZK,-1.4e-05
2026-04-23 09:07:00,POPCAT,1.1999999999999999e-05
2026-04-23 09:07:00,XLM,1.1999999999999999e-05
2026-04-23 09:07:00,SPX,1.1999999999999999e-05
2026-04-23 09:07:00,AERO,-2e-05
2026-04-23 09:07:00,YZY,-0.000157
2026-04-23 09:07:00,ZRO,1.1999999999999999e-05
2026-04-23 09:07:00,STABLE,2e-06
2026-04-23 09:07:00,ADA,-1e-06
2026-04-23 09:07:00,GRASS,1.1999999999999999e-05
2026-04-23 09:07:00,TIA,-2.6e-05
2026-04-23 09:07:00,VVV,7.8e-05
2026-04-23 09:07:00,SOL,1.1999999999999999e-05
2026-04-23 09:07:00,SYRUP,1.1999999999999999e-05
2026-04-23 09:07:00,BTC,5.999999999999999e-06
2026-04-23 09:07:00,S,2e-06
2026-04-23 09:07:00,VIRTUAL,-5.6e-05
2026-04-23 09:07:00,MEGA,1.1999999999999999e-05
2026-04-23 09:07:00,ZEC,1.1999999999999999e-05
2026-04-23 09:07:00,HYPE,1.1999999999999999e-05
2026-04-23 09:07:00,MORPHO,-8.2e-05
2026-04-23 09:07:00,CHIP,-0.000306
2026-04-23 09:07:00,LIT,1.4e-05
2026-04-23 09:07:00,DOGE,5e-06
2026-04-23 09:07:00,TAO,-6.4e-05
2026-04-23 09:07:00,TRX,0.0
2026-04-23 09:07:00,XRP,1.1999999999999999e-05
2026-04-23 09:07:00,FARTCOIN,1.1999999999999999e-05
2026-04-23 09:07:00,PENGU,-2.9999999999999997e-06
2026-04-23 09:07:00,HBAR,1.1999999999999999e-05
2026-04-23 09:07:00,MON,-5.7e-05
2026-04-23 09:07:00,PROVE,8e-06
2026-04-23 09:07:00,WLFI,-2.1e-05
2026-04-23 09:07:00,CC,1.1999999999999999e-05
2026-04-23 09:07:00,WLD,-3.1e-05
2026-04-23 09:07:00,LINK,-1.4e-05
2026-04-23 09:07:00,DASH,1.1999999999999999e-05
2026-04-23 09:07:00,STBL,1.1999999999999999e-05
2026-04-23 09:07:00,JTO,-7e-06
2026-04-23 09:07:00,DYDX,5e-06
2026-04-23 09:07:00,STRK,-3.9e-05
2026-04-23 09:07:00,MET,1.1999999999999999e-05
2026-04-23 09:07:00,PENDLE,1.1999999999999999e-05
2026-04-23 09:07:00,SKR,-5.7e-05
2026-04-23 09:07:00,ETH,-1e-06
2026-04-23 09:07:00,PYTH,1.1999999999999999e-05
2026-04-23 09:07:00,ENA,1.1999999999999999e-05
2026-04-23 09:07:00,ASTER,1.1999999999999999e-05
2026-04-23 09:07:00,IP,-1.8e-05
2026-04-23 09:07:00,ARB,1.1999999999999999e-05
2026-04-23 09:07:00,SUI,1.1999999999999999e-05
2026-04-23 09:07:00,0G,-2.2000000000000003e-05
2026-04-23 09:07:00,AVNT,-1.5e-05
2026-04-23 09:07:00,BNB,-1.5e-05
2026-04-23 09:07:00,APT,5.999999999999999e-06
2026-04-23 09:07:00,XMR,1.4e-05
2026-04-23 09:07:00,ZORA,0.0
2026-04-23 09:07:00,AXS,-5.2e-05
2026-04-23 09:07:00,CRV,8e-06
2026-04-23 09:07:00,FIL,-4.2e-05
2026-04-23 09:07:00,SKY,1.1999999999999999e-05
2026-04-23 09:07:00,ICP,-3.5000000000000004e-05
2026-04-23 09:07:00,PAXG,-2.7000000000000002e-05
2026-04-23 09:07:00,2Z,-3.3e-05
2026-04-23 09:07:00,APEX,1.1999999999999999e-05
2026-04-23 09:07:00,TON,-3.3e-05
2026-04-23 09:07:00,NEAR,5e-06
2026-04-23 09:07:00,DOT,1e-06
2026-04-23 09:07:00,AVAX,1.1999999999999999e-05
2026-04-23 09:07:00,JUP,-3.4e-05
2026-04-23 09:07:00,BCH,1.1999999999999999e-05
2026-04-23 09:07:00,EIGEN,-3.6e-05
2026-04-23 09:07:00,ETHFI,1e-05
2026-04-23 09:07:00,TRUMP,-4.9e-05
2026-04-23 09:07:00,SEI,1.1999999999999999e-05
2026-04-23 09:07:00,POL,1.1999999999999999e-05
2026-04-23 09:07:00,ONDO,-2.2000000000000003e-05
2026-04-23 10:07:00,WIF,5.999999999999999e-06
2026-04-23 10:07:00,XRP,-4e-06
2026-04-23 10:07:00,PROVE,8e-06
2026-04-23 10:07:00,BNB,2e-06
2026-04-23 10:07:00,CHIP,-0.001161
2026-04-23 10:07:00,TRX,0.0
2026-04-23 10:07:00,CRV,1.1999999999999999e-05
2026-04-23 10:07:00,DYDX,-2.9999999999999997e-06
2026-04-23 10:07:00,MNT,1.1999999999999999e-05
2026-04-23 10:07:00,IP,-7e-06
2026-04-23 10:07:00,XPL,1.1999999999999999e-05
2026-04-23 10:07:00,CC,1.1999999999999999e-05
2026-04-23 10:07:00,LINK,0.0
2026-04-23 10:07:00,RESOLV,-3.1e-05
2026-04-23 10:07:00,MORPHO,-1.5e-05
2026-04-23 10:07:00,AXS,-1.5e-05
2026-04-23 10:07:00,AVAX,1.1999999999999999e-05
2026-04-23 10:07:00,FARTCOIN,1.1999999999999999e-05
2026-04-23 10:07:00,WLD,-1.8e-05
2026-04-23 10:07:00,SUI,1.1999999999999999e-05
2026-04-23 10:07:00,ICP,-1.1999999999999999e-05
2026-04-23 10:07:00,ZRO,1.1999999999999999e-05
2026-04-23 10:07:00,ETH,2.9999999999999997e-06
2026-04-23 10:07:00,S,-2e-06
2026-04-23 10:07:00,EIGEN,-2.9999999999999997e-06
2026-04-23 10:07:00,ARB,1.1999999999999999e-05
2026-04-23 10:07:00,DASH,1.1999999999999999e-05
2026-04-23 10:07:00,PAXG,0.0
2026-04-23 10:07:00,SOL,1.1999999999999999e-05
2026-04-23 10:07:00,0G,-4.1e-05
2026-04-23 10:07:00,DOT,8e-06
2026-04-23 10:07:00,LDO,1.1999999999999999e-05
2026-04-23 10:07:00,TAO,-4.4999999999999996e-05
2026-04-23 10:07:00,AVNT,-2.9999999999999997e-06
2026-04-23 10:07:00,2Z,1.1999999999999999e-05
2026-04-23 10:07:00,PUMP,1.1999999999999999e-05
2026-04-23 10:07:00,MON,-7.2e-05
2026-04-23 10:07:00,HYPE,1.1999999999999999e-05
2026-04-23 10:07:00,LTC,1.1999999999999999e-05
2026-04-23 10:07:00,ONDO,1.1000000000000001e-05
2026-04-23 10:07:00,DOGE,1.1999999999999999e-05
2026-04-23 10:07:00,WLFI,-1.9e-05
2026-04-23 10:07:00,JUP,-8e-06
2026-04-23 10:07:00,ZORA,1.1999999999999999e-05
2026-04-23 10:07:00,SYRUP,1.1999999999999999e-05
2026-04-23 10:07:00,FOGO,-1.5e-05
2026-04-23 10:07:00,MET,1.1999999999999999e-05
2026-04-23 10:07:00,APEX,1.1999999999999999e-05
2026-04-23 10:07:00,ADA,1.1000000000000001e-05
2026-04-23 10:07:00,BCH,1.1999999999999999e-05
2026-04-23 10:07:00,JTO,-1.8e-05
2026-04-23 10:07:00,ZEC,1.1999999999999999e-05
2026-04-23 10:07:00,XLM,1.1999999999999999e-05
2026-04-23 10:07:00,NEAR,1.1999999999999999e-05
2026-04-23 10:07:00,OP,1.1999999999999999e-05
2026-04-23 10:07:00,KAITO,1.1999999999999999e-05
2026-04-23 10:07:00,HBAR,1.1999999999999999e-05
2026-04-23 10:07:00,AERO,-1.3e-05
2026-04-23 10:07:00,AAVE,1.1999999999999999e-05
2026-04-23 10:07:00,GMX,1.1999999999999999e-05
2026-04-23 10:07:00,XMR,3.5000000000000004e-05
2026-04-23 10:07:00,FIL,-2e-06
2026-04-23 10:07:00,UNI,1.1999999999999999e-05
2026-04-23 10:07:00,ZK,1.1999999999999999e-05
2026-04-23 10:07:00,BTC,1.1999999999999999e-05
2026-04-23 10:07:00,LINEA,1.1999999999999999e-05
2026-04-23 10:07:00,ETHFI,1.1999999999999999e-05
2026-04-23 10:07:00,STRK,1.1000000000000001e-05
2026-04-23 10:07:00,SKR,2.9999999999999997e-06
2026-04-23 10:07:00,APT,1.1000000000000001e-05
2026-04-23 10:07:00,SKY,1.1999999999999999e-05
2026-04-23 10:07:00,PYTH,1.1999999999999999e-05
2026-04-23 10:07:00,SPX,1.1999999999999999e-05
2026-04-23 10:07:00,SEI,1.1999999999999999e-05
2026-04-23 10:07:00,VIRTUAL,-4.6e-05
2026-04-23 10:07:00,YZY,-0.000117
2026-04-23 10:07:00,STABLE,-0.0002
2026-04-23 10:07:00,POPCAT,1.1999999999999999e-05
2026-04-23 10:07:00,STBL,0.000118
2026-04-23 10:07:00,VVV,7.400000000000001e-05
2026-04-23 10:07:00,PENDLE,1.1999999999999999e-05
2026-04-23 10:07:00,POL,1.1999999999999999e-05
2026-04-23 10:07:00,PENGU,1.1999999999999999e-05
2026-04-23 10:07:00,ASTER,1.1999999999999999e-05
2026-04-23 10:07:00,LIT,1.1999999999999999e-05
2026-04-23 10:07:00,TON,9e-06
2026-04-23 10:07:00,AZTEC,1.1999999999999999e-05
2026-04-23 10:07:00,BERA,1.1999999999999999e-05
2026-04-23 10:07:00,ENA,1.1999999999999999e-05
2026-04-23 10:07:00,TIA,-7e-06
2026-04-23 10:07:00,MEGA,1.1999999999999999e-05
2026-04-23 10:07:00,TRUMP,-1.1999999999999999e-05
2026-04-23 10:07:00,GRASS,1.1999999999999999e-05
2026-04-23 11:07:01,SKY,1.1999999999999999e-05
2026-04-23 11:07:01,MNT,1.1999999999999999e-05
2026-04-23 11:07:01,MET,1.1999999999999999e-05
2026-04-23 11:07:01,NEAR,1.1999999999999999e-05
2026-04-23 11:07:01,PENDLE,1.1999999999999999e-05
2026-04-23 11:07:01,HYPE,1.1999999999999999e-05
2026-04-23 11:07:01,MON,-5.6e-05
2026-04-23 11:07:01,TIA,-2.8999999999999997e-05
2026-04-23 11:07:01,HBAR,1.1999999999999999e-05
2026-04-23 11:07:01,TON,-3.1e-05
2026-04-23 11:07:01,FARTCOIN,1.1999999999999999e-05
2026-04-23 11:07:01,XRP,-2.5e-05
2026-04-23 11:07:01,XMR,5.4000000000000005e-05
2026-04-23 11:07:01,EIGEN,-4e-05
2026-04-23 11:07:01,XPL,-2.8999999999999997e-05
2026-04-23 11:07:01,AERO,-1.4e-05
2026-04-23 11:07:01,LIT,4.4999999999999996e-05
2026-04-23 11:07:01,CC,1.1999999999999999e-05
2026-04-23 11:07:01,STRK,1.1999999999999999e-05
2026-04-23 11:07:01,ENA,1.1999999999999999e-05
2026-04-23 11:07:01,0G,-7.400000000000001e-05
2026-04-23 11:07:01,ETHFI,1.1999999999999999e-05
2026-04-23 11:07:01,GMX,1e-05
2026-04-23 11:07:01,BERA,1.1999999999999999e-05
2026-04-23 11:07:01,ZORA,1.1999999999999999e-05
2026-04-23 11:07:01,S,-8e-06
2026-04-23 11:07:01,ICP,1e-06
2026-04-23 11:07:01,XLM,1.1999999999999999e-05
2026-04-23 11:07:01,MEGA,1.1999999999999999e-05
2026-04-23 11:07:01,JUP,-1.7e-05
2026-04-23 11:07:01,ARB,1.1999999999999999e-05
2026-04-23 11:07:01,LINEA,1.1999999999999999e-05
2026-04-23 11:07:01,ONDO,-9e-06
2026-04-23 11:07:01,DASH,1.1999999999999999e-05
2026-04-23 11:07:01,APT,1.1000000000000001e-05
2026-04-23 11:07:01,SPX,1.1999999999999999e-05
2026-04-23 11:07:01,UNI,1.1999999999999999e-05
2026-04-23 11:07:01,TRX,2e-06
2026-04-23 11:07:01,FOGO,-2.8e-05
2026-04-23 11:07:01,YZY,-8.6e-05
2026-04-23 11:07:01,RESOLV,5.999999999999999e-06
2026-04-23 11:07:01,LDO,1.1999999999999999e-05
2026-04-23 11:07:01,DOGE,1.1999999999999999e-05
2026-04-23 11:07:01,SOL,1.1999999999999999e-05
2026-04-23 11:07:01,GRASS,1.1999999999999999e-05
2026-04-23 11:07:01,AZTEC,5.4999999999999995e-05
2026-04-23 11:07:01,WIF,-2.1e-05
2026-04-23 11:07:01,BNB,8e-06
2026-04-23 11:07:01,LTC,1.1999999999999999e-05
2026-04-23 11:07:01,PROVE,1.1000000000000001e-05
2026-04-23 11:07:01,SUI,2.9999999999999997e-06
2026-04-23 11:07:01,TAO,-7.8e-05
2026-04-23 11:07:01,APEX,1.1999999999999999e-05
2026-04-23 11:07:01,DYDX,2.9999999999999997e-06
2026-04-23 11:07:01,SKR,1.1999999999999999e-05
2026-04-23 11:07:01,STBL,0.000149
2026-04-23 11:07:01,POL,1.1999999999999999e-05
2026-04-23 11:07:01,FIL,-3.5000000000000004e-05
2026-04-23 11:07:01,2Z,-6.1000000000000005e-05
2026-04-23 11:07:01,AVNT,1.1999999999999999e-05
2026-04-23 11:07:01,JTO,-5.3e-05
2026-04-23 11:07:01,WLD,-3.8e-05
2026-04-23 11:07:01,DOT,0.0
2026-04-23 11:07:01,MORPHO,-8.3e-05
2026-04-23 11:07:01,AXS,9e-06
2026-04-23 11:07:01,CRV,1.1999999999999999e-05
2026-04-23 11:07:01,ZK,1.1999999999999999e-05
2026-04-23 11:07:01,SYRUP,1.1999999999999999e-05
2026-04-23 11:07:01,OP,1.1999999999999999e-05
2026-04-23 11:07:01,PYTH,1.1999999999999999e-05
2026-04-23 11:07:01,STABLE,-0.000292
2026-04-23 11:07:01,BTC,2.9999999999999997e-06
2026-04-23 11:07:01,ZRO,1.1999999999999999e-05
2026-04-23 11:07:01,POPCAT,1.1999999999999999e-05
2026-04-23 11:07:01,IP,5e-06
2026-04-23 11:07:01,ETH,2.9999999999999997e-06
2026-04-23 11:07:01,KAITO,1.1999999999999999e-05
2026-04-23 11:07:01,SEI,4e-06
2026-04-23 11:07:01,PUMP,1.1999999999999999e-05
2026-04-23 11:07:01,PENGU,4e-06
2026-04-23 11:07:01,TRUMP,0.0
2026-04-23 11:07:01,ADA,5.999999999999999e-06
2026-04-23 11:07:01,ASTER,-9e-06
2026-04-23 11:07:01,BCH,1.1999999999999999e-05
2026-04-23 11:07:01,VVV,5e-05
2026-04-23 11:07:01,LINK,1.1000000000000001e-05
2026-04-23 11:07:01,ZEC,1.1999999999999999e-05
2026-04-23 11:07:01,CHIP,-0.0011949999999999999
2026-04-23 11:07:01,VIRTUAL,-7.000000000000001e-05
2026-04-23 11:07:01,WLFI,8e-06
2026-04-23 11:07:01,AVAX,1.1999999999999999e-05
2026-04-23 11:07:01,PAXG,-9e-06
2026-04-23 11:07:01,AAVE,1.1999999999999999e-05
2026-04-23 12:07:00,UNI,1.1999999999999999e-05
2026-04-23 12:07:00,ETHFI,1.1999999999999999e-05
2026-04-23 12:07:00,TRX,0.0
2026-04-23 12:07:00,XPL,-3.9e-05
2026-04-23 12:07:00,ZRO,1.1999999999999999e-05
2026-04-23 12:07:00,MON,-4.7000000000000004e-05
2026-04-23 12:07:00,MEGA,1.1999999999999999e-05
2026-04-23 12:07:00,LINEA,1.1999999999999999e-05
2026-04-23 12:07:00,WLFI,1e-05
2026-04-23 12:07:00,LIT,3.9e-05
2026-04-23 12:07:00,DOGE,1.1999999999999999e-05
2026-04-23 12:07:00,SUI,1.1999999999999999e-05
2026-04-23 12:07:00,ICP,4e-06
2026-04-23 12:07:00,ARB,1.1999999999999999e-05
2026-04-23 12:07:00,SYRUP,1.1999999999999999e-05
2026-04-23 12:07:00,LDO,1.1999999999999999e-05
2026-04-23 12:07:00,SKY,1.1999999999999999e-05
2026-04-23 12:07:00,KAITO,1.1999999999999999e-05
2026-04-23 12:07:00,BTC,1e-05
2026-04-23 12:07:00,PUMP,-4e-06
2026-04-23 12:07:00,JUP,-2.9999999999999997e-06
2026-04-23 12:07:00,FOGO,0.0
2026-04-23 12:07:00,AAVE,1.1999999999999999e-05
2026-04-23 12:07:00,GMX,1.1999999999999999e-05
2026-04-23 12:07:00,ZK,1.1999999999999999e-05
2026-04-23 12:07:00,CRV,1.1999999999999999e-05
2026-04-23 12:07:00,LINK,5.999999999999999e-06
2026-04-23 12:07:00,VVV,7.400000000000001e-05
2026-04-23 12:07:00,MORPHO,-9e-06
2026-04-23 12:07:00,PENGU,2e-06
2026-04-23 12:07:00,STBL,0.000186
2026-04-23 12:07:00,FIL,-1.9e-05
2026-04-23 12:07:00,SEI,1.1999999999999999e-05
2026-04-23 12:07:00,APT,-5.999999999999999e-06
2026-04-23 12:07:00,MET,1.1999999999999999e-05
2026-04-23 12:07:00,ONDO,1e-05
2026-04-23 12:07:00,EIGEN,1.1000000000000001e-05
2026-04-23 12:07:00,VIRTUAL,-3.3e-05
2026-04-23 12:07:00,ZEC,1.1999999999999999e-05
2026-04-23 12:07:00,POPCAT,1.1999999999999999e-05
2026-04-23 12:07:00,BNB,-2.9999999999999997e-06
2026-04-23 12:07:00,TIA,-1e-05
2026-04-23 12:07:00,WIF,0.0
2026-04-23 12:07:00,FARTCOIN,1.1999999999999999e-05
2026-04-23 12:07:00,2Z,-1.5e-05
2026-04-23 12:07:00,DYDX,-2.9999999999999997e-06
2026-04-23 12:07:00,JTO,-2.3999999999999997e-05
2026-04-23 12:07:00,ENA,1.1999999999999999e-05
2026-04-23 12:07:00,PENDLE,1.1999999999999999e-05
2026-04-23 12:07:00,BCH,1.1999999999999999e-05
2026-04-23 12:07:00,HBAR,1.1999999999999999e-05
2026-04-23 12:07:00,TON,-2e-06
2026-04-23 12:07:00,TRUMP,0.0
2026-04-23 12:07:00,YZY,-0.00031800000000000003
2026-04-23 12:07:00,DOT,-1.8e-05
2026-04-23 12:07:00,STRK,1.1000000000000001e-05
2026-04-23 12:07:00,AERO,7e-06
2026-04-23 12:07:00,RESOLV,1.1000000000000001e-05
2026-04-23 12:07:00,PROVE,1.1999999999999999e-05
2026-04-23 12:07:00,STABLE,-7.8e-05
2026-04-23 12:07:00,ZORA,1.1999999999999999e-05
2026-04-23 12:07:00,WLD,-2.6e-05
2026-04-23 12:07:00,POL,1.1999999999999999e-05
2026-04-23 12:07:00,SKR,3.1e-05
2026-04-23 12:07:00,PAXG,9e-06
2026-04-23 12:07:00,APEX,1.1999999999999999e-05
2026-04-23 12:07:00,AXS,-1.1999999999999999e-05
2026-04-23 12:07:00,XRP,-3.2e-05
2026-04-23 12:07:00,MNT,1.1999999999999999e-05
2026-04-23 12:07:00,PYTH,1.1999999999999999e-05
2026-04-23 12:07:00,CHIP,-0.0006519999999999999
2026-04-23 12:07:00,LTC,1.1999999999999999e-05
2026-04-23 12:07:00,XLM,1.1999999999999999e-05
2026-04-23 12:07:00,AVNT,1.1999999999999999e-05
2026-04-23 12:07:00,ADA,7e-06
2026-04-23 12:07:00,CC,1.1999999999999999e-05
2026-04-23 12:07:00,0G,-8e-05
2026-04-23 12:07:00,HYPE,1.1999999999999999e-05
2026-04-23 12:07:00,NEAR,1.1999999999999999e-05
2026-04-23 12:07:00,TAO,-3.6e-05
2026-04-23 12:07:00,OP,1.1999999999999999e-05
2026-04-23 12:07:00,IP,1.1999999999999999e-05
2026-04-23 12:07:00,SOL,1.1999999999999999e-05
2026-04-23 12:07:00,SPX,1.1999999999999999e-05
2026-04-23 12:07:00,ASTER,1.1999999999999999e-05
2026-04-23 12:07:00,S,1.1999999999999999e-05
2026-04-23 12:07:00,DASH,1.1999999999999999e-05
2026-04-23 12:07:00,ETH,7e-06
2026-04-23 12:07:00,AZTEC,1.4e-05
2026-04-23 12:07:00,BERA,1.1999999999999999e-05
2026-04-23 12:07:00,AVAX,1.1000000000000001e-05
2026-04-23 12:07:00,GRASS,1.1999999999999999e-05
2026-04-23 12:07:00,XMR,3.5000000000000004e-05
2026-04-23 13:07:00,VVV,1.5e-05
2026-04-23 13:07:00,SYRUP,1.1999999999999999e-05
2026-04-23 13:07:00,TRUMP,-2.3999999999999997e-05
2026-04-23 13:07:00,MORPHO,-5.4000000000000005e-05
2026-04-23 13:07:00,CC,1.1999999999999999e-05
2026-04-23 13:07:00,PENDLE,1.1999999999999999e-05
2026-04-23 13:07:00,STBL,6e-05
2026-04-23 13:07:00,PAXG,2.9999999999999997e-06
2026-04-23 13:07:00,TAO,-1.7e-05
2026-04-23 13:07:00,LINEA,2.9999999999999997e-06
2026-04-23 13:07:00,APEX,1.1999999999999999e-05
2026-04-23 13:07:00,AAVE,1.1999999999999999e-05
2026-04-23 13:07:00,BNB,-1.4e-05
2026-04-23 13:07:00,JUP,-4e-06
2026-04-23 13:07:00,STABLE,-0.000359
2026-04-23 13:07:00,POL,1.1999999999999999e-05
2026-04-23 13:07:00,ETHFI,1.1999999999999999e-05
2026-04-23 13:07:00,SKY,1.1999999999999999e-05
2026-04-23 13:07:00,ETH,0.0
2026-04-23 13:07:00,DOT,-3.2e-05
2026-04-23 13:07:00,AERO,9e-06
2026-04-23 13:07:00,FOGO,1.1999999999999999e-05
2026-04-23 13:07:00,BTC,0.0
2026-04-23 13:07:00,HYPE,8e-06
2026-04-23 13:07:00,MNT,1.1999999999999999e-05
2026-04-23 13:07:00,TON,-3.7000000000000005e-05
2026-04-23 13:07:00,APT,-1.4e-05
2026-04-23 13:07:00,FIL,1e-06
2026-04-23 13:07:00,DOGE,1.1999999999999999e-05
2026-04-23 13:07:00,VIRTUAL,-6.6e-05
2026-04-23 13:07:00,ASTER,-2.9999999999999997e-06
2026-04-23 13:07:00,OP,-2e-06
2026-04-23 13:07:00,DASH,1.1999999999999999e-05
2026-04-23 13:07:00,SOL,1.1999999999999999e-05
2026-04-23 13:07:00,ZORA,1.1999999999999999e-05
2026-04-23 13:07:00,WLFI,-2.9999999999999997e-06
2026-04-23 13:07:00,CRV,1.1999999999999999e-05
2026-04-23 13:07:00,ONDO,-5e-05
2026-04-23 13:07:00,MON,-6.4e-05
2026-04-23 13:07:00,MEGA,1.8e-05
2026-04-23 13:07:00,WLD,-4.7000000000000004e-05
2026-04-23 13:07:00,POPCAT,1.1999999999999999e-05
2026-04-23 13:07:00,ENA,-1e-06
2026-04-23 13:07:00,HBAR,1.1999999999999999e-05
2026-04-23 13:07:00,0G,-9.3e-05
2026-04-23 13:07:00,MET,1.1999999999999999e-05
2026-04-23 13:07:00,NEAR,1.1000000000000001e-05
2026-04-23 13:07:00,GRASS,1.1999999999999999e-05
2026-04-23 13:07:00,XRP,-3.4e-05
2026-04-23 13:07:00,LIT,1.1999999999999999e-05
2026-04-23 13:07:00,AXS,-9e-06
2026-04-23 13:07:00,SUI,-8e-06
2026-04-23 13:07:00,SKR,4.4999999999999996e-05
2026-04-23 13:07:00,XMR,5.4999999999999995e-05
2026-04-23 13:07:00,KAITO,1.1999999999999999e-05
2026-04-23 13:07:00,JTO,-6.9e-05
2026-04-23 13:07:00,LTC,1.1999999999999999e-05
2026-04-23 13:07:00,IP,-2.3999999999999997e-05
2026-04-23 13:07:00,RESOLV,-1.5e-05
2026-04-23 13:07:00,STRK,-3.2e-05
2026-04-23 13:07:00,XLM,1.1999999999999999e-05
2026-04-23 13:07:00,SEI,1.1999999999999999e-05
2026-04-23 13:07:00,ARB,1.1999999999999999e-05
2026-04-23 13:07:00,FARTCOIN,1.1999999999999999e-05
2026-04-23 13:07:00,ZEC,-1e-06
2026-04-23 13:07:00,LDO,1.1999999999999999e-05
2026-04-23 13:07:00,ZRO,1.1999999999999999e-05
2026-04-23 13:07:00,XPL,-3.7000000000000005e-05
2026-04-23 13:07:00,DYDX,-3e-05
2026-04-23 13:07:00,AVAX,-4e-06
2026-04-23 13:07:00,BCH,1.1999999999999999e-05
2026-04-23 13:07:00,PYTH,1.1999999999999999e-05
2026-04-23 13:07:00,WIF,1e-05
2026-04-23 13:07:00,2Z,-5e-06
2026-04-23 13:07:00,AZTEC,1.1999999999999999e-05
2026-04-23 13:07:00,ZK,1.1999999999999999e-05
2026-04-23 13:07:00,UNI,1.1999999999999999e-05
2026-04-23 13:07:00,TRX,-1.5e-05
2026-04-23 13:07:00,YZY,-0.00025100000000000003
2026-04-23 13:07:00,ADA,2.9999999999999997e-06
2026-04-23 13:07:00,AVNT,1e-05
2026-04-23 13:07:00,BERA,1.1999999999999999e-05
2026-04-23 13:07:00,S,1.1999999999999999e-05
2026-04-23 13:07:00,TIA,-3.3e-05
2026-04-23 13:07:00,PROVE,-5.4999999999999995e-05
2026-04-23 13:07:00,ICP,-2.7000000000000002e-05
2026-04-23 13:07:00,PENGU,1.1999999999999999e-05
2026-04-23 13:07:00,CHIP,-0.000511
2026-04-23 13:07:00,PUMP,-3.2e-05
2026-04-23 13:07:00,LINK,-9e-06
2026-04-23 13:07:00,EIGEN,-1.5e-05
2026-04-23 13:07:00,SPX,1.1999999999999999e-05
2026-04-23 13:07:00,GMX,1.1000000000000001e-05
2026-04-23 14:07:00,FOGO,1.1999999999999999e-05
2026-04-23 14:07:00,WLFI,-1.3e-05
2026-04-23 14:07:00,AAVE,1.1999999999999999e-05
2026-04-23 14:07:00,LDO,1.1999999999999999e-05
2026-04-23 14:07:00,TIA,-8e-06
2026-04-23 14:07:00,SUI,1.1999999999999999e-05
2026-04-23 14:07:00,SOL,1.1999999999999999e-05
2026-04-23 14:07:00,ONDO,-4e-06
2026-04-23 14:07:00,ZORA,1.1999999999999999e-05
2026-04-23 14:07:00,YZY,2.8e-05
2026-04-23 14:07:00,APT,0.0
2026-04-23 14:07:00,DOGE,1.1999999999999999e-05
2026-04-23 14:07:00,BERA,1.1999999999999999e-05
2026-04-23 14:07:00,BCH,1.1999999999999999e-05
2026-04-23 14:07:00,VVV,9.3e-05
2026-04-23 14:07:00,ETHFI,1.1999999999999999e-05
2026-04-23 14:07:00,PUMP,-8e-06
2026-04-23 14:07:00,AZTEC,1.1999999999999999e-05
2026-04-23 14:07:00,TRX,-1.8e-05
2026-04-23 14:07:00,SPX,1.1999999999999999e-05
2026-04-23 14:07:00,STABLE,-0.00021700000000000002
2026-04-23 14:07:00,CRV,1.1999999999999999e-05
2026-04-23 14:07:00,PENDLE,1.1999999999999999e-05
2026-04-23 14:07:00,DASH,1.1999999999999999e-05
2026-04-23 14:07:00,UNI,1.1999999999999999e-05
2026-04-23 14:07:00,POL,1.1999999999999999e-05
2026-04-23 14:07:00,STRK,-2.3e-05
2026-04-23 14:07:00,ICP,-2.5e-05
2026-04-23 14:07:00,0G,-3.5000000000000004e-05
2026-04-23 14:07:00,RESOLV,9e-06
2026-04-23 14:07:00,ZRO,1.1999999999999999e-05
2026-04-23 14:07:00,PYTH,1.1999999999999999e-05
2026-04-23 14:07:00,DOT,-1.4e-05
2026-04-23 14:07:00,ZEC,1.1999999999999999e-05
2026-04-23 14:07:00,SYRUP,1.1999999999999999e-05
2026-04-23 14:07:00,XLM,1.1999999999999999e-05
2026-04-23 14:07:00,TRUMP,1e-05
2026-04-23 14:07:00,PROVE,-1.6e-05
2026-04-23 14:07:00,MNT,1.1999999999999999e-05
2026-04-23 14:07:00,APEX,1.1999999999999999e-05
2026-04-23 14:07:00,VIRTUAL,-2.8e-05
2026-04-23 14:07:00,PENGU,1.1999999999999999e-05
2026-04-23 14:07:00,IP,1.1000000000000001e-05
2026-04-23 14:07:00,LTC,1.1999999999999999e-05
2026-04-23 14:07:00,AERO,-4.4000000000000006e-05
2026-04-23 14:07:00,JUP,5.999999999999999e-06
2026-04-23 14:07:00,TON,-1.9e-05
2026-04-23 14:07:00,S,-1.4e-05
2026-04-23 14:07:00,SKR,1.1999999999999999e-05
2026-04-23 14:07:00,ASTER,1.1999999999999999e-05
2026-04-23 14:07:00,LINK,1.1999999999999999e-05
2026-04-23 14:07:00,MEGA,1.1999999999999999e-05
2026-04-23 14:07:00,ADA,1e-05
2026-04-23 14:07:00,TAO,4e-06
2026-04-23 14:07:00,WLD,-2.3999999999999997e-05
2026-04-23 14:07:00,LIT,1.1999999999999999e-05
2026-04-23 14:07:00,XRP,-1.1999999999999999e-05
2026-04-23 14:07:00,BNB,1e-05
2026-04-23 14:07:00,ETH,-1e-06
2026-04-23 14:07:00,NEAR,1.1999999999999999e-05
2026-04-23 14:07:00,WIF,1.1999999999999999e-05
2026-04-23 14:07:00,POPCAT,1.1999999999999999e-05
2026-04-23 14:07:00,ENA,1.1999999999999999e-05
2026-04-23 14:07:00,LINEA,2e-06
2026-04-23 14:07:00,XPL,-2.3e-05
2026-04-23 14:07:00,AXS,-3.7000000000000005e-05
2026-04-23 14:07:00,ARB,1.1999999999999999e-05
2026-04-23 14:07:00,HYPE,1.1999999999999999e-05
2026-04-23 14:07:00,2Z,-4.2e-05
2026-04-23 14:07:00,DYDX,-1.4e-05
2026-04-23 14:07:00,ZK,1.1999999999999999e-05
2026-04-23 14:07:00,JTO,-6.4e-05
2026-04-23 14:07:00,GRASS,1.1999999999999999e-05
2026-04-23 14:07:00,STBL,0.00019199999999999998
2026-04-23 14:07:00,MON,-3.3e-05
2026-04-23 14:07:00,MORPHO,8e-06
2026-04-23 14:07:00,CHIP,-0.000698
2026-04-23 14:07:00,SKY,1.1999999999999999e-05
2026-04-23 14:07:00,FIL,5e-06
2026-04-23 14:07:00,MET,1.1999999999999999e-05
2026-04-23 14:07:00,AVAX,1.1000000000000001e-05
2026-04-23 14:07:00,EIGEN,1e-05
2026-04-23 14:07:00,KAITO,1.1999999999999999e-05
2026-04-23 14:07:00,AVNT,1.1999999999999999e-05
2026-04-23 14:07:00,OP,1.1999999999999999e-05
2026-04-23 14:07:00,GMX,1.1999999999999999e-05
2026-04-23 14:07:00,BTC,2e-06
2026-04-23 14:07:00,SEI,1.1999999999999999e-05
2026-04-23 14:07:00,CC,1.1999999999999999e-05
2026-04-23 14:07:00,PAXG,8e-06
2026-04-23 14:07:00,XMR,1.3e-05
2026-04-23 14:07:00,FARTCOIN,1.1999999999999999e-05
2026-04-23 14:07:00,HBAR,1.1999999999999999e-05
2026-04-23 15:07:00,TON,9e-06
2026-04-23 15:07:00,APEX,1.1999999999999999e-05
2026-04-23 15:07:00,OP,1.1000000000000001e-05
2026-04-23 15:07:00,PYTH,4e-06
2026-04-23 15:07:00,LINEA,0.0
2026-04-23 15:07:00,STABLE,-0.000199
2026-04-23 15:07:00,BERA,1.1999999999999999e-05
2026-04-23 15:07:00,SOL,5.999999999999999e-06
2026-04-23 15:07:00,DOGE,1.1999999999999999e-05
2026-04-23 15:07:00,ONDO,1e-06
2026-04-23 15:07:00,TAO,4e-06
2026-04-23 15:07:00,DOT,5e-06
2026-04-23 15:07:00,POPCAT,1.1999999999999999e-05
2026-04-23 15:07:00,APT,-1.8e-05
2026-04-23 15:07:00,0G,2e-06
2026-04-23 15:07:00,ARB,1.1999999999999999e-05
2026-04-23 15:07:00,LDO,1.1999999999999999e-05
2026-04-23 15:07:00,AVAX,1.1999999999999999e-05
2026-04-23 15:07:00,EIGEN,0.0
2026-04-23 15:07:00,ICP,1e-05
2026-04-23 15:07:00,CRV,1.1999999999999999e-05
2026-04-23 15:07:00,CC,1.1999999999999999e-05
2026-04-23 15:07:00,RESOLV,-2.8e-05
2026-04-23 15:07:00,ZEC,5e-06
2026-04-23 15:07:00,VVV,1.6e-05
2026-04-23 15:07:00,PENDLE,1.1999999999999999e-05
2026-04-23 15:07:00,HYPE,2.9999999999999997e-06
2026-04-23 15:07:00,SKR,1.1999999999999999e-05
2026-04-23 15:07:00,AZTEC,1.1999999999999999e-05
2026-04-23 15:07:00,XRP,-7e-06
2026-04-23 15:07:00,XMR,8.800000000000001e-05
2026-04-23 15:07:00,UNI,1.1999999999999999e-05
2026-04-23 15:07:00,GRASS,1.1999999999999999e-05
2026-04-23 15:07:00,POL,1.1999999999999999e-05
2026-04-23 15:07:00,GMX,1.1999999999999999e-05
2026-04-23 15:07:00,ENA,1.1999999999999999e-05
2026-04-23 15:07:00,TIA,-1.5e-05
2026-04-23 15:07:00,SUI,1.1999999999999999e-05
2026-04-23 15:07:00,AVNT,1.1999999999999999e-05
2026-04-23 15:07:00,MNT,1.1999999999999999e-05
2026-04-23 15:07:00,ZORA,1.1999999999999999e-05
2026-04-23 15:07:00,SKY,1.1999999999999999e-05
2026-04-23 15:07:00,FOGO,1.1999999999999999e-05
2026-04-23 15:07:00,WIF,1.1000000000000001e-05
2026-04-23 15:07:00,BCH,1.1999999999999999e-05
2026-04-23 15:07:00,WLFI,1.1999999999999999e-05
2026-04-23 15:07:00,PENGU,-4e-06
2026-04-23 15:07:00,STRK,0.0
2026-04-23 15:07:00,DASH,1.1999999999999999e-05
2026-04-23 15:07:00,PUMP,-7e-06
2026-04-23 15:07:00,VIRTUAL,-3.5000000000000004e-05
2026-04-23 15:07:00,ASTER,1.1999999999999999e-05
2026-04-23 15:07:00,HBAR,1.1999999999999999e-05
2026-04-23 15:07:00,SYRUP,1.1999999999999999e-05
2026-04-23 15:07:00,SEI,1.1999999999999999e-05
2026-04-23 15:07:00,ZK,1.1999999999999999e-05
2026-04-23 15:07:00,SPX,1.1999999999999999e-05
2026-04-23 15:07:00,XLM,1.1999999999999999e-05
2026-04-23 15:07:00,AAVE,1.1999999999999999e-05
2026-04-23 15:07:00,XPL,4e-06
2026-04-23 15:07:00,MON,-6.6e-05
2026-04-23 15:07:00,LINK,1.1999999999999999e-05
2026-04-23 15:07:00,MEGA,1.3e-05
2026-04-23 15:07:00,ETH,-1.5e-05
2026-04-23 15:07:00,S,1.1999999999999999e-05
2026-04-23 15:07:00,WLD,-5e-05
2026-04-23 15:07:00,CHIP,-0.000473
2026-04-23 15:07:00,JUP,-5e-06
2026-04-23 15:07:00,JTO,-6.2e-05
2026-04-23 15:07:00,ETHFI,1.1999999999999999e-05
2026-04-23 15:07:00,TRX,1e-05
2026-04-23 15:07:00,YZY,-0.00014099999999999998
2026-04-23 15:07:00,2Z,-3e-05
2026-04-23 15:07:00,PAXG,1.1000000000000001e-05
2026-04-23 15:07:00,ZRO,1.1999999999999999e-05
2026-04-23 15:07:00,MET,1.1999999999999999e-05
2026-04-23 15:07:00,FIL,-1.7e-05
2026-04-23 15:07:00,PROVE,-5.4000000000000005e-05
2026-04-23 15:07:00,ADA,1.1999999999999999e-05
2026-04-23 15:07:00,DYDX,-2.1e-05
2026-04-23 15:07:00,NEAR,1e-05
2026-04-23 15:07:00,LIT,3.5000000000000004e-05
2026-04-23 15:07:00,KAITO,1.1999999999999999e-05
2026-04-23 15:07:00,STBL,0.000119
2026-04-23 15:07:00,AXS,1.1999999999999999e-05
2026-04-23 15:07:00,FARTCOIN,1.1999999999999999e-05
2026-04-23 15:07:00,MORPHO,-1.1999999999999999e-05
2026-04-23 15:07:00,AERO,1e-05
2026-04-23 15:07:00,IP,1.1999999999999999e-05
2026-04-23 15:07:00,LTC,1.1999999999999999e-05
2026-04-23 15:07:00,TRUMP,-7e-06
2026-04-23 15:07:00,BTC,-2.8999999999999997e-05
2026-04-23 15:07:00,BNB,-2.9999999999999997e-06
2026-04-23 16:07:00,0G,-8.3e-05
2026-04-23 16:07:00,TON,-7e-06
2026-04-23 16:07:00,GRASS,1.1999999999999999e-05
2026-04-23 16:07:00,STABLE,-0.00011599999999999999
2026-04-23 16:07:00,ADA,1.1999999999999999e-05
2026-04-23 16:07:00,SKR,1.1999999999999999e-05
2026-04-23 16:07:00,LTC,1.1999999999999999e-05
2026-04-23 16:07:00,LINEA,-1e-06
2026-04-23 16:07:00,ZRO,1.1999999999999999e-05
2026-04-23 16:07:00,MET,1.1999999999999999e-05
2026-04-23 16:07:00,DOGE,1.1999999999999999e-05
2026-04-23 16:07:00,TRX,1.1000000000000001e-05
2026-04-23 16:07:00,HBAR,1.1999999999999999e-05
2026-04-23 16:07:00,XPL,-3.6e-05
2026-04-23 16:07:00,UNI,1.1999999999999999e-05
2026-04-23 16:07:00,VVV,0.000134
2026-04-23 16:07:00,EIGEN,-4.7999999999999994e-05
2026-04-23 16:07:00,LDO,1.1999999999999999e-05
2026-04-23 16:07:00,PAXG,-1.5e-05
2026-04-23 16:07:00,AVNT,1.1999999999999999e-05
2026-04-23 16:07:00,BNB,1.1000000000000001e-05
2026-04-23 16:07:00,BERA,1.1999999999999999e-05
2026-04-23 16:07:00,CC,1.1999999999999999e-05
2026-04-23 16:07:00,ETHFI,1.1999999999999999e-05
2026-04-23 16:07:00,SPX,1.1999999999999999e-05
2026-04-23 16:07:00,S,1.1999999999999999e-05
2026-04-23 16:07:00,NEAR,1.1000000000000001e-05
2026-04-23 16:07:00,DOT,-2.3999999999999997e-05
2026-04-23 16:07:00,LINK,1.1999999999999999e-05
2026-04-23 16:07:00,ENA,1e-06
2026-04-23 16:07:00,CHIP,-0.000494
2026-04-23 16:07:00,SKY,1.1999999999999999e-05
2026-04-23 16:07:00,APEX,1.1999999999999999e-05
2026-04-23 16:07:00,ZORA,1.1999999999999999e-05
2026-04-23 16:07:00,MORPHO,5.999999999999999e-06
2026-04-23 16:07:00,ONDO,1.1000000000000001e-05
2026-04-23 16:07:00,ZK,1.1999999999999999e-05
2026-04-23 16:07:00,AZTEC,1.1999999999999999e-05
2026-04-23 16:07:00,ICP,-1e-06
2026-04-23 16:07:00,FIL,5e-06
2026-04-23 16:07:00,ARB,1.1999999999999999e-05
2026-04-23 16:07:00,PYTH,-4.1e-05
2026-04-23 16:07:00,VIRTUAL,9e-06
2026-04-23 16:07:00,DASH,1.1999999999999999e-05
2026-04-23 16:07:00,XLM,1.1999999999999999e-05
2026-04-23 16:07:00,MON,-7.2e-05
2026-04-23 16:07:00,TIA,-8e-06
2026-04-23 16:07:00,ASTER,1.1999999999999999e-05
2026-04-23 16:07:00,BCH,1.1999999999999999e-05
2026-04-23 16:07:00,GMX,-1.1999999999999999e-05
2026-04-23 16:07:00,SEI,1.1999999999999999e-05
2026-04-23 16:07:00,POPCAT,1.1999999999999999e-05
2026-04-23 16:07:00,AXS,-4.6e-05
2026-04-23 16:07:00,STBL,1.9e-05
2026-04-23 16:07:00,AAVE,1.1999999999999999e-05
2026-04-23 16:07:00,AVAX,1.1999999999999999e-05
2026-04-23 16:07:00,PENGU,1.1999999999999999e-05
2026-04-23 16:07:00,CRV,1.1999999999999999e-05
2026-04-23 16:07:00,PROVE,8e-06
2026-04-23 16:07:00,FARTCOIN,1.1999999999999999e-05
2026-04-23 16:07:00,APT,-7e-06
2026-04-23 16:07:00,XMR,0.000113
2026-04-23 16:07:00,PENDLE,1.1999999999999999e-05
2026-04-23 16:07:00,HYPE,7e-06
2026-04-23 16:07:00,YZY,-8.5e-05
2026-04-23 16:07:00,BTC,-1.8e-05
2026-04-23 16:07:00,ETH,-1.6e-05
2026-04-23 16:07:00,XRP,-2e-06
2026-04-23 16:07:00,TRUMP,-4e-06
2026-04-23 16:07:00,RESOLV,9e-06
2026-04-23 16:07:00,JUP,5e-06
2026-04-23 16:07:00,SUI,1.1999999999999999e-05
2026-04-23 16:07:00,WLFI,1.1999999999999999e-05
2026-04-23 16:07:00,PUMP,-3.9e-05
2026-04-23 16:07:00,SOL,1.1999999999999999e-05
2026-04-23 16:07:00,MEGA,1.1000000000000001e-05
2026-04-23 16:07:00,OP,1.1999999999999999e-05
2026-04-23 16:07:00,ZEC,1e-05
2026-04-23 16:07:00,FOGO,1.1999999999999999e-05
2026-04-23 16:07:00,WIF,-0.00010800000000000001
2026-04-23 16:07:00,TAO,2e-06
2026-04-23 16:07:00,POL,1.1999999999999999e-05
2026-04-23 16:07:00,DYDX,-2.3999999999999997e-05
2026-04-23 16:07:00,KAITO,1.1999999999999999e-05
2026-04-23 16:07:00,IP,-2.3999999999999997e-05
2026-04-23 16:07:00,SYRUP,1.1999999999999999e-05
2026-04-23 16:07:00,AERO,0.0
2026-04-23 16:07:00,STRK,-2.1e-05
2026-04-23 16:07:00,WLD,-6.4e-05
2026-04-23 16:07:00,2Z,-7e-06
2026-04-23 16:07:00,JTO,-5e-05
2026-04-23 16:07:00,MNT,1.1999999999999999e-05
2026-04-23 16:07:00,LIT,1.5e-05
2026-04-23 17:07:00,XRP,-3.2e-05
2026-04-23 17:07:00,PENDLE,1.1999999999999999e-05
2026-04-23 17:07:00,DASH,1.1999999999999999e-05
2026-04-23 17:07:00,ENA,-3e-05
2026-04-23 17:07:00,SYRUP,1.1999999999999999e-05
2026-04-23 17:07:00,PENGU,1.1999999999999999e-05
2026-04-23 17:07:00,ARB,-3.2e-05
2026-04-23 17:07:00,MEGA,3.5000000000000004e-05
2026-04-23 17:07:00,RESOLV,1.1999999999999999e-05
2026-04-23 17:07:00,BTC,2e-06
2026-04-23 17:07:00,KAITO,1.1999999999999999e-05
2026-04-23 17:07:00,POPCAT,1.1999999999999999e-05
2026-04-23 17:07:00,BERA,1.1999999999999999e-05
2026-04-23 17:07:00,BNB,8e-06
2026-04-23 17:07:00,HBAR,1.1999999999999999e-05
2026-04-23 17:07:00,SKR,-4.7000000000000004e-05
2026-04-23 17:07:00,ZORA,1.1999999999999999e-05
2026-04-23 17:07:00,TON,-7.000000000000001e-05
2026-04-23 17:07:00,PYTH,-4e-05
2026-04-23 17:07:00,APEX,1.1999999999999999e-05
2026-04-23 17:07:00,TRX,-2e-05
2026-04-23 17:07:00,LINK,-4e-06
2026-04-23 17:07:00,2Z,-3.1e-05
2026-04-23 17:07:00,TIA,-2.5e-05
2026-04-23 17:07:00,PAXG,-4e-06
2026-04-23 17:07:00,GRASS,1.1999999999999999e-05
2026-04-23 17:07:00,WLFI,-2.8e-05
2026-04-23 17:07:00,ICP,7e-06
2026-04-23 17:07:00,DOGE,1.1999999999999999e-05
2026-04-23 17:07:00,CC,1.1999999999999999e-05
2026-04-23 17:07:00,OP,-2e-06
2026-04-23 17:07:00,POL,1.1999999999999999e-05
2026-04-23 17:07:00,MORPHO,-4.4000000000000006e-05
2026-04-23 17:07:00,TRUMP,-3.4e-05
2026-04-23 17:07:00,UNI,1.1999999999999999e-05
2026-04-23 17:07:00,AVNT,1.1999999999999999e-05
2026-04-23 17:07:00,DOT,-4.4000000000000006e-05
2026-04-23 17:07:00,XLM,1.1999999999999999e-05
2026-04-23 17:07:00,LDO,4e-06
2026-04-23 17:07:00,STABLE,-0.00020299999999999997
2026-04-23 17:07:00,ETH,-2.9999999999999997e-06
2026-04-23 17:07:00,ETHFI,1.1999999999999999e-05
2026-04-23 17:07:00,ZRO,1.1999999999999999e-05
2026-04-23 17:07:00,AAVE,1.1999999999999999e-05
2026-04-23 17:07:00,ASTER,1.1999999999999999e-05
2026-04-23 17:07:00,MET,1.1999999999999999e-05
2026-04-23 17:07:00,0G,-5e-05
2026-04-23 17:07:00,STRK,5.999999999999999e-06
2026-04-23 17:07:00,VIRTUAL,-1.1000000000000001e-05
2026-04-23 17:07:00,MNT,1.1999999999999999e-05
2026-04-23 17:07:00,VVV,3.6e-05
2026-04-23 17:07:00,SKY,1.1999999999999999e-05
2026-04-23 17:07:00,WIF,-0.000166
2026-04-23 17:07:00,ONDO,9e-06
2026-04-23 17:07:00,PUMP,1e-05
2026-04-23 17:07:00,DYDX,-1.1999999999999999e-05
2026-04-23 17:07:00,FOGO,1.1999999999999999e-05
2026-04-23 17:07:00,SEI,1.1999999999999999e-05
2026-04-23 17:07:00,AZTEC,1.1999999999999999e-05
2026-04-23 17:07:00,ADA,1.1999999999999999e-05
2026-04-23 17:07:00,APT,-2e-05
2026-04-23 17:07:00,PROVE,-4.3e-05
2026-04-23 17:07:00,TAO,0.0
2026-04-23 17:07:00,XPL,-0.000101
2026-04-23 17:07:00,AVAX,1.1999999999999999e-05
2026-04-23 17:07:00,YZY,3e-05
2026-04-23 17:07:00,SOL,0.0
2026-04-23 17:07:00,SUI,1e-05
2026-04-23 17:07:00,XMR,1.9e-05
2026-04-23 17:07:00,NEAR,-1.4e-05
2026-04-23 17:07:00,IP,-2e-06
2026-04-23 17:07:00,ZK,1.1999999999999999e-05
2026-04-23 17:07:00,CRV,1.1999999999999999e-05
2026-04-23 17:07:00,FARTCOIN,1.1999999999999999e-05
2026-04-23 17:07:00,WLD,-7.1e-05
2026-04-23 17:07:00,AERO,-5.1000000000000006e-05
2026-04-23 17:07:00,AXS,-3.9e-05
2026-04-23 17:07:00,FIL,-4.3e-05
2026-04-23 17:07:00,SPX,1.1999999999999999e-05
2026-04-23 17:07:00,LIT,2.8999999999999997e-05
2026-04-23 17:07:00,LTC,-5.999999999999999e-06
2026-04-23 17:07:00,LINEA,9e-06
2026-04-23 17:07:00,S,1.1999999999999999e-05
2026-04-23 17:07:00,BCH,1.1999999999999999e-05
2026-04-23 17:07:00,GMX,-1.7e-05
2026-04-23 17:07:00,ZEC,2e-06
2026-04-23 17:07:00,EIGEN,-5.7999999999999994e-05
2026-04-23 17:07:00,HYPE,0.0
2026-04-23 17:07:00,STBL,1.1999999999999999e-05
2026-04-23 17:07:00,MON,-6.4e-05
2026-04-23 17:07:00,CHIP,-0.000112
2026-04-23 17:07:00,JUP,1.1000000000000001e-05
2026-04-23 17:07:00,JTO,-4.6e-05
2026-04-23 18:07:01,VIRTUAL,-4.4999999999999996e-05
2026-04-23 18:07:01,ASTER,-7e-06
2026-04-23 18:07:01,KAITO,1.1999999999999999e-05
2026-04-23 18:07:01,SOL,-4.3e-05
2026-04-23 18:07:01,OP,-2e-06
2026-04-23 18:07:01,PYTH,-2.2000000000000003e-05
2026-04-23 18:07:01,SPX,1.1999999999999999e-05
2026-04-23 18:07:01,MORPHO,2e-06
2026-04-23 18:07:01,RESOLV,-6e-05
2026-04-23 18:07:01,UNI,1.1999999999999999e-05
2026-04-23 18:07:01,EIGEN,-2.1e-05
2026-04-23 18:07:01,ZRO,1.1999999999999999e-05
2026-04-23 18:07:01,MNT,1.1999999999999999e-05
2026-04-23 18:07:01,WIF,-4.6e-05
2026-04-23 18:07:01,BTC,-4.3e-05
2026-04-23 18:07:01,LIT,1.1999999999999999e-05
2026-04-23 18:07:01,ZORA,1.1999999999999999e-05
2026-04-23 18:07:01,CRV,1.1999999999999999e-05
2026-04-23 18:07:01,JUP,-3.4e-05
2026-04-23 18:07:01,XPL,-4e-05
2026-04-23 18:07:01,JTO,-4.6e-05
2026-04-23 18:07:01,APEX,1.1999999999999999e-05
2026-04-23 18:07:01,XMR,1.1999999999999999e-05
2026-04-23 18:07:01,TIA,-4.4999999999999996e-05
2026-04-23 18:07:01,ZK,1.1999999999999999e-05
2026-04-23 18:07:01,XRP,-3.3e-05
2026-04-23 18:07:01,LDO,1.1999999999999999e-05
2026-04-23 18:07:01,PENDLE,1.1999999999999999e-05
2026-04-23 18:07:01,PENGU,-7e-06
2026-04-23 18:07:01,ARB,0.0
2026-04-23 18:07:01,PUMP,-8e-06
2026-04-23 18:07:01,SKR,1.1999999999999999e-05
2026-04-23 18:07:01,SYRUP,1.1999999999999999e-05
2026-04-23 18:07:01,GRASS,1.1999999999999999e-05
2026-04-23 18:07:01,AVAX,1.1999999999999999e-05
2026-04-23 18:07:01,MEGA,1.1999999999999999e-05
2026-04-23 18:07:01,NEAR,-2.2000000000000003e-05
2026-04-23 18:07:01,SUI,-2.2000000000000003e-05
2026-04-23 18:07:01,HYPE,9e-06
2026-04-23 18:07:01,ADA,-1e-05
2026-04-23 18:07:01,FOGO,1.1000000000000001e-05
2026-04-23 18:07:01,TAO,-5.7e-05
2026-04-23 18:07:01,TON,-2.9999999999999997e-06
2026-04-23 18:07:01,0G,-8.099999999999999e-05
2026-04-23 18:07:01,ETH,-3.5000000000000004e-05
2026-04-23 18:07:01,GMX,-3.3e-05
2026-04-23 18:07:01,AVNT,1.1999999999999999e-05
2026-04-23 18:07:01,BERA,1.1999999999999999e-05
2026-04-23 18:07:01,POPCAT,1.1999999999999999e-05
2026-04-23 18:07:01,XLM,1.1999999999999999e-05
2026-04-23 18:07:01,MET,1.1999999999999999e-05
2026-04-23 18:07:01,ENA,7e-06
2026-04-23 18:07:01,LINK,-2e-06
2026-04-23 18:07:01,HBAR,1.1999999999999999e-05
2026-04-23 18:07:01,AAVE,1.1999999999999999e-05
2026-04-23 18:07:01,STBL,1.1999999999999999e-05
2026-04-23 18:07:01,CHIP,-0.00039600000000000003
2026-04-23 18:07:01,TRX,-1.3e-05
2026-04-23 18:07:01,LTC,-1.7e-05
2026-04-23 18:07:01,MON,-0.000117
2026-04-23 18:07:01,STRK,-1.6e-05
2026-04-23 18:07:01,TRUMP,-9.2e-05
2026-04-23 18:07:01,DOGE,8e-06
2026-04-23 18:07:01,S,-1.7e-05
2026-04-23 18:07:01,STABLE,-0.00025100000000000003
2026-04-23 18:07:01,2Z,-2.6e-05
2026-04-23 18:07:01,APT,-7e-06
2026-04-23 18:07:01,DYDX,-4e-06
2026-04-23 18:07:01,WLFI,-4.6e-05
2026-04-23 18:07:01,AXS,-8.5e-05
2026-04-23 18:07:01,DOT,-6.2e-05
2026-04-23 18:07:01,CC,1.1999999999999999e-05
2026-04-23 18:07:01,FARTCOIN,1.1999999999999999e-05
2026-04-23 18:07:01,AERO,-0.000103
2026-04-23 18:07:01,FIL,-7.900000000000001e-05
2026-04-23 18:07:01,DASH,1.1999999999999999e-05
2026-04-23 18:07:01,PAXG,-2.8e-05
2026-04-23 18:07:01,SKY,1.1999999999999999e-05
2026-04-23 18:07:01,BNB,-2.9999999999999997e-06
2026-04-23 18:07:01,WLD,-0.000117
2026-04-23 18:07:01,VVV,5.3e-05
2026-04-23 18:07:01,ICP,9e-06
2026-04-23 18:07:01,ETHFI,1.1999999999999999e-05
2026-04-23 18:07:01,IP,-2.6e-05
2026-04-23 18:07:01,PROVE,-3e-05
2026-04-23 18:07:01,YZY,-4.2e-05
2026-04-23 18:07:01,ONDO,-1e-05
2026-04-23 18:07:01,POL,1.1999999999999999e-05
2026-04-23 18:07:01,SEI,1.1999999999999999e-05
2026-04-23 18:07:01,ZEC,0.0
2026-04-23 18:07:01,AZTEC,1.1999999999999999e-05
2026-04-23 18:07:01,BCH,1.1999999999999999e-05
2026-04-23 18:07:01,LINEA,-2.2000000000000003e-05
2026-04-23 19:07:01,ARB,1.1999999999999999e-05
2026-04-23 19:07:01,ETHFI,1.1999999999999999e-05
2026-04-23 19:07:01,ONDO,1.1999999999999999e-05
2026-04-23 19:07:01,2Z,-2.8999999999999997e-05
2026-04-23 19:07:01,SKR,1.1999999999999999e-05
2026-04-23 19:07:01,BCH,1.1999999999999999e-05
2026-04-23 19:07:01,WIF,-3e-05
2026-04-23 19:07:01,ZK,1.1999999999999999e-05
2026-04-23 19:07:01,SPX,1.1999999999999999e-05
2026-04-23 19:07:01,MON,-7.3e-05
2026-04-23 19:07:01,PENGU,1e-05
2026-04-23 19:07:01,LIT,1.1999999999999999e-05
2026-04-23 19:07:01,SKY,1.1999999999999999e-05
2026-04-23 19:07:01,MEGA,1.1999999999999999e-05
2026-04-23 19:07:01,HBAR,1.1999999999999999e-05
2026-04-23 19:07:01,APT,1.1999999999999999e-05
2026-04-23 19:07:01,ZRO,1.1999999999999999e-05
2026-04-23 19:07:01,TRX,8e-06
2026-04-23 19:07:01,CHIP,-0.000545
2026-04-23 19:07:01,CRV,1.1999999999999999e-05
2026-04-23 19:07:01,CC,1.1999999999999999e-05
2026-04-23 19:07:01,BTC,-1.8e-05
2026-04-23 19:07:01,0G,-5.2e-05
2026-04-23 19:07:01,TON,1.1000000000000001e-05
2026-04-23 19:07:01,LDO,1.1999999999999999e-05
2026-04-23 19:07:01,ENA,1.1999999999999999e-05
2026-04-23 19:07:01,STABLE,-0.00033
2026-04-23 19:07:01,XPL,8e-06
2026-04-23 19:07:01,PAXG,-1.5e-05
2026-04-23 19:07:01,PYTH,1e-05
2026-04-23 19:07:01,LTC,1.1000000000000001e-05
2026-04-23 19:07:01,AZTEC,1.1999999999999999e-05
2026-04-23 19:07:01,XLM,1.1999999999999999e-05
2026-04-23 19:07:01,ICP,-1e-05
2026-04-23 19:07:01,OP,1.1000000000000001e-05
2026-04-23 19:07:01,LINK,4e-06
2026-04-23 19:07:01,TAO,-3.5000000000000004e-05
2026-04-23 19:07:01,AXS,-3.1e-05
2026-04-23 19:07:01,SEI,1.1999999999999999e-05
2026-04-23 19:07:01,VVV,6.9e-05
2026-04-23 19:07:01,JUP,1e-05
2026-04-23 19:07:01,DYDX,9e-06
2026-04-23 19:07:01,FIL,-5.6e-05
2026-04-23 19:07:01,WLD,-0.000114
2026-04-23 19:07:01,SYRUP,1.1999999999999999e-05
2026-04-23 19:07:01,RESOLV,-2e-05
2026-04-23 19:07:01,IP,-2.2000000000000003e-05
2026-04-23 19:07:01,WLFI,1e-05
2026-04-23 19:07:01,STBL,1.1999999999999999e-05
2026-04-23 19:07:01,XRP,1e-05
2026-04-23 19:07:01,HYPE,8e-06
2026-04-23 19:07:01,PENDLE,1.1999999999999999e-05
2026-04-23 19:07:01,DOGE,1.1999999999999999e-05
2026-04-23 19:07:01,FARTCOIN,1.1999999999999999e-05
2026-04-23 19:07:01,YZY,1.1999999999999999e-05
2026-04-23 19:07:01,TIA,-5e-06
2026-04-23 19:07:01,ETH,-1.8e-05
2026-04-23 19:07:01,POPCAT,1.1999999999999999e-05
2026-04-23 19:07:01,DOT,-1.1999999999999999e-05
2026-04-23 19:07:01,BERA,1.1999999999999999e-05
2026-04-23 19:07:01,SOL,-1e-05
2026-04-23 19:07:01,AERO,-9.7e-05
2026-04-23 19:07:01,MET,1.1999999999999999e-05
2026-04-23 19:07:01,APEX,1.1999999999999999e-05
2026-04-23 19:07:01,SUI,8e-06
2026-04-23 19:07:01,PUMP,-5e-06
2026-04-23 19:07:01,BNB,1.1999999999999999e-05
2026-04-23 19:07:01,PROVE,-7.7e-05
2026-04-23 19:07:01,ZORA,1.1999999999999999e-05
2026-04-23 19:07:01,POL,1.1999999999999999e-05
2026-04-23 19:07:01,GRASS,1.1999999999999999e-05
2026-04-23 19:07:01,NEAR,1e-05
2026-04-23 19:07:01,JTO,2.9999999999999997e-06
2026-04-23 19:07:01,ZEC,7e-06
2026-04-23 19:07:01,AAVE,1.1999999999999999e-05
2026-04-23 19:07:01,GMX,-3.9e-05
2026-04-23 19:07:01,TRUMP,-5.1000000000000006e-05
2026-04-23 19:07:01,MNT,1.1999999999999999e-05
2026-04-23 19:07:01,AVNT,1.1999999999999999e-05
2026-04-23 19:07:01,DASH,1.1999999999999999e-05
2026-04-23 19:07:01,KAITO,1.1999999999999999e-05
2026-04-23 19:07:01,AVAX,1.1999999999999999e-05
2026-04-23 19:07:01,EIGEN,-2.8e-05
2026-04-23 19:07:01,ASTER,1.1000000000000001e-05
2026-04-23 19:07:01,LINEA,1e-05
2026-04-23 19:07:01,XMR,3.4e-05
2026-04-23 19:07:01,MORPHO,-6.7e-05
2026-04-23 19:07:01,FOGO,-4.2e-05
2026-04-23 19:07:01,UNI,1.1999999999999999e-05
2026-04-23 19:07:01,VIRTUAL,-2.8e-05
2026-04-23 19:07:01,S,-3.5000000000000004e-05
2026-04-23 19:07:01,ADA,2.9999999999999997e-06
2026-04-23 19:07:01,STRK,-2e-06
2026-04-23 20:07:00,AVNT,1.1999999999999999e-05
2026-04-23 20:07:00,LINEA,1.1999999999999999e-05
2026-04-23 20:07:00,JTO,-4.1e-05
2026-04-23 20:07:00,BERA,1.1999999999999999e-05
2026-04-23 20:07:00,TIA,-2.8999999999999997e-05
2026-04-23 20:07:00,AVAX,1.1999999999999999e-05
2026-04-23 20:07:00,VVV,0.000169
2026-04-23 20:07:00,SPX,1.1999999999999999e-05
2026-04-23 20:07:00,GMX,9e-06
2026-04-23 20:07:00,ZORA,1.1999999999999999e-05
2026-04-23 20:07:00,SEI,1.1999999999999999e-05
2026-04-23 20:07:00,XRP,1.1999999999999999e-05
2026-04-23 20:07:00,MON,-4.7000000000000004e-05
2026-04-23 20:07:00,ZK,1.1999999999999999e-05
2026-04-23 20:07:00,BCH,1.1999999999999999e-05
2026-04-23 20:07:00,ADA,1.1999999999999999e-05
2026-04-23 20:07:00,MET,1.1999999999999999e-05
2026-04-23 20:07:00,KAITO,1.1999999999999999e-05
2026-04-23 20:07:00,CC,1.1999999999999999e-05
2026-04-23 20:07:00,PAXG,-5.999999999999999e-06
2026-04-23 20:07:00,GRASS,1.1999999999999999e-05
2026-04-23 20:07:00,SKR,1.1999999999999999e-05
2026-04-23 20:07:00,HYPE,1.1999999999999999e-05
2026-04-23 20:07:00,0G,-1.9e-05
2026-04-23 20:07:00,MEGA,1.1999999999999999e-05
2026-04-23 20:07:00,SKY,1.1999999999999999e-05
2026-04-23 20:07:00,DASH,1.1999999999999999e-05
2026-04-23 20:07:00,APT,1.1999999999999999e-05
2026-04-23 20:07:00,YZY,4e-06
2026-04-23 20:07:00,LINK,0.0
2026-04-23 20:07:00,DOT,-2.3e-05
2026-04-23 20:07:00,CRV,1.1999999999999999e-05
2026-04-23 20:07:00,PROVE,-1.1999999999999999e-05
2026-04-23 20:07:00,ONDO,1.1999999999999999e-05
2026-04-23 20:07:00,LDO,1.1999999999999999e-05
2026-04-23 20:07:00,XMR,3.8e-05
2026-04-23 20:07:00,STBL,2.5e-05
2026-04-23 20:07:00,ZRO,1.1999999999999999e-05
2026-04-23 20:07:00,POPCAT,1.1999999999999999e-05
2026-04-23 20:07:00,AAVE,1.1999999999999999e-05
2026-04-23 20:07:00,PYTH,1.1999999999999999e-05
2026-04-23 20:07:00,PENDLE,1.1999999999999999e-05
2026-04-23 20:07:00,AZTEC,0.000212
2026-04-23 20:07:00,EIGEN,-7e-06
2026-04-23 20:07:00,WLD,-0.000119
2026-04-23 20:07:00,LTC,1.1999999999999999e-05
2026-04-23 20:07:00,2Z,-3.9e-05
2026-04-23 20:07:00,CHIP,-0.000361
2026-04-23 20:07:00,TRX,8e-06
2026-04-23 20:07:00,PUMP,1.1999999999999999e-05
2026-04-23 20:07:00,SOL,-1.1999999999999999e-05
2026-04-23 20:07:00,DYDX,1.1999999999999999e-05
2026-04-23 20:07:00,ARB,1.1999999999999999e-05
2026-04-23 20:07:00,ZEC,1.1999999999999999e-05
2026-04-23 20:07:00,XLM,1.1999999999999999e-05
2026-04-23 20:07:00,APEX,1.1999999999999999e-05
2026-04-23 20:07:00,S,9e-06
2026-04-23 20:07:00,SYRUP,1.1999999999999999e-05
2026-04-23 20:07:00,WIF,-3.4e-05
2026-04-23 20:07:00,JUP,1.1000000000000001e-05
2026-04-23 20:07:00,TON,1e-05
2026-04-23 20:07:00,TRUMP,-7e-06
2026-04-23 20:07:00,FARTCOIN,1.1999999999999999e-05
2026-04-23 20:07:00,OP,1.1000000000000001e-05
2026-04-23 20:07:00,ASTER,1.1999999999999999e-05
2026-04-23 20:07:00,NEAR,1.1999999999999999e-05
2026-04-23 20:07:00,FIL,-4e-06
2026-04-23 20:07:00,MNT,1.1999999999999999e-05
2026-04-23 20:07:00,AERO,-5.4999999999999995e-05
2026-04-23 20:07:00,POL,1.1999999999999999e-05
2026-04-23 20:07:00,AXS,-5e-05
2026-04-23 20:07:00,HBAR,1.1999999999999999e-05
2026-04-23 20:07:00,RESOLV,-3.1e-05
2026-04-23 20:07:00,UNI,1.1999999999999999e-05
2026-04-23 20:07:00,XPL,1e-05
2026-04-23 20:07:00,BNB,1.1999999999999999e-05
2026-04-23 20:07:00,STABLE,-0.00013
2026-04-23 20:07:00,STRK,1.1999999999999999e-05
2026-04-23 20:07:00,WLFI,-4e-06
2026-04-23 20:07:00,TAO,2.9999999999999997e-06
2026-04-23 20:07:00,IP,-3.4e-05
2026-04-23 20:07:00,ENA,1.1999999999999999e-05
2026-04-23 20:07:00,SUI,1.1999999999999999e-05
2026-04-23 20:07:00,ICP,1e-05
2026-04-23 20:07:00,LIT,1.1999999999999999e-05
2026-04-23 20:07:00,DOGE,1.1999999999999999e-05
2026-04-23 20:07:00,BTC,-3e-05
2026-04-23 20:07:00,MORPHO,0.0
2026-04-23 20:07:00,PENGU,4e-06
2026-04-23 20:07:00,ETHFI,1.1999999999999999e-05
2026-04-23 20:07:00,VIRTUAL,9e-06
2026-04-23 20:07:00,ETH,-1.1999999999999999e-05
2026-04-23 20:07:00,FOGO,-2.1e-05
2026-04-23 21:07:01,ZK,1.1999999999999999e-05
2026-04-23 21:07:01,XLM,1.1999999999999999e-05
2026-04-23 21:07:01,ASTER,1.1999999999999999e-05
2026-04-23 21:07:01,HYPE,1.1999999999999999e-05
2026-04-23 21:07:01,DYDX,1.1999999999999999e-05
2026-04-23 21:07:01,S,1.1999999999999999e-05
2026-04-23 21:07:01,0G,-7.2e-05
2026-04-23 21:07:01,KAITO,1.1999999999999999e-05
2026-04-23 21:07:01,MORPHO,-3.8e-05
2026-04-23 21:07:01,PENGU,-9e-06
2026-04-23 21:07:01,WLD,-0.000103
2026-04-23 21:07:01,JTO,-2.3999999999999997e-05
2026-04-23 21:07:01,DASH,1.1999999999999999e-05
2026-04-23 21:07:01,POPCAT,1.1999999999999999e-05
2026-04-23 21:07:01,LDO,1.1999999999999999e-05
2026-04-23 21:07:01,LTC,1.1999999999999999e-05
2026-04-23 21:07:01,GRASS,1.1999999999999999e-05
2026-04-23 21:07:01,ICP,1.1999999999999999e-05
2026-04-23 21:07:01,VVV,0.000185
2026-04-23 21:07:01,NEAR,1.1999999999999999e-05
2026-04-23 21:07:01,AVNT,1.1999999999999999e-05
2026-04-23 21:07:01,TAO,1.1999999999999999e-05
2026-04-23 21:07:01,STBL,3e-05
2026-04-23 21:07:01,FOGO,-2.5e-05
2026-04-23 21:07:01,MNT,1.1999999999999999e-05
2026-04-23 21:07:01,WLFI,1.1999999999999999e-05
2026-04-23 21:07:01,XPL,-9e-06
2026-04-23 21:07:01,ZEC,1.1999999999999999e-05
2026-04-23 21:07:01,APT,1.1999999999999999e-05
2026-04-23 21:07:01,ETHFI,1.1999999999999999e-05
2026-04-23 21:07:01,OP,1.1999999999999999e-05
2026-04-23 21:07:01,ENA,1.1999999999999999e-05
2026-04-23 21:07:01,SOL,-1.8e-05
2026-04-23 21:07:01,VIRTUAL,1.1999999999999999e-05
2026-04-23 21:07:01,TIA,-5e-06
2026-04-23 21:07:01,CHIP,-0.000456
2026-04-23 21:07:01,SYRUP,1.1999999999999999e-05
2026-04-23 21:07:01,DOT,-5.4000000000000005e-05
2026-04-23 21:07:01,LINK,1.1000000000000001e-05
2026-04-23 21:07:01,STABLE,-0.00033099999999999997
2026-04-23 21:07:01,2Z,-6.1000000000000005e-05
2026-04-23 21:07:01,AERO,5.999999999999999e-06
2026-04-23 21:07:01,AVAX,1.1999999999999999e-05
2026-04-23 21:07:01,STRK,8e-06
2026-04-23 21:07:01,CC,1.1999999999999999e-05
2026-04-23 21:07:01,ZRO,1.1999999999999999e-05
2026-04-23 21:07:01,WIF,-2e-05
2026-04-23 21:07:01,ADA,1.1999999999999999e-05
2026-04-23 21:07:01,LINEA,-1.1000000000000001e-05
2026-04-23 21:07:01,MET,1.1999999999999999e-05
2026-04-23 21:07:01,PROVE,-2.5e-05
2026-04-23 21:07:01,GMX,-3.5000000000000004e-05
2026-04-23 21:07:01,POL,1.1999999999999999e-05
2026-04-23 21:07:01,AAVE,1.1999999999999999e-05
2026-04-23 21:07:01,MEGA,1.1999999999999999e-05
2026-04-23 21:07:01,SPX,1.1999999999999999e-05
2026-04-23 21:07:01,FARTCOIN,1.1999999999999999e-05
2026-04-23 21:07:01,TRX,-2.9999999999999997e-06
2026-04-23 21:07:01,XRP,1.1999999999999999e-05
2026-04-23 21:07:01,PUMP,1.1999999999999999e-05
2026-04-23 21:07:01,FIL,-2.1e-05
2026-04-23 21:07:01,HBAR,1.1999999999999999e-05
2026-04-23 21:07:01,AZTEC,0.00020400000000000003
2026-04-23 21:07:01,SKR,1.1999999999999999e-05
2026-04-23 21:07:01,DOGE,1.1999999999999999e-05
2026-04-23 21:07:01,ARB,1.1999999999999999e-05
2026-04-23 21:07:01,BTC,-3e-05
2026-04-23 21:07:01,PAXG,-7e-06
2026-04-23 21:07:01,EIGEN,-5e-06
2026-04-23 21:07:01,LIT,4.7999999999999994e-05
2026-04-23 21:07:01,PENDLE,1.1999999999999999e-05
2026-04-23 21:07:01,AXS,-5.6e-05
2026-04-23 21:07:01,BCH,1.1999999999999999e-05
2026-04-23 21:07:01,TON,1.1999999999999999e-05
2026-04-23 21:07:01,UNI,1.1999999999999999e-05
2026-04-23 21:07:01,RESOLV,-1.1000000000000001e-05
2026-04-23 21:07:01,PYTH,-2.9999999999999997e-06
2026-04-23 21:07:01,ETH,-1.4e-05
2026-04-23 21:07:01,CRV,1.1999999999999999e-05
2026-04-23 21:07:01,ZORA,1.1999999999999999e-05
2026-04-23 21:07:01,JUP,1.1999999999999999e-05
2026-04-23 21:07:01,MON,-6.3e-05
2026-04-23 21:07:01,BERA,1.1999999999999999e-05
2026-04-23 21:07:01,APEX,1.1999999999999999e-05
2026-04-23 21:07:01,SUI,1.1999999999999999e-05
2026-04-23 21:07:01,SEI,1.1999999999999999e-05
2026-04-23 21:07:01,TRUMP,-3e-05
2026-04-23 21:07:01,SKY,1.1999999999999999e-05
2026-04-23 21:07:01,BNB,1.1999999999999999e-05
2026-04-23 21:07:01,YZY,4.9e-05
2026-04-23 21:07:01,XMR,3.5000000000000004e-05
2026-04-23 21:07:01,IP,-3.9e-05
2026-04-23 21:07:01,ONDO,2.9999999999999997e-06
2026-04-23 22:07:00,LIT,1.3e-05
2026-04-23 22:07:00,SOL,-4e-06
2026-04-23 22:07:00,TAO,1.1999999999999999e-05
2026-04-23 22:07:00,POL,1.1999999999999999e-05
2026-04-23 22:07:00,BERA,1.1999999999999999e-05
2026-04-23 22:07:00,CC,1.1999999999999999e-05
2026-04-23 22:07:00,JTO,-3.4e-05
2026-04-23 22:07:00,EIGEN,-1.9e-05
2026-04-23 22:07:00,PENDLE,1.1999999999999999e-05
2026-04-23 22:07:00,PUMP,1.1999999999999999e-05
2026-04-23 22:07:00,CHIP,-7.6e-05
2026-04-23 22:07:00,POPCAT,1.1999999999999999e-05
2026-04-23 22:07:00,XLM,1.1999999999999999e-05
2026-04-23 22:07:00,IP,-2.1e-05
2026-04-23 22:07:00,2Z,-3.4e-05
2026-04-23 22:07:00,ZK,1.1999999999999999e-05
2026-04-23 22:07:00,ETH,-1.1999999999999999e-05
2026-04-23 22:07:00,DOT,-7.1e-05
2026-04-23 22:07:00,AVAX,1.1999999999999999e-05
2026-04-23 22:07:00,STRK,1.1999999999999999e-05
2026-04-23 22:07:00,PAXG,-2.3999999999999997e-05
2026-04-23 22:07:00,BTC,-1.3e-05
2026-04-23 22:07:00,BNB,1.1999999999999999e-05
2026-04-23 22:07:00,ARB,1.1999999999999999e-05
2026-04-23 22:07:00,HBAR,1.1999999999999999e-05
2026-04-23 22:07:00,ASTER,1.1999999999999999e-05
2026-04-23 22:07:00,TRUMP,5.999999999999999e-06
2026-04-23 22:07:00,STBL,0.000142
2026-04-23 22:07:00,LINK,1.1999999999999999e-05
2026-04-23 22:07:00,SKY,1.1999999999999999e-05
2026-04-23 22:07:00,0G,-2e-06
2026-04-23 22:07:00,MON,-7.000000000000001e-05
2026-04-23 22:07:00,UNI,1.1999999999999999e-05
2026-04-23 22:07:00,SUI,5.999999999999999e-06
2026-04-23 22:07:00,ZORA,1.1999999999999999e-05
2026-04-23 22:07:00,SKR,4e-05
2026-04-23 22:07:00,WLD,-8.9e-05
2026-04-23 22:07:00,OP,1.1999999999999999e-05
2026-04-23 22:07:00,ICP,1.1999999999999999e-05
2026-04-23 22:07:00,SYRUP,1.1999999999999999e-05
2026-04-23 22:07:00,APT,1.1999999999999999e-05
2026-04-23 22:07:00,VVV,0.000205
2026-04-23 22:07:00,AERO,-2e-06
2026-04-23 22:07:00,MEGA,1.1999999999999999e-05
2026-04-23 22:07:00,LDO,1.1999999999999999e-05
2026-04-23 22:07:00,MET,1.1999999999999999e-05
2026-04-23 22:07:00,ADA,1.1999999999999999e-05
2026-04-23 22:07:00,AZTEC,2.6e-05
2026-04-23 22:07:00,MORPHO,-3.5000000000000004e-05
2026-04-23 22:07:00,AVNT,1.1999999999999999e-05
2026-04-23 22:07:00,HYPE,1.1999999999999999e-05
2026-04-23 22:07:00,ZRO,1.1999999999999999e-05
2026-04-23 22:07:00,BCH,1.1999999999999999e-05
2026-04-23 22:07:00,PENGU,-8e-06
2026-04-23 22:07:00,TON,1.1999999999999999e-05
2026-04-23 22:07:00,ONDO,8e-06
2026-04-23 22:07:00,XPL,0.0
2026-04-23 22:07:00,XRP,1.1999999999999999e-05
2026-04-23 22:07:00,ENA,1.1999999999999999e-05
2026-04-23 22:07:00,MNT,1.1999999999999999e-05
2026-04-23 22:07:00,SPX,1.1999999999999999e-05
2026-04-23 22:07:00,ETHFI,1.1999999999999999e-05
2026-04-23 22:07:00,FOGO,7e-06
2026-04-23 22:07:00,ZEC,1.1000000000000001e-05
2026-04-23 22:07:00,AAVE,1.1999999999999999e-05
2026-04-23 22:07:00,TIA,-8e-06
2026-04-23 22:07:00,PYTH,-8.4e-05
2026-04-23 22:07:00,AXS,1e-05
2026-04-23 22:07:00,DOGE,1.1999999999999999e-05
2026-04-23 22:07:00,WIF,-4e-06
2026-04-23 22:07:00,TRX,-1.1000000000000001e-05
2026-04-23 22:07:00,LTC,1.1999999999999999e-05
2026-04-23 22:07:00,LINEA,-1e-05
2026-04-23 22:07:00,FIL,-4.1e-05
2026-04-23 22:07:00,JUP,1.1999999999999999e-05
2026-04-23 22:07:00,CRV,1.1999999999999999e-05
2026-04-23 22:07:00,S,1.1999999999999999e-05
2026-04-23 22:07:00,KAITO,1.1999999999999999e-05
2026-04-23 22:07:00,YZY,5.999999999999999e-06
2026-04-23 22:07:00,DYDX,1.1999999999999999e-05
2026-04-23 22:07:00,PROVE,-6.1000000000000005e-05
2026-04-23 22:07:00,SEI,1.1999999999999999e-05
2026-04-23 22:07:00,GRASS,1.1999999999999999e-05
2026-04-23 22:07:00,WLFI,1.1999999999999999e-05
2026-04-23 22:07:00,RESOLV,-5.999999999999999e-06
2026-04-23 22:07:00,DASH,1.1999999999999999e-05
2026-04-23 22:07:00,XMR,0.000101
2026-04-23 22:07:00,STABLE,-0.000302
2026-04-23 22:07:00,FARTCOIN,1.1999999999999999e-05
2026-04-23 22:07:00,VIRTUAL,1.1999999999999999e-05
2026-04-23 22:07:00,NEAR,1.1999999999999999e-05
2026-04-23 22:07:00,GMX,0.0
2026-04-23 22:07:00,APEX,1.1999999999999999e-05
2026-04-23 23:07:00,WLD,-0.000128
2026-04-23 23:07:00,SYRUP,1.1999999999999999e-05
2026-04-23 23:07:00,PROVE,-8.4e-05
2026-04-23 23:07:00,VVV,3.6e-05
2026-04-23 23:07:00,ZORA,1.1999999999999999e-05
2026-04-23 23:07:00,PYTH,0.0
2026-04-23 23:07:00,AAVE,1.1999999999999999e-05
2026-04-23 23:07:00,SPX,1.1999999999999999e-05
2026-04-23 23:07:00,GMX,-1.6e-05
2026-04-23 23:07:00,KAITO,1.1999999999999999e-05
2026-04-23 23:07:00,AXS,-5e-06
2026-04-23 23:07:00,MORPHO,-1.3e-05
2026-04-23 23:07:00,STRK,-1.4e-05
2026-04-23 23:07:00,CC,1.1999999999999999e-05
2026-04-23 23:07:00,CHIP,3.7000000000000005e-05
2026-04-23 23:07:00,JUP,-1.1000000000000001e-05
2026-04-23 23:07:00,SEI,5e-06
2026-04-23 23:07:00,MON,-1.1999999999999999e-05
2026-04-23 23:07:00,OP,7e-06
2026-04-23 23:07:00,WLFI,1.1999999999999999e-05
2026-04-23 23:07:00,ICP,-4.6e-05
2026-04-23 23:07:00,XPL,-2.3999999999999997e-05
2026-04-23 23:07:00,IP,-6.1000000000000005e-05
2026-04-23 23:07:00,SOL,1e-06
2026-04-23 23:07:00,S,2e-06
2026-04-23 23:07:00,2Z,-7.1e-05
2026-04-23 23:07:00,EIGEN,-4e-06
2026-04-23 23:07:00,RESOLV,-3.3e-05
2026-04-23 23:07:00,MET,1.1999999999999999e-05
2026-04-23 23:07:00,BNB,1.1999999999999999e-05
2026-04-23 23:07:00,PENGU,-9e-06
2026-04-23 23:07:00,LIT,5.9e-05
2026-04-23 23:07:00,TRX,-7e-06
2026-04-23 23:07:00,XMR,5.6e-05
2026-04-23 23:07:00,ZEC,1.1999999999999999e-05
2026-04-23 23:07:00,TAO,1.1999999999999999e-05
2026-04-23 23:07:00,VIRTUAL,1.1999999999999999e-05
2026-04-23 23:07:00,AZTEC,1.1999999999999999e-05
2026-04-23 23:07:00,ENA,2.9999999999999997e-06
2026-04-23 23:07:00,LINEA,-2.1e-05
2026-04-23 23:07:00,FOGO,-2.5e-05
2026-04-23 23:07:00,HBAR,1.1999999999999999e-05
2026-04-23 23:07:00,BERA,1.1999999999999999e-05
2026-04-23 23:07:00,ASTER,1.1999999999999999e-05
2026-04-23 23:07:00,ONDO,0.0
2026-04-23 23:07:00,CRV,1.1000000000000001e-05
2026-04-23 23:07:00,APT,-1e-06
2026-04-23 23:07:00,ZK,1.1999999999999999e-05
2026-04-23 23:07:00,BCH,1e-05
2026-04-23 23:07:00,FIL,-5e-06
2026-04-23 23:07:00,AVAX,1.1999999999999999e-05
2026-04-23 23:07:00,AERO,-4e-05
2026-04-23 23:07:00,FARTCOIN,1.1999999999999999e-05
2026-04-23 23:07:00,APEX,1.1999999999999999e-05
2026-04-23 23:07:00,JTO,-2.3e-05
2026-04-23 23:07:00,DYDX,-3.1e-05
2026-04-23 23:07:00,TIA,-3.5000000000000004e-05
2026-04-23 23:07:00,SKY,1.1999999999999999e-05
2026-04-23 23:07:00,PAXG,-3.8e-05
2026-04-23 23:07:00,GRASS,1.1999999999999999e-05
2026-04-23 23:07:00,YZY,2.3e-05
2026-04-23 23:07:00,TRUMP,-1.8e-05
2026-04-23 23:07:00,STBL,3.1e-05
2026-04-23 23:07:00,WIF,-3.1e-05
2026-04-23 23:07:00,UNI,1.1999999999999999e-05
2026-04-23 23:07:00,XRP,1.1999999999999999e-05
2026-04-23 23:07:00,POPCAT,1.1999999999999999e-05
2026-04-23 23:07:00,AVNT,1.1999999999999999e-05
2026-04-23 23:07:00,XLM,1.1999999999999999e-05
2026-04-23 23:07:00,HYPE,1.1999999999999999e-05
2026-04-23 23:07:00,PUMP,4e-06
2026-04-23 23:07:00,MNT,1.1999999999999999e-05
2026-04-23 23:07:00,BTC,-2e-06
2026-04-23 23:07:00,DASH,1.1999999999999999e-05
2026-04-23 23:07:00,SUI,-1e-05
2026-04-23 23:07:00,ETH,-4e-06
2026-04-23 23:07:00,LDO,1.1999999999999999e-05
2026-04-23 23:07:00,SKR,1.1999999999999999e-05
2026-04-23 23:07:00,POL,1.1999999999999999e-05
2026-04-23 23:07:00,TON,1.1999999999999999e-05
2026-04-23 23:07:00,PENDLE,1.1999999999999999e-05
2026-04-23 23:07:00,STABLE,-0.00013
2026-04-23 23:07:00,ETHFI,1.1999999999999999e-05
2026-04-23 23:07:00,LTC,1.1999999999999999e-05
2026-04-23 23:07:00,MEGA,1.1999999999999999e-05
2026-04-23 23:07:00,DOT,-9.2e-05
2026-04-23 23:07:00,ADA,1.1999999999999999e-05
2026-04-23 23:07:00,0G,5e-06
2026-04-23 23:07:00,ZRO,1.1999999999999999e-05
2026-04-23 23:07:00,DOGE,1.1999999999999999e-05
2026-04-23 23:07:00,ARB,1.1999999999999999e-05
2026-04-23 23:07:00,NEAR,1.1999999999999999e-05
2026-04-23 23:07:00,LINK,1.1999999999999999e-05
2026-04-24 00:07:00,TRX,-2.2000000000000003e-05
2026-04-24 00:07:00,LINEA,2.9999999999999997e-06
2026-04-24 00:07:00,SKR,1.1999999999999999e-05
2026-04-24 00:07:00,ARB,9e-06
2026-04-24 00:07:00,TAO,1.1999999999999999e-05
2026-04-24 00:07:00,POPCAT,1.1999999999999999e-05
2026-04-24 00:07:00,RESOLV,-3.9e-05
2026-04-24 00:07:00,PENDLE,1.1999999999999999e-05
2026-04-24 00:07:00,MNT,1.1999999999999999e-05
2026-04-24 00:07:00,BCH,1.1999999999999999e-05
2026-04-24 00:07:00,XRP,1e-05
2026-04-24 00:07:00,MORPHO,-4.7999999999999994e-05
2026-04-24 00:07:00,MON,-2.8999999999999997e-05
2026-04-24 00:07:00,CC,1.1999999999999999e-05
2026-04-24 00:07:00,APEX,1.1999999999999999e-05
2026-04-24 00:07:00,POL,1.1999999999999999e-05
2026-04-24 00:07:00,XPL,-2.2000000000000003e-05
2026-04-24 00:07:00,PENGU,-2.8e-05
2026-04-24 00:07:00,ZORA,1.1999999999999999e-05
2026-04-24 00:07:00,ENA,1.1999999999999999e-05
2026-04-24 00:07:00,ICP,-4.9e-05
2026-04-24 00:07:00,LINK,1.1999999999999999e-05
2026-04-24 00:07:00,AAVE,1.1999999999999999e-05
2026-04-24 00:07:00,LTC,1.1999999999999999e-05
2026-04-24 00:07:00,FARTCOIN,1.1999999999999999e-05
2026-04-24 00:07:00,CRV,0.0
2026-04-24 00:07:00,WIF,-1e-06
2026-04-24 00:07:00,WLFI,0.0
2026-04-24 00:07:00,TRUMP,-2.9999999999999997e-06
2026-04-24 00:07:00,S,1.1000000000000001e-05
2026-04-24 00:07:00,HYPE,1.1999999999999999e-05
2026-04-24 00:07:00,APT,-1.1999999999999999e-05
2026-04-24 00:07:00,HBAR,1.1999999999999999e-05
2026-04-24 00:07:00,PROVE,5.999999999999999e-06
2026-04-24 00:07:00,2Z,-4.9e-05
2026-04-24 00:07:00,SYRUP,1.1999999999999999e-05
2026-04-24 00:07:00,STRK,-2.9999999999999997e-06
2026-04-24 00:07:00,JTO,9e-06
2026-04-24 00:07:00,FOGO,-1e-06
2026-04-24 00:07:00,MEGA,1.1999999999999999e-05
2026-04-24 00:07:00,JUP,1e-05
2026-04-24 00:07:00,BERA,1.1999999999999999e-05
2026-04-24 00:07:00,XMR,1.4e-05
2026-04-24 00:07:00,IP,-0.000111
2026-04-24 00:07:00,SUI,1.1000000000000001e-05
2026-04-24 00:07:00,KAITO,-1e-06
2026-04-24 00:07:00,VVV,0.00014000000000000001
2026-04-24 00:07:00,ZEC,-1e-06
2026-04-24 00:07:00,STBL,0.000149
2026-04-24 00:07:00,AVAX,1.1999999999999999e-05
2026-04-24 00:07:00,PYTH,1.1000000000000001e-05
2026-04-24 00:07:00,AZTEC,1.9e-05
2026-04-24 00:07:00,BTC,-1.4e-05
2026-04-24 00:07:00,LDO,1.1999999999999999e-05
2026-04-24 00:07:00,ADA,1.1999999999999999e-05
2026-04-24 00:07:00,BNB,1.1999999999999999e-05
2026-04-24 00:07:00,SKY,1.1999999999999999e-05
2026-04-24 00:07:00,PAXG,-2.5e-05
2026-04-24 00:07:00,VIRTUAL,1.1999999999999999e-05
2026-04-24 00:07:00,GRASS,1.1999999999999999e-05
2026-04-24 00:07:00,YZY,0.000375
2026-04-24 00:07:00,DASH,1.1999999999999999e-05
2026-04-24 00:07:00,CHIP,1.1999999999999999e-05
2026-04-24 00:07:00,NEAR,1.1999999999999999e-05
2026-04-24 00:07:00,OP,1.1999999999999999e-05
2026-04-24 00:07:00,AVNT,1.1999999999999999e-05
2026-04-24 00:07:00,SEI,1.1999999999999999e-05
2026-04-24 00:07:00,SOL,-7e-06
2026-04-24 00:07:00,AXS,2e-06
2026-04-24 00:07:00,WLD,-0.0001
2026-04-24 00:07:00,STABLE,-0.002617
2026-04-24 00:07:00,EIGEN,2.9999999999999997e-06
2026-04-24 00:07:00,0G,9e-06
2026-04-24 00:07:00,UNI,1.1999999999999999e-05
2026-04-24 00:07:00,ONDO,1.1999999999999999e-05
2026-04-24 00:07:00,AERO,8e-06
2026-04-24 00:07:00,LIT,4.4000000000000006e-05
2026-04-24 00:07:00,DOT,-6.3e-05
2026-04-24 00:07:00,ZRO,1.1999999999999999e-05
2026-04-24 00:07:00,SPX,1.1999999999999999e-05
2026-04-24 00:07:00,ETH,-9e-06
2026-04-24 00:07:00,DYDX,8e-06
2026-04-24 00:07:00,DOGE,1.1999999999999999e-05
2026-04-24 00:07:00,FIL,-5e-05
2026-04-24 00:07:00,ASTER,1.1999999999999999e-05
2026-04-24 00:07:00,ZK,1.1999999999999999e-05
2026-04-24 00:07:00,TIA,-2.1e-05
2026-04-24 00:07:00,PUMP,1.1999999999999999e-05
2026-04-24 00:07:00,TON,1.1999999999999999e-05
2026-04-24 00:07:00,ETHFI,1.1999999999999999e-05
2026-04-24 00:07:00,XLM,1.1999999999999999e-05
2026-04-24 00:07:00,GMX,1.1999999999999999e-05
2026-04-24 00:07:00,MET,1.1999999999999999e-05
2026-04-24 01:07:01,APEX,1.1999999999999999e-05
2026-04-24 01:07:01,MON,-2.3e-05
2026-04-24 01:07:01,ETHFI,1.1999999999999999e-05
2026-04-24 01:07:01,SKR,8.999999999999999e-05
2026-04-24 01:07:01,0G,1.1999999999999999e-05
2026-04-24 01:07:01,ETH,-2e-06
2026-04-24 01:07:01,LINK,1.1999999999999999e-05
2026-04-24 01:07:01,ENA,1.1999999999999999e-05
2026-04-24 01:07:01,DOGE,1.1999999999999999e-05
2026-04-24 01:07:01,STRK,1.1999999999999999e-05
2026-04-24 01:07:01,HYPE,1.1999999999999999e-05
2026-04-24 01:07:01,CRV,1.1999999999999999e-05
2026-04-24 01:07:01,XMR,1.1999999999999999e-05
2026-04-24 01:07:01,EIGEN,1.1999999999999999e-05
2026-04-24 01:07:01,AZTEC,1.8e-05
2026-04-24 01:07:01,GMX,-4.4999999999999996e-05
2026-04-24 01:07:01,BERA,1.1999999999999999e-05
2026-04-24 01:07:01,CC,1.1999999999999999e-05
2026-04-24 01:07:01,ONDO,1.1999999999999999e-05
2026-04-24 01:07:01,XLM,1.1999999999999999e-05
2026-04-24 01:07:01,IP,-7e-06
2026-04-24 01:07:01,ARB,1.1999999999999999e-05
2026-04-24 01:07:01,POL,1.1999999999999999e-05
2026-04-24 01:07:01,WIF,1.1000000000000001e-05
2026-04-24 01:07:01,STBL,1.6e-05
2026-04-24 01:07:01,LDO,1.1999999999999999e-05
2026-04-24 01:07:01,RESOLV,-9.900000000000001e-05
2026-04-24 01:07:01,YZY,8.3e-05
2026-04-24 01:07:01,MET,1.1999999999999999e-05
2026-04-24 01:07:01,PROVE,-5.4999999999999995e-05
2026-04-24 01:07:01,LTC,1.1999999999999999e-05
2026-04-24 01:07:01,BTC,-2e-06
2026-04-24 01:07:01,LIT,8.6e-05
2026-04-24 01:07:01,UNI,1.1999999999999999e-05
2026-04-24 01:07:01,ADA,1.1999999999999999e-05
2026-04-24 01:07:01,MEGA,1.1999999999999999e-05
2026-04-24 01:07:01,PYTH,-5e-06
2026-04-24 01:07:01,PAXG,-7e-06
2026-04-24 01:07:01,BNB,1.1999999999999999e-05
2026-04-24 01:07:01,TAO,1.1999999999999999e-05
2026-04-24 01:07:01,ASTER,1.1999999999999999e-05
2026-04-24 01:07:01,NEAR,-1.7e-05
2026-04-24 01:07:01,JTO,4e-06
2026-04-24 01:07:01,SOL,2.9999999999999997e-06
2026-04-24 01:07:01,AAVE,1.1999999999999999e-05
2026-04-24 01:07:01,KAITO,1.1999999999999999e-05
2026-04-24 01:07:01,PENDLE,1.1999999999999999e-05
2026-04-24 01:07:01,MORPHO,-5.9e-05
2026-04-24 01:07:01,SYRUP,1.1999999999999999e-05
2026-04-24 01:07:01,STABLE,-0.00319
2026-04-24 01:07:01,POPCAT,1.1999999999999999e-05
2026-04-24 01:07:01,CHIP,1.1999999999999999e-05
2026-04-24 01:07:01,TRX,-2.3e-05
2026-04-24 01:07:01,S,1.1999999999999999e-05
2026-04-24 01:07:01,ZEC,1.1999999999999999e-05
2026-04-24 01:07:01,LINEA,9e-06
2026-04-24 01:07:01,OP,1.1999999999999999e-05
2026-04-24 01:07:01,TRUMP,-4e-06
2026-04-24 01:07:01,VVV,0.000151
2026-04-24 01:07:01,ZK,1.1999999999999999e-05
2026-04-24 01:07:01,SPX,1.1999999999999999e-05
2026-04-24 01:07:01,PUMP,1.1999999999999999e-05
2026-04-24 01:07:01,BCH,1.1999999999999999e-05
2026-04-24 01:07:01,WLD,-6.4e-05
2026-04-24 01:07:01,WLFI,1.1000000000000001e-05
2026-04-24 01:07:01,SEI,1.1999999999999999e-05
2026-04-24 01:07:01,AERO,-1e-05
2026-04-24 01:07:01,PENGU,1.1000000000000001e-05
2026-04-24 01:07:01,DYDX,1.1999999999999999e-05
2026-04-24 01:07:01,XPL,9e-06
2026-04-24 01:07:01,ICP,0.0
2026-04-24 01:07:01,APT,-2.2000000000000003e-05
2026-04-24 01:07:01,DASH,1.1999999999999999e-05
2026-04-24 01:07:01,TIA,1.1999999999999999e-05
2026-04-24 01:07:01,AVNT,1.1999999999999999e-05
2026-04-24 01:07:01,ZRO,1.1999999999999999e-05
2026-04-24 01:07:01,DOT,-4.7000000000000004e-05
2026-04-24 01:07:01,SUI,1.1999999999999999e-05
2026-04-24 01:07:01,FOGO,8e-06
2026-04-24 01:07:01,ZORA,1.1999999999999999e-05
2026-04-24 01:07:01,HBAR,1.1999999999999999e-05
2026-04-24 01:07:01,MNT,1.1999999999999999e-05
2026-04-24 01:07:01,FIL,-8e-06
2026-04-24 01:07:01,AVAX,1.1999999999999999e-05
2026-04-24 01:07:01,2Z,-2.6e-05
2026-04-24 01:07:01,SKY,1.1999999999999999e-05
2026-04-24 01:07:01,TON,1.1999999999999999e-05
2026-04-24 01:07:01,GRASS,1.1999999999999999e-05
2026-04-24 01:07:01,XRP,1.1999999999999999e-05
2026-04-24 01:07:01,FARTCOIN,1.1999999999999999e-05
2026-04-24 01:07:01,AXS,-2e-05
2026-04-24 01:07:01,JUP,1.1999999999999999e-05
2026-04-24 01:07:01,VIRTUAL,1.1999999999999999e-05
2026-04-24 02:07:00,HBAR,1.1999999999999999e-05
2026-04-24 02:07:00,XRP,1.1999999999999999e-05
2026-04-24 02:07:00,LTC,1.1999999999999999e-05
2026-04-24 02:07:00,DOT,-3e-05
2026-04-24 02:07:00,2Z,-4.7999999999999994e-05
2026-04-24 02:07:00,YZY,-0.000779
2026-04-24 02:07:00,AXS,-2.8e-05
2026-04-24 02:07:00,TRX,-4.2e-05
2026-04-24 02:07:00,CC,1.1999999999999999e-05
2026-04-24 02:07:00,FIL,-1e-06
2026-04-24 02:07:00,ASTER,1.1999999999999999e-05
2026-04-24 02:07:00,KAITO,1.1999999999999999e-05
2026-04-24 02:07:00,HYPE,1.1999999999999999e-05
2026-04-24 02:07:00,ETH,-8e-06
2026-04-24 02:07:00,GMX,-7.1e-05
2026-04-24 02:07:00,AZTEC,1.1999999999999999e-05
2026-04-24 02:07:00,APEX,1.1999999999999999e-05
2026-04-24 02:07:00,TON,-5e-06
2026-04-24 02:07:00,STABLE,-0.002938
2026-04-24 02:07:00,SEI,1.1999999999999999e-05
2026-04-24 02:07:00,MEGA,1.1999999999999999e-05
2026-04-24 02:07:00,SOL,-4e-06
2026-04-24 02:07:00,RESOLV,-5.2e-05
2026-04-24 02:07:00,ADA,1.1999999999999999e-05
2026-04-24 02:07:00,ZEC,1.1999999999999999e-05
2026-04-24 02:07:00,TIA,1.1999999999999999e-05
2026-04-24 02:07:00,STRK,-2e-06
2026-04-24 02:07:00,STBL,1.1999999999999999e-05
2026-04-24 02:07:00,IP,-8.800000000000001e-05
2026-04-24 02:07:00,ZRO,1.1999999999999999e-05
2026-04-24 02:07:00,FOGO,1.1999999999999999e-05
2026-04-24 02:07:00,POPCAT,1.1999999999999999e-05
2026-04-24 02:07:00,ONDO,1.1999999999999999e-05
2026-04-24 02:07:00,LINEA,0.0
2026-04-24 02:07:00,MORPHO,-8.6e-05
2026-04-24 02:07:00,DOGE,1.1999999999999999e-05
2026-04-24 02:07:00,NEAR,-2e-05
2026-04-24 02:07:00,BCH,1.1999999999999999e-05
2026-04-24 02:07:00,MON,-2.5e-05
2026-04-24 02:07:00,WIF,-1e-06
2026-04-24 02:07:00,SYRUP,1.1999999999999999e-05
2026-04-24 02:07:00,PYTH,-2.3e-05
2026-04-24 02:07:00,0G,-5.999999999999999e-06
2026-04-24 02:07:00,TRUMP,5.999999999999999e-06
2026-04-24 02:07:00,SKY,1.1999999999999999e-05
2026-04-24 02:07:00,PENGU,1.1999999999999999e-05
2026-04-24 02:07:00,UNI,1.1999999999999999e-05
2026-04-24 02:07:00,ETHFI,1.1999999999999999e-05
2026-04-24 02:07:00,DASH,1.1999999999999999e-05
2026-04-24 02:07:00,AVAX,1.1999999999999999e-05
2026-04-24 02:07:00,SKR,5.7e-05
2026-04-24 02:07:00,AERO,1e-06
2026-04-24 02:07:00,PAXG,-2e-05
2026-04-24 02:07:00,OP,1.1999999999999999e-05
2026-04-24 02:07:00,MNT,1.1999999999999999e-05
2026-04-24 02:07:00,BERA,1.1999999999999999e-05
2026-04-24 02:07:00,ZORA,1.1999999999999999e-05
2026-04-24 02:07:00,CRV,-1.1000000000000001e-05
2026-04-24 02:07:00,AVNT,-1.8e-05
2026-04-24 02:07:00,ARB,1.1999999999999999e-05
2026-04-24 02:07:00,VVV,0.000157
2026-04-24 02:07:00,ICP,-1.5e-05
2026-04-24 02:07:00,EIGEN,1.1999999999999999e-05
2026-04-24 02:07:00,FARTCOIN,1.1999999999999999e-05
2026-04-24 02:07:00,BNB,1.1999999999999999e-05
2026-04-24 02:07:00,APT,-3.3e-05
2026-04-24 02:07:00,ENA,2e-06
2026-04-24 02:07:00,DYDX,1.1999999999999999e-05
2026-04-24 02:07:00,XMR,1.1999999999999999e-05
2026-04-24 02:07:00,WLD,-4.1e-05
2026-04-24 02:07:00,TAO,1.1999999999999999e-05
2026-04-24 02:07:00,JUP,1.1999999999999999e-05
2026-04-24 02:07:00,LIT,8.5e-05
2026-04-24 02:07:00,BTC,5.999999999999999e-06
2026-04-24 02:07:00,PENDLE,1.1999999999999999e-05
2026-04-24 02:07:00,ZK,1.1999999999999999e-05
2026-04-24 02:07:00,LINK,1.1999999999999999e-05
2026-04-24 02:07:00,GRASS,1.1999999999999999e-05
2026-04-24 02:07:00,SUI,1.1999999999999999e-05
2026-04-24 02:07:00,POL,1.1999999999999999e-05
2026-04-24 02:07:00,XLM,1.1999999999999999e-05
2026-04-24 02:07:00,CHIP,-1.8e-05
2026-04-24 02:07:00,PUMP,1.1999999999999999e-05
2026-04-24 02:07:00,VIRTUAL,1.1999999999999999e-05
2026-04-24 02:07:00,WLFI,5.999999999999999e-06
2026-04-24 02:07:00,S,1e-05
2026-04-24 02:07:00,AAVE,1.1999999999999999e-05
2026-04-24 02:07:00,MET,1.1999999999999999e-05
2026-04-24 02:07:00,PROVE,-4e-05
2026-04-24 02:07:00,JTO,-2.5e-05
2026-04-24 02:07:00,XPL,1.1000000000000001e-05
2026-04-24 02:07:00,LDO,1.1999999999999999e-05
2026-04-24 02:07:00,SPX,1.1999999999999999e-05
2026-04-24 03:07:00,CRV,1.1000000000000001e-05
2026-04-24 03:07:00,STABLE,-0.002429
2026-04-24 03:07:00,MEGA,1.1999999999999999e-05
2026-04-24 03:07:00,TON,1.1000000000000001e-05
2026-04-24 03:07:00,WLD,-2.8999999999999997e-05
2026-04-24 03:07:00,LIT,2e-05
2026-04-24 03:07:00,POPCAT,1.1999999999999999e-05
2026-04-24 03:07:00,PROVE,-6.8e-05
2026-04-24 03:07:00,XRP,1e-05
2026-04-24 03:07:00,ASTER,1.1999999999999999e-05
2026-04-24 03:07:00,JUP,-3e-05
2026-04-24 03:07:00,IP,-2.2000000000000003e-05
2026-04-24 03:07:00,POL,1.1999999999999999e-05
2026-04-24 03:07:00,LTC,1.1999999999999999e-05
2026-04-24 03:07:00,MON,-5.2e-05
2026-04-24 03:07:00,TRX,-4.3e-05
2026-04-24 03:07:00,ZORA,1.1999999999999999e-05
2026-04-24 03:07:00,ENA,1.1999999999999999e-05
2026-04-24 03:07:00,AAVE,1.1999999999999999e-05
2026-04-24 03:07:00,WLFI,-2.2000000000000003e-05
2026-04-24 03:07:00,FOGO,0.0
2026-04-24 03:07:00,DOGE,1.1999999999999999e-05
2026-04-24 03:07:00,DASH,1.1999999999999999e-05
2026-04-24 03:07:00,SUI,1.1999999999999999e-05
2026-04-24 03:07:00,ICP,-2.7000000000000002e-05
2026-04-24 03:07:00,MET,1.1999999999999999e-05
2026-04-24 03:07:00,XPL,-1e-05
2026-04-24 03:07:00,APT,-1e-05
2026-04-24 03:07:00,VIRTUAL,1.1999999999999999e-05
2026-04-24 03:07:00,DYDX,1.1000000000000001e-05
2026-04-24 03:07:00,BERA,1.1999999999999999e-05
2026-04-24 03:07:00,FIL,-1.8e-05
2026-04-24 03:07:00,XMR,1.1999999999999999e-05
2026-04-24 03:07:00,SYRUP,1.1999999999999999e-05
2026-04-24 03:07:00,OP,1.1999999999999999e-05
2026-04-24 03:07:00,AVAX,1.1999999999999999e-05
2026-04-24 03:07:00,VVV,3.3e-05
2026-04-24 03:07:00,CHIP,-0.000107
2026-04-24 03:07:00,SOL,2e-06
2026-04-24 03:07:00,ARB,-5e-06
2026-04-24 03:07:00,2Z,-2.1e-05
2026-04-24 03:07:00,S,1.1999999999999999e-05
2026-04-24 03:07:00,BTC,-7e-06
2026-04-24 03:07:00,PENGU,-4.4999999999999996e-05
2026-04-24 03:07:00,GMX,5.999999999999999e-06
2026-04-24 03:07:00,AZTEC,1.1999999999999999e-05
2026-04-24 03:07:00,XLM,1.1999999999999999e-05
2026-04-24 03:07:00,YZY,-0.0011849999999999999
2026-04-24 03:07:00,LDO,1.1999999999999999e-05
2026-04-24 03:07:00,TIA,-5e-06
2026-04-24 03:07:00,ETH,-5e-06
2026-04-24 03:07:00,HBAR,1.1999999999999999e-05
2026-04-24 03:07:00,PYTH,-8e-06
2026-04-24 03:07:00,SKY,1.1999999999999999e-05
2026-04-24 03:07:00,SKR,1.5e-05
2026-04-24 03:07:00,TRUMP,-1.5e-05
2026-04-24 03:07:00,GRASS,1.1999999999999999e-05
2026-04-24 03:07:00,APEX,1.1999999999999999e-05
2026-04-24 03:07:00,PAXG,-4.2e-05
2026-04-24 03:07:00,PUMP,-4e-06
2026-04-24 03:07:00,STBL,1.5e-05
2026-04-24 03:07:00,MNT,1.1999999999999999e-05
2026-04-24 03:07:00,TAO,1.1999999999999999e-05
2026-04-24 03:07:00,KAITO,1.1999999999999999e-05
2026-04-24 03:07:00,NEAR,2e-06
2026-04-24 03:07:00,FARTCOIN,1.1999999999999999e-05
2026-04-24 03:07:00,LINK,1.1999999999999999e-05
2026-04-24 03:07:00,MORPHO,-0.00013299999999999998
2026-04-24 03:07:00,DOT,-2.5e-05
2026-04-24 03:07:00,AVNT,1.1000000000000001e-05
2026-04-24 03:07:00,AERO,-2.8e-05
2026-04-24 03:07:00,PENDLE,1.1999999999999999e-05
2026-04-24 03:07:00,WIF,-2e-06
2026-04-24 03:07:00,ZK,1.1999999999999999e-05
2026-04-24 03:07:00,UNI,9e-06
2026-04-24 03:07:00,0G,-3.3e-05
2026-04-24 03:07:00,ADA,1.1999999999999999e-05
2026-04-24 03:07:00,RESOLV,-0.000161
2026-04-24 03:07:00,JTO,-6.2e-05
2026-04-24 03:07:00,EIGEN,1e-06
2026-04-24 03:07:00,BCH,1.1999999999999999e-05
2026-04-24 03:07:00,ONDO,1.1999999999999999e-05
2026-04-24 03:07:00,HYPE,1.1999999999999999e-05
2026-04-24 03:07:00,STRK,1.1000000000000001e-05
2026-04-24 03:07:00,LINEA,-1.8e-05
2026-04-24 03:07:00,ETHFI,1.1999999999999999e-05
2026-04-24 03:07:00,AXS,4e-06
2026-04-24 03:07:00,ZRO,1.1999999999999999e-05
2026-04-24 03:07:00,CC,1.1999999999999999e-05
2026-04-24 03:07:00,ZEC,0.0
2026-04-24 03:07:00,BNB,1.1999999999999999e-05
2026-04-24 03:07:00,SPX,1.1999999999999999e-05
2026-04-24 03:07:00,SEI,1.1999999999999999e-05
2026-04-24 04:07:01,MEGA,1.1999999999999999e-05
2026-04-24 04:07:01,APT,4e-06
2026-04-24 04:07:01,TRUMP,-1.1999999999999999e-05
2026-04-24 04:07:01,SEI,1.1999999999999999e-05
2026-04-24 04:07:01,XLM,1.1999999999999999e-05
2026-04-24 04:07:01,VVV,7.3e-05
2026-04-24 04:07:01,DOT,1e-05
2026-04-24 04:07:01,WIF,1e-05
2026-04-24 04:07:01,LIT,1.1999999999999999e-05
2026-04-24 04:07:01,RESOLV,-5.7e-05
2026-04-24 04:07:01,LINK,1.1999999999999999e-05
2026-04-24 04:07:01,DASH,1.1999999999999999e-05
2026-04-24 04:07:01,LDO,1.1999999999999999e-05
2026-04-24 04:07:01,EIGEN,-2.3e-05
2026-04-24 04:07:01,PYTH,-1e-05
2026-04-24 04:07:01,XMR,1.1999999999999999e-05
2026-04-24 04:07:01,LINEA,-5e-06
2026-04-24 04:07:01,CC,1.1999999999999999e-05
2026-04-24 04:07:01,POL,1.1999999999999999e-05
2026-04-24 04:07:01,TRX,-4e-05
2026-04-24 04:07:01,ETH,-1e-05
2026-04-24 04:07:01,WLFI,-5e-06
2026-04-24 04:07:01,STABLE,-0.001371
2026-04-24 04:07:01,OP,9e-06
2026-04-24 04:07:01,ETHFI,2.9999999999999997e-06
2026-04-24 04:07:01,DYDX,1.1999999999999999e-05
2026-04-24 04:07:01,SKY,1.1999999999999999e-05
2026-04-24 04:07:01,AAVE,1.1999999999999999e-05
2026-04-24 04:07:01,ENA,1.1999999999999999e-05
2026-04-24 04:07:01,PENGU,-2e-05
2026-04-24 04:07:01,2Z,-1.3e-05
2026-04-24 04:07:01,BNB,1.1999999999999999e-05
2026-04-24 04:07:01,ZK,1.1999999999999999e-05
2026-04-24 04:07:01,AXS,-2.8999999999999997e-05
2026-04-24 04:07:01,PENDLE,1.1999999999999999e-05
2026-04-24 04:07:01,STBL,2e-05
2026-04-24 04:07:01,JUP,8e-06
2026-04-24 04:07:01,DOGE,1.1999999999999999e-05
2026-04-24 04:07:01,IP,-4.1e-05
2026-04-24 04:07:01,KAITO,-1.1000000000000001e-05
2026-04-24 04:07:01,HBAR,1.1999999999999999e-05
2026-04-24 04:07:01,SUI,1.1999999999999999e-05
2026-04-24 04:07:01,AZTEC,1.1999999999999999e-05
2026-04-24 04:07:01,JTO,-1.1999999999999999e-05
2026-04-24 04:07:01,0G,7e-06
2026-04-24 04:07:01,BTC,-1.8e-05
2026-04-24 04:07:01,CHIP,1e-05
2026-04-24 04:07:01,MON,-3.5000000000000004e-05
2026-04-24 04:07:01,AVAX,1.1999999999999999e-05
2026-04-24 04:07:01,TON,1.1999999999999999e-05
2026-04-24 04:07:01,STRK,1.1000000000000001e-05
2026-04-24 04:07:01,GMX,1.1999999999999999e-05
2026-04-24 04:07:01,ASTER,1.1999999999999999e-05
2026-04-24 04:07:01,BCH,1.1999999999999999e-05
2026-04-24 04:07:01,ADA,1.1999999999999999e-05
2026-04-24 04:07:01,LTC,1.1999999999999999e-05
2026-04-24 04:07:01,SYRUP,1.1999999999999999e-05
2026-04-24 04:07:01,UNI,-2e-06
2026-04-24 04:07:01,MET,1.1999999999999999e-05
2026-04-24 04:07:01,ZORA,1.1999999999999999e-05
2026-04-24 04:07:01,SPX,1.1999999999999999e-05
2026-04-24 04:07:01,XPL,-2.8999999999999997e-05
2026-04-24 04:07:01,SOL,2e-06
2026-04-24 04:07:01,BERA,1.1999999999999999e-05
2026-04-24 04:07:01,PAXG,-3.2e-05
2026-04-24 04:07:01,HYPE,1.1999999999999999e-05
2026-04-24 04:07:01,NEAR,1.1999999999999999e-05
2026-04-24 04:07:01,AVNT,1.1999999999999999e-05
2026-04-24 04:07:01,CRV,1.1999999999999999e-05
2026-04-24 04:07:01,FIL,-7e-06
2026-04-24 04:07:01,ZRO,1.1999999999999999e-05
2026-04-24 04:07:01,ICP,-2.2000000000000003e-05
2026-04-24 04:07:01,WLD,-4e-05
2026-04-24 04:07:01,GRASS,1.1999999999999999e-05
2026-04-24 04:07:01,MNT,1.1999999999999999e-05
2026-04-24 04:07:01,ARB,1.1999999999999999e-05
2026-04-24 04:07:01,FARTCOIN,1.1999999999999999e-05
2026-04-24 04:07:01,TIA,-5e-06
2026-04-24 04:07:01,YZY,-0.001225
2026-04-24 04:07:01,PROVE,-3.7000000000000005e-05
2026-04-24 04:07:01,POPCAT,1.1999999999999999e-05
2026-04-24 04:07:01,PUMP,1.1999999999999999e-05
2026-04-24 04:07:01,APEX,1.1999999999999999e-05
2026-04-24 04:07:01,TAO,1.1999999999999999e-05
2026-04-24 04:07:01,ONDO,1.1999999999999999e-05
2026-04-24 04:07:01,FOGO,-4e-05
2026-04-24 04:07:01,AERO,9e-06
2026-04-24 04:07:01,S,1.1999999999999999e-05
2026-04-24 04:07:01,XRP,4e-06
2026-04-24 04:07:01,MORPHO,-1.3e-05
2026-04-24 04:07:01,ZEC,0.0
2026-04-24 04:07:01,SKR,-0.001817
2026-04-24 04:07:01,VIRTUAL,1.1999999999999999e-05
2026-04-24 05:07:01,ENA,-1e-06
2026-04-24 05:07:01,OP,1.1999999999999999e-05
2026-04-24 05:07:01,PENDLE,1.1999999999999999e-05
2026-04-24 05:07:01,LINK,1.1999999999999999e-05
2026-04-24 05:07:01,AAVE,1.1999999999999999e-05
2026-04-24 05:07:01,AZTEC,1.1999999999999999e-05
2026-04-24 05:07:01,PENGU,-2.7000000000000002e-05
2026-04-24 05:07:01,EIGEN,-1.5e-05
2026-04-24 05:07:01,CHIP,-1.4e-05
2026-04-24 05:07:01,SOL,1.1999999999999999e-05
2026-04-24 05:07:01,HYPE,1.1999999999999999e-05
2026-04-24 05:07:01,MEGA,1.1999999999999999e-05
2026-04-24 05:07:01,PAXG,-3.1e-05
2026-04-24 05:07:01,AVNT,1.1999999999999999e-05
2026-04-24 05:07:01,POPCAT,1.1999999999999999e-05
2026-04-24 05:07:01,AERO,-1.5e-05
2026-04-24 05:07:01,BERA,-2.1e-05
2026-04-24 05:07:01,MORPHO,-1.9e-05
2026-04-24 05:07:01,DYDX,1.1999999999999999e-05
2026-04-24 05:07:01,NEAR,1.1999999999999999e-05
2026-04-24 05:07:01,LTC,1.1999999999999999e-05
2026-04-24 05:07:01,ZORA,8e-06
2026-04-24 05:07:01,ARB,1e-06
2026-04-24 05:07:01,0G,1.1999999999999999e-05
2026-04-24 05:07:01,ASTER,1.1999999999999999e-05
2026-04-24 05:07:01,SUI,1.1999999999999999e-05
2026-04-24 05:07:01,VVV,5.7999999999999994e-05
2026-04-24 05:07:01,TIA,1e-06
2026-04-24 05:07:01,APT,2.9999999999999997e-06
2026-04-24 05:07:01,LDO,-5e-06
2026-04-24 05:07:01,BCH,1.1999999999999999e-05
2026-04-24 05:07:01,FARTCOIN,1.1999999999999999e-05
2026-04-24 05:07:01,WIF,-1.8e-05
2026-04-24 05:07:01,ONDO,1.1999999999999999e-05
2026-04-24 05:07:01,ETH,-7e-06
2026-04-24 05:07:01,2Z,-3.6e-05
2026-04-24 05:07:01,MET,1.1999999999999999e-05
2026-04-24 05:07:01,APEX,1.1999999999999999e-05
2026-04-24 05:07:01,SEI,1.1999999999999999e-05
2026-04-24 05:07:01,STABLE,-0.000443
2026-04-24 05:07:01,XMR,4.4999999999999996e-05
2026-04-24 05:07:01,CC,1.1999999999999999e-05
2026-04-24 05:07:01,CRV,1.1999999999999999e-05
2026-04-24 05:07:01,GRASS,1.1999999999999999e-05
2026-04-24 05:07:01,XLM,1.1999999999999999e-05
2026-04-24 05:07:01,XRP,-1e-05
2026-04-24 05:07:01,FOGO,-7e-06
2026-04-24 05:07:01,ETHFI,2e-06
2026-04-24 05:07:01,ZRO,1.1999999999999999e-05
2026-04-24 05:07:01,AVAX,1.1999999999999999e-05
2026-04-24 05:07:01,LIT,1.1999999999999999e-05
2026-04-24 05:07:01,LINEA,9e-06
2026-04-24 05:07:01,PUMP,1.1000000000000001e-05
2026-04-24 05:07:01,HBAR,1.1000000000000001e-05
2026-04-24 05:07:01,MON,-2.3999999999999997e-05
2026-04-24 05:07:01,AXS,-9.599999999999999e-05
2026-04-24 05:07:01,FIL,-5.999999999999999e-06
2026-04-24 05:07:01,TRX,-3e-05
2026-04-24 05:07:01,YZY,-7.400000000000001e-05
2026-04-24 05:07:01,DOGE,1.1999999999999999e-05
2026-04-24 05:07:01,STRK,0.0
2026-04-24 05:07:01,POL,1.1999999999999999e-05
2026-04-24 05:07:01,ZEC,9e-06
2026-04-24 05:07:01,UNI,-2.9999999999999997e-06
2026-04-24 05:07:01,ADA,1.1999999999999999e-05
2026-04-24 05:07:01,DOT,-2.9999999999999997e-06
2026-04-24 05:07:01,MNT,1.1999999999999999e-05
2026-04-24 05:07:01,SKY,1.1999999999999999e-05
2026-04-24 05:07:01,ICP,7e-06
2026-04-24 05:07:01,JUP,1e-06
2026-04-24 05:07:01,TRUMP,-7e-06
2026-04-24 05:07:01,WLFI,-2.5e-05
2026-04-24 05:07:01,BNB,1.1999999999999999e-05
2026-04-24 05:07:01,PYTH,0.0
2026-04-24 05:07:01,VIRTUAL,4e-06
2026-04-24 05:07:01,ZK,1.1999999999999999e-05
2026-04-24 05:07:01,PROVE,-7.8e-05
2026-04-24 05:07:01,GMX,1.1999999999999999e-05
2026-04-24 05:07:01,TAO,-5.7999999999999994e-05
2026-04-24 05:07:01,JTO,-4e-06
2026-04-24 05:07:01,KAITO,1.1999999999999999e-05
2026-04-24 05:07:01,RESOLV,-5e-05
2026-04-24 05:07:01,WLD,-8.099999999999999e-05
2026-04-24 05:07:01,XPL,-6.1000000000000005e-05
2026-04-24 05:07:01,STBL,1.9e-05
2026-04-24 05:07:01,SKR,-0.00155
2026-04-24 05:07:01,DASH,1.1999999999999999e-05
2026-04-24 05:07:01,S,1.1999999999999999e-05
2026-04-24 05:07:01,IP,1.1000000000000001e-05
2026-04-24 05:07:01,SYRUP,1.1999999999999999e-05
2026-04-24 05:07:01,TON,1.1999999999999999e-05
2026-04-24 05:07:01,SPX,1.1999999999999999e-05
2026-04-24 05:07:01,BTC,-2e-05
2026-04-24 06:07:01,CC,1.1999999999999999e-05
2026-04-24 06:07:01,WIF,-3.2e-05
2026-04-24 06:07:01,ICP,-4.1e-05
2026-04-24 06:07:01,ENA,0.0
2026-04-24 06:07:01,BTC,-1e-05
2026-04-24 06:07:01,HYPE,1.1999999999999999e-05
2026-04-24 06:07:01,AXS,-5.3e-05
2026-04-24 06:07:01,YZY,-0.0008690000000000001
2026-04-24 06:07:01,LDO,1.1999999999999999e-05
2026-04-24 06:07:01,SUI,1.1999999999999999e-05
2026-04-24 06:07:01,AVNT,1.1999999999999999e-05
2026-04-24 06:07:01,ZK,1.1999999999999999e-05
2026-04-24 06:07:01,BERA,-4.9e-05
2026-04-24 06:07:01,MON,-7.6e-05
2026-04-24 06:07:01,AAVE,1.1999999999999999e-05
2026-04-24 06:07:01,BNB,1.1999999999999999e-05
2026-04-24 06:07:01,TAO,-7e-06
2026-04-24 06:07:01,JUP,9e-06
2026-04-24 06:07:01,LINEA,-1.3e-05
2026-04-24 06:07:01,XLM,1.1999999999999999e-05
2026-04-24 06:07:01,TRUMP,-1.4e-05
2026-04-24 06:07:01,PYTH,0.0
2026-04-24 06:07:01,0G,1.1999999999999999e-05
2026-04-24 06:07:01,TON,1e-05
2026-04-24 06:07:01,GRASS,1.1999999999999999e-05
2026-04-24 06:07:01,ZRO,1.1999999999999999e-05
2026-04-24 06:07:01,FIL,1.1000000000000001e-05
2026-04-24 06:07:01,POL,1.1999999999999999e-05
2026-04-24 06:07:01,XPL,-4.3e-05
2026-04-24 06:07:01,ZORA,1.1999999999999999e-05
2026-04-24 06:07:01,CRV,1.1999999999999999e-05
2026-04-24 06:07:01,SKY,1.1999999999999999e-05
2026-04-24 06:07:01,APT,-2.5e-05
2026-04-24 06:07:01,BCH,1.1999999999999999e-05
2026-04-24 06:07:01,WLFI,-5e-06
2026-04-24 06:07:01,2Z,-4e-05
2026-04-24 06:07:01,ARB,1.1999999999999999e-05
2026-04-24 06:07:01,UNI,1.1999999999999999e-05
2026-04-24 06:07:01,PAXG,-1.6e-05
2026-04-24 06:07:01,JTO,1e-05
2026-04-24 06:07:01,DASH,5e-06
2026-04-24 06:07:01,APEX,1.1999999999999999e-05
2026-04-24 06:07:01,MNT,1.1999999999999999e-05
2026-04-24 06:07:01,DYDX,1.1999999999999999e-05
2026-04-24 06:07:01,FOGO,-1.8e-05
2026-04-24 06:07:01,SYRUP,1.1999999999999999e-05
2026-04-24 06:07:01,STRK,-1.1999999999999999e-05
2026-04-24 06:07:01,AZTEC,1.1999999999999999e-05
2026-04-24 06:07:01,AVAX,1.1999999999999999e-05
2026-04-24 06:07:01,TRX,-3.9e-05
2026-04-24 06:07:01,ZEC,-1e-06
2026-04-24 06:07:01,CHIP,-0.000178
2026-04-24 06:07:01,SEI,1.1999999999999999e-05
2026-04-24 06:07:01,LIT,1.1999999999999999e-05
2026-04-24 06:07:01,AERO,1.1999999999999999e-05
2026-04-24 06:07:01,DOGE,1.1999999999999999e-05
2026-04-24 06:07:01,ETHFI,1.1999999999999999e-05
2026-04-24 06:07:01,HBAR,1.1999999999999999e-05
2026-04-24 06:07:01,DOT,5e-06
2026-04-24 06:07:01,GMX,1.1999999999999999e-05
2026-04-24 06:07:01,SPX,1.1999999999999999e-05
2026-04-24 06:07:01,OP,1.1999999999999999e-05
2026-04-24 06:07:01,ASTER,1.1999999999999999e-05
2026-04-24 06:07:01,XMR,1.1999999999999999e-05
2026-04-24 06:07:01,PENDLE,1.1999999999999999e-05
2026-04-24 06:07:01,ETH,-2e-06
2026-04-24 06:07:01,FARTCOIN,1.1999999999999999e-05
2026-04-24 06:07:01,LINK,1.1999999999999999e-05
2026-04-24 06:07:01,VVV,0.000101
2026-04-24 06:07:01,EIGEN,0.0
2026-04-24 06:07:01,PUMP,1.1999999999999999e-05
2026-04-24 06:07:01,ADA,1.1999999999999999e-05
2026-04-24 06:07:01,MORPHO,-2.2000000000000003e-05
2026-04-24 06:07:01,MET,2e-06
2026-04-24 06:07:01,TIA,2e-06
2026-04-24 06:07:01,S,1.1999999999999999e-05
2026-04-24 06:07:01,STBL,0.000134
2026-04-24 06:07:01,STABLE,-0.001163
2026-04-24 06:07:01,KAITO,1.1999999999999999e-05
2026-04-24 06:07:01,POPCAT,1.1999999999999999e-05
2026-04-24 06:07:01,ONDO,1.1999999999999999e-05
2026-04-24 06:07:01,LTC,1.1999999999999999e-05
2026-04-24 06:07:01,PROVE,-6e-05
2026-04-24 06:07:01,SKR,-0.001369
2026-04-24 06:07:01,MEGA,1.1999999999999999e-05
2026-04-24 06:07:01,XRP,-7e-06
2026-04-24 06:07:01,NEAR,1.1999999999999999e-05
2026-04-24 06:07:01,RESOLV,-6.9e-05
2026-04-24 06:07:01,VIRTUAL,1.1999999999999999e-05
2026-04-24 06:07:01,WLD,-4.7000000000000004e-05
2026-04-24 06:07:01,IP,1.1999999999999999e-05
2026-04-24 06:07:01,PENGU,-1e-05
2026-04-24 06:07:01,SOL,1.1999999999999999e-05
2026-04-24 07:07:01,DOGE,1.1999999999999999e-05
2026-04-24 07:07:01,STBL,0.000118
2026-04-24 07:07:01,XRP,-2e-06
2026-04-24 07:07:01,ICP,5.999999999999999e-06
2026-04-24 07:07:01,SEI,1.1999999999999999e-05
2026-04-24 07:07:01,STABLE,-0.001183
2026-04-24 07:07:01,JUP,1.1999999999999999e-05
2026-04-24 07:07:01,BERA,7e-06
2026-04-24 07:07:01,NEAR,1.1999999999999999e-05
2026-04-24 07:07:01,MEGA,1.1999999999999999e-05
2026-04-24 07:07:01,BTC,-1.3e-05
2026-04-24 07:07:01,APT,9e-06
2026-04-24 07:07:01,MON,-4.2e-05
2026-04-24 07:07:01,XMR,1.1999999999999999e-05
2026-04-24 07:07:01,SKY,1.1999999999999999e-05
2026-04-24 07:07:01,MET,1.1999999999999999e-05
2026-04-24 07:07:01,MORPHO,-6.3e-05
2026-04-24 07:07:01,GMX,1.1999999999999999e-05
2026-04-24 07:07:01,AERO,1.1999999999999999e-05
2026-04-24 07:07:01,STRK,1.1000000000000001e-05
2026-04-24 07:07:01,PENGU,1.1000000000000001e-05
2026-04-24 07:07:01,WLD,-2.5e-05
2026-04-24 07:07:01,SYRUP,1.1999999999999999e-05
2026-04-24 07:07:01,BCH,1.1999999999999999e-05
2026-04-24 07:07:01,WIF,-1.3e-05
2026-04-24 07:07:01,IP,1.1999999999999999e-05
2026-04-24 07:07:01,ETHFI,1.1999999999999999e-05
2026-04-24 07:07:01,LINK,1.1999999999999999e-05
2026-04-24 07:07:01,PUMP,1.1999999999999999e-05
2026-04-24 07:07:01,AZTEC,1.1999999999999999e-05
2026-04-24 07:07:01,KAITO,1.1999999999999999e-05
2026-04-24 07:07:01,CHIP,-0.000132
2026-04-24 07:07:01,HBAR,1.1999999999999999e-05
2026-04-24 07:07:01,ASTER,1.1999999999999999e-05
2026-04-24 07:07:01,PENDLE,1.1999999999999999e-05
2026-04-24 07:07:01,UNI,1.1999999999999999e-05
2026-04-24 07:07:01,2Z,-5e-05
2026-04-24 07:07:01,ZK,1.1999999999999999e-05
2026-04-24 07:07:01,WLFI,7e-06
2026-04-24 07:07:01,ZRO,1.1999999999999999e-05
2026-04-24 07:07:01,AVNT,1.1999999999999999e-05
2026-04-24 07:07:01,LIT,1.1999999999999999e-05
2026-04-24 07:07:01,SUI,1.1999999999999999e-05
2026-04-24 07:07:01,CC,1.1999999999999999e-05
2026-04-24 07:07:01,0G,1.1999999999999999e-05
2026-04-24 07:07:01,JTO,1e-05
2026-04-24 07:07:01,XPL,-3.8e-05
2026-04-24 07:07:01,YZY,-0.0008500000000000001
2026-04-24 07:07:01,ZEC,-1e-05
2026-04-24 07:07:01,S,1.1999999999999999e-05
2026-04-24 07:07:01,OP,1.1999999999999999e-05
2026-04-24 07:07:01,ENA,2e-06
2026-04-24 07:07:01,POL,1.1999999999999999e-05
2026-04-24 07:07:01,TAO,7e-06
2026-04-24 07:07:01,VIRTUAL,1.1999999999999999e-05
2026-04-24 07:07:01,SPX,1.1999999999999999e-05
2026-04-24 07:07:01,LINEA,1e-06
2026-04-24 07:07:01,FIL,-4e-06
2026-04-24 07:07:01,TRX,-4.6e-05
2026-04-24 07:07:01,AXS,-6.9e-05
2026-04-24 07:07:01,PAXG,-2.2000000000000003e-05
2026-04-24 07:07:01,PROVE,-8.800000000000001e-05
2026-04-24 07:07:01,MNT,1.1999999999999999e-05
2026-04-24 07:07:01,ZORA,1.1999999999999999e-05
2026-04-24 07:07:01,AAVE,1.1999999999999999e-05
2026-04-24 07:07:01,SKR,-0.001706
2026-04-24 07:07:01,LDO,1.1999999999999999e-05
2026-04-24 07:07:01,HYPE,1.1999999999999999e-05
2026-04-24 07:07:01,LTC,1.1999999999999999e-05
2026-04-24 07:07:01,EIGEN,0.0
2026-04-24 07:07:01,POPCAT,1.1999999999999999e-05
2026-04-24 07:07:01,AVAX,1.1999999999999999e-05
2026-04-24 07:07:01,CRV,1.1999999999999999e-05
2026-04-24 07:07:01,RESOLV,-1.1999999999999999e-05
2026-04-24 07:07:01,FOGO,4e-06
2026-04-24 07:07:01,ONDO,1.1999999999999999e-05
2026-04-24 07:07:01,GRASS,1.1999999999999999e-05
2026-04-24 07:07:01,ARB,7e-06
2026-04-24 07:07:01,ETH,1e-06
2026-04-24 07:07:01,FARTCOIN,1.1999999999999999e-05
2026-04-24 07:07:01,XLM,1.1999999999999999e-05
2026-04-24 07:07:01,TRUMP,1.1999999999999999e-05
2026-04-24 07:07:01,APEX,1.1999999999999999e-05
2026-04-24 07:07:01,VVV,3.1e-05
2026-04-24 07:07:01,DASH,1.1999999999999999e-05
2026-04-24 07:07:01,TON,1.1999999999999999e-05
2026-04-24 07:07:01,SOL,9e-06
2026-04-24 07:07:01,ADA,1.1999999999999999e-05
2026-04-24 07:07:01,TIA,1.1000000000000001e-05
2026-04-24 07:07:01,DYDX,-2e-05
2026-04-24 07:07:01,BNB,1.1999999999999999e-05
2026-04-24 07:07:01,PYTH,1.1999999999999999e-05
2026-04-24 07:07:01,DOT,-4.4000000000000006e-05
2026-04-24 08:07:01,ZEC,1.1999999999999999e-05
2026-04-24 08:07:01,APT,-1.6e-05
2026-04-24 08:07:01,0G,1.1000000000000001e-05
2026-04-24 08:07:01,S,1.1999999999999999e-05
2026-04-24 08:07:01,STRK,1.1999999999999999e-05
2026-04-24 08:07:01,BERA,-2.5e-05
2026-04-24 08:07:01,SKR,-0.002684
2026-04-24 08:07:01,RESOLV,-0.000501
2026-04-24 08:07:01,PENGU,-1.1000000000000001e-05
2026-04-24 08:07:01,2Z,-1.4e-05
2026-04-24 08:07:01,BTC,-8e-06
2026-04-24 08:07:01,TRUMP,8e-06
2026-04-24 08:07:01,LDO,1.1999999999999999e-05
2026-04-24 08:07:01,PAXG,-1e-06
2026-04-24 08:07:01,BCH,1.1999999999999999e-05
2026-04-24 08:07:01,SPX,1.1999999999999999e-05
2026-04-24 08:07:01,TIA,-2.5e-05
2026-04-24 08:07:01,LIT,1.1999999999999999e-05
2026-04-24 08:07:01,KAITO,1.1999999999999999e-05
2026-04-24 08:07:01,LTC,1.1999999999999999e-05
2026-04-24 08:07:01,LINEA,-1e-05
2026-04-24 08:07:01,AERO,5e-06
2026-04-24 08:07:01,AAVE,1.1999999999999999e-05
2026-04-24 08:07:01,ZK,1.1999999999999999e-05
2026-04-24 08:07:01,AZTEC,1.1999999999999999e-05
2026-04-24 08:07:01,PUMP,1.1999999999999999e-05
2026-04-24 08:07:01,FOGO,-7e-06
2026-04-24 08:07:01,JUP,0.0
2026-04-24 08:07:01,XRP,-5e-06
2026-04-24 08:07:01,TAO,1.1000000000000001e-05
2026-04-24 08:07:01,XMR,0.000115
2026-04-24 08:07:01,FIL,-2.2000000000000003e-05
2026-04-24 08:07:01,STABLE,-0.000668
2026-04-24 08:07:01,XPL,-3.9e-05
2026-04-24 08:07:01,AVNT,1.1999999999999999e-05
2026-04-24 08:07:01,ZRO,1.1999999999999999e-05
2026-04-24 08:07:01,POPCAT,1.1999999999999999e-05
2026-04-24 08:07:01,SYRUP,1.1999999999999999e-05
2026-04-24 08:07:01,ETH,-1.3e-05
2026-04-24 08:07:01,ETHFI,1.1999999999999999e-05
2026-04-24 08:07:01,ENA,-1.4e-05
2026-04-24 08:07:01,SEI,1.1999999999999999e-05
2026-04-24 08:07:01,WLD,-6.7e-05
2026-04-24 08:07:01,AVAX,1.1999999999999999e-05
2026-04-24 08:07:01,ASTER,1.1999999999999999e-05
2026-04-24 08:07:01,DOT,-6.2e-05
2026-04-24 08:07:01,MON,-7.8e-05
2026-04-24 08:07:01,UNI,1.1999999999999999e-05
2026-04-24 08:07:01,MEGA,1.1999999999999999e-05
2026-04-24 08:07:01,MNT,1.1999999999999999e-05
2026-04-24 08:07:01,ONDO,1.1999999999999999e-05
2026-04-24 08:07:01,DOGE,1.1999999999999999e-05
2026-04-24 08:07:01,ZORA,1.1999999999999999e-05
2026-04-24 08:07:01,BNB,1.1999999999999999e-05
2026-04-24 08:07:01,ICP,-2e-06
2026-04-24 08:07:01,OP,8e-06
2026-04-24 08:07:01,CRV,1.1000000000000001e-05
2026-04-24 08:07:01,MORPHO,-6.6e-05
2026-04-24 08:07:01,NEAR,1.1999999999999999e-05
2026-04-24 08:07:01,PYTH,1.1999999999999999e-05
2026-04-24 08:07:01,CHIP,-3.7000000000000005e-05
2026-04-24 08:07:01,AXS,-1.3e-05
2026-04-24 08:07:01,CC,1.1999999999999999e-05
2026-04-24 08:07:01,GRASS,1.1999999999999999e-05
2026-04-24 08:07:01,STBL,2.8e-05
2026-04-24 08:07:01,IP,1.1999999999999999e-05
2026-04-24 08:07:01,PROVE,-6.6e-05
2026-04-24 08:07:01,XLM,1.1999999999999999e-05
2026-04-24 08:07:01,TON,-2.1e-05
2026-04-24 08:07:01,JTO,-1e-06
2026-04-24 08:07:01,DASH,1.1999999999999999e-05
2026-04-24 08:07:01,LINK,1.1999999999999999e-05
2026-04-24 08:07:01,VVV,1.1999999999999999e-05
2026-04-24 08:07:01,WLFI,2e-06
2026-04-24 08:07:01,TRX,-3.4e-05
2026-04-24 08:07:01,ADA,1.1999999999999999e-05
2026-04-24 08:07:01,PENDLE,1.1999999999999999e-05
2026-04-24 08:07:01,GMX,1.1999999999999999e-05
2026-04-24 08:07:01,HYPE,1.1999999999999999e-05
2026-04-24 08:07:01,SUI,1.1999999999999999e-05
2026-04-24 08:07:01,HBAR,1.1999999999999999e-05
2026-04-24 08:07:01,VIRTUAL,1.1999999999999999e-05
2026-04-24 08:07:01,SOL,-2.5e-05
2026-04-24 08:07:01,DYDX,-7.6e-05
2026-04-24 08:07:01,WIF,-3.9e-05
2026-04-24 08:07:01,ARB,-4e-06
2026-04-24 08:07:01,FARTCOIN,1.1999999999999999e-05
2026-04-24 08:07:01,YZY,-0.000892
2026-04-24 08:07:01,POL,1.1999999999999999e-05
2026-04-24 08:07:01,SKY,1.1999999999999999e-05
2026-04-24 08:07:01,APEX,1.1999999999999999e-05
2026-04-24 08:07:01,MET,1.1999999999999999e-05
2026-04-24 08:07:01,EIGEN,-7e-06
2026-04-24 09:07:00,POPCAT,1.1999999999999999e-05
2026-04-24 09:07:00,ZK,1.1999999999999999e-05
2026-04-24 09:07:00,MET,1.1999999999999999e-05
2026-04-24 09:07:00,PUMP,1.1999999999999999e-05
2026-04-24 09:07:00,AXS,1.1999999999999999e-05
2026-04-24 09:07:00,FOGO,1e-05
2026-04-24 09:07:00,DYDX,-6.6e-05
2026-04-24 09:07:00,SYRUP,1.1999999999999999e-05
2026-04-24 09:07:00,BNB,1.1999999999999999e-05
2026-04-24 09:07:00,MORPHO,-1.7e-05
2026-04-24 09:07:00,ARB,-1.1000000000000001e-05
2026-04-24 09:07:00,0G,0.0
2026-04-24 09:07:00,AVNT,1.1999999999999999e-05
2026-04-24 09:07:00,AVAX,1.1999999999999999e-05
2026-04-24 09:07:00,WLD,-5.7e-05
2026-04-24 09:07:00,RESOLV,-5.4000000000000005e-05
2026-04-24 09:07:00,SOL,-3e-05
2026-04-24 09:07:00,STABLE,-0.000663
2026-04-24 09:07:00,EIGEN,-1.5e-05
2026-04-24 09:07:00,TAO,8e-06
2026-04-24 09:07:00,AZTEC,2.5e-05
2026-04-24 09:07:00,ZEC,1.1999999999999999e-05
2026-04-24 09:07:00,SPX,1.1999999999999999e-05
2026-04-24 09:07:00,BCH,1.1999999999999999e-05
2026-04-24 09:07:00,MON,-5.7999999999999994e-05
2026-04-24 09:07:00,SKR,-0.001989
2026-04-24 09:07:00,IP,1.1999999999999999e-05
2026-04-24 09:07:00,LINEA,-1e-05
2026-04-24 09:07:00,SEI,1.1999999999999999e-05
2026-04-24 09:07:00,TRX,-4.1e-05
2026-04-24 09:07:00,APEX,1.1999999999999999e-05
2026-04-24 09:07:00,SUI,1.1999999999999999e-05
2026-04-24 09:07:00,YZY,0.000181
2026-04-24 09:07:00,WLFI,1e-05
2026-04-24 09:07:00,XRP,-2.1e-05
2026-04-24 09:07:00,XLM,1.1999999999999999e-05
2026-04-24 09:07:00,2Z,-5.7e-05
2026-04-24 09:07:00,APT,-1.4e-05
2026-04-24 09:07:00,NEAR,1.1999999999999999e-05
2026-04-24 09:07:00,PYTH,1.1999999999999999e-05
2026-04-24 09:07:00,PENGU,1.1999999999999999e-05
2026-04-24 09:07:00,HYPE,1.1999999999999999e-05
2026-04-24 09:07:00,XPL,-1.7e-05
2026-04-24 09:07:00,PENDLE,1.1999999999999999e-05
2026-04-24 09:07:00,LDO,1.1999999999999999e-05
2026-04-24 09:07:00,PAXG,5.999999999999999e-06
2026-04-24 09:07:00,FIL,1e-05
2026-04-24 09:07:00,STRK,-7e-06
2026-04-24 09:07:00,ASTER,1.1999999999999999e-05
2026-04-24 09:07:00,BTC,-1e-05
2026-04-24 09:07:00,HBAR,1.1999999999999999e-05
2026-04-24 09:07:00,XMR,1.3e-05
2026-04-24 09:07:00,CHIP,-3.8e-05
2026-04-24 09:07:00,MNT,1.1999999999999999e-05
2026-04-24 09:07:00,OP,1.1999999999999999e-05
2026-04-24 09:07:00,ETH,-1.9e-05
2026-04-24 09:07:00,CRV,1.1999999999999999e-05
2026-04-24 09:07:00,JUP,1.1999999999999999e-05
2026-04-24 09:07:00,VIRTUAL,1.1999999999999999e-05
2026-04-24 09:07:00,POL,1.1999999999999999e-05
2026-04-24 09:07:00,ONDO,1.1999999999999999e-05
2026-04-24 09:07:00,SKY,1.1999999999999999e-05
2026-04-24 09:07:00,MEGA,1.1999999999999999e-05
2026-04-24 09:07:00,GRASS,1.1999999999999999e-05
2026-04-24 09:07:00,ICP,1.1999999999999999e-05
2026-04-24 09:07:00,ETHFI,1.1999999999999999e-05
2026-04-24 09:07:00,LIT,1.1999999999999999e-05
2026-04-24 09:07:00,TIA,-1e-05
2026-04-24 09:07:00,GMX,1.1999999999999999e-05
2026-04-24 09:07:00,LTC,1.1999999999999999e-05
2026-04-24 09:07:00,WIF,-6.4e-05
2026-04-24 09:07:00,LINK,1.1999999999999999e-05
2026-04-24 09:07:00,ZORA,1.1999999999999999e-05
2026-04-24 09:07:00,DASH,1.1999999999999999e-05
2026-04-24 09:07:00,ENA,-2.1e-05
2026-04-24 09:07:00,DOT,-2.3999999999999997e-05
2026-04-24 09:07:00,PROVE,-1.1999999999999999e-05
2026-04-24 09:07:00,DOGE,1.1999999999999999e-05
2026-04-24 09:07:00,S,1.1999999999999999e-05
2026-04-24 09:07:00,ZRO,1.1999999999999999e-05
2026-04-24 09:07:00,TON,-1.9e-05
2026-04-24 09:07:00,TRUMP,1.1999999999999999e-05
2026-04-24 09:07:00,AAVE,1.1999999999999999e-05
2026-04-24 09:07:00,STBL,1.1999999999999999e-05
2026-04-24 09:07:00,BERA,-5e-06
2026-04-24 09:07:00,JTO,-1.9e-05
2026-04-24 09:07:00,UNI,1.1999999999999999e-05
2026-04-24 09:07:00,VVV,1.1999999999999999e-05
2026-04-24 09:07:00,KAITO,1.1999999999999999e-05
2026-04-24 09:07:00,CC,1.1999999999999999e-05
2026-04-24 09:07:00,FARTCOIN,1.1999999999999999e-05
2026-04-24 09:07:00,ADA,1.1999999999999999e-05
2026-04-24 09:07:00,AERO,1e-06
2026-04-24 11:07:00,PAXG,1.1999999999999999e-05
2026-04-24 11:07:00,ETH,-2.1e-05
2026-04-24 11:07:00,BNB,9e-06
2026-04-24 11:07:00,IP,1.1999999999999999e-05
2026-04-24 11:07:00,LTC,1.1999999999999999e-05
2026-04-24 11:07:00,HBAR,1.1999999999999999e-05
2026-04-24 11:07:00,DASH,1.1999999999999999e-05
2026-04-24 11:07:00,YZY,-0.0006429999999999999
2026-04-24 11:07:00,TIA,-1.7e-05
2026-04-24 11:07:00,TRX,-1.1000000000000001e-05
2026-04-24 11:07:00,SYRUP,1.1999999999999999e-05
2026-04-24 11:07:00,GMX,1.1999999999999999e-05
2026-04-24 11:07:00,STABLE,-0.0005510000000000001
2026-04-24 11:07:00,UNI,1.1999999999999999e-05
2026-04-24 11:07:00,XRP,-2.6e-05
2026-04-24 11:07:00,SEI,1.1999999999999999e-05
2026-04-24 11:07:00,2Z,0.0
2026-04-24 11:07:00,DYDX,0.0
2026-04-24 11:07:00,DOGE,1.1999999999999999e-05
2026-04-24 11:07:00,ENA,1.1999999999999999e-05
2026-04-24 11:07:00,SPX,1.1999999999999999e-05
2026-04-24 11:07:00,APT,1e-05
2026-04-24 11:07:00,STRK,5.999999999999999e-06
2026-04-24 11:07:00,XLM,1.1999999999999999e-05
2026-04-24 11:07:00,S,1.1999999999999999e-05
2026-04-24 11:07:00,ONDO,1.1999999999999999e-05
2026-04-24 11:07:00,EIGEN,-1.9e-05
2026-04-24 11:07:00,VIRTUAL,1.1999999999999999e-05
2026-04-24 11:07:00,CRV,1.1999999999999999e-05
2026-04-24 11:07:00,KAITO,1.1999999999999999e-05
2026-04-24 11:07:00,POPCAT,1.1999999999999999e-05
2026-04-24 11:07:00,WIF,-1.3e-05
2026-04-24 11:07:00,ETHFI,1.1999999999999999e-05
2026-04-24 11:07:00,APEX,1.1999999999999999e-05
2026-04-24 11:07:00,DOT,-1.9e-05
2026-04-24 11:07:00,SUI,1.1999999999999999e-05
2026-04-24 11:07:00,TAO,1.1999999999999999e-05
2026-04-24 11:07:00,SOL,-2.3999999999999997e-05
2026-04-24 11:07:00,FARTCOIN,1.1999999999999999e-05
2026-04-24 11:07:00,AVNT,1.1999999999999999e-05
2026-04-24 11:07:00,SKY,1.1999999999999999e-05
2026-04-24 11:07:00,ZEC,9e-06
2026-04-24 11:07:00,MNT,1.1999999999999999e-05
2026-04-24 11:07:00,ZK,1.1999999999999999e-05
2026-04-24 11:07:00,0G,1.1999999999999999e-05
2026-04-24 11:07:00,AVAX,1.1999999999999999e-05
2026-04-24 11:07:00,SKR,-0.001782
2026-04-24 11:07:00,NEAR,1.1999999999999999e-05
2026-04-24 11:07:00,ZRO,1.1999999999999999e-05
2026-04-24 11:07:00,TON,-1.7e-05
2026-04-24 11:07:00,AAVE,1.1999999999999999e-05
2026-04-24 11:07:00,OP,1.1999999999999999e-05
2026-04-24 11:07:00,FOGO,-3.9e-05
2026-04-24 11:07:00,LDO,1.1999999999999999e-05
2026-04-24 11:07:00,ASTER,1.1999999999999999e-05
2026-04-24 11:07:00,JTO,1.1999999999999999e-05
2026-04-24 11:07:00,PENDLE,1.1999999999999999e-05
2026-04-24 11:07:00,WLD,7e-06
2026-04-24 11:07:00,PUMP,1.1999999999999999e-05
2026-04-24 11:07:00,JUP,1.1999999999999999e-05
2026-04-24 11:07:00,ZORA,1.1999999999999999e-05
2026-04-24 11:07:00,PYTH,1.1999999999999999e-05
2026-04-24 11:07:00,TRUMP,-3.9e-05
2026-04-24 11:07:00,PROVE,7e-06
2026-04-24 11:07:00,LINK,1.1999999999999999e-05
2026-04-24 11:07:00,LIT,1.1999999999999999e-05
2026-04-24 11:07:00,AERO,1.1999999999999999e-05
2026-04-24 11:07:00,POL,1.1999999999999999e-05
2026-04-24 11:07:00,ARB,1.1999999999999999e-05
2026-04-24 11:07:00,BCH,1.1999999999999999e-05
2026-04-24 11:07:00,VVV,1.3e-05
2026-04-24 11:07:00,WLFI,1.1999999999999999e-05
2026-04-24 11:07:00,LINEA,1.1999999999999999e-05
2026-04-24 11:07:00,ICP,1.1999999999999999e-05
2026-04-24 11:07:00,MORPHO,-0.000111
2026-04-24 11:07:00,XMR,6.7e-05
2026-04-24 11:07:00,GRASS,1.1999999999999999e-05
2026-04-24 11:07:00,HYPE,1.1999999999999999e-05
2026-04-24 11:07:00,STBL,4.7000000000000004e-05
2026-04-24 11:07:00,AZTEC,1.1999999999999999e-05
2026-04-24 11:07:00,XPL,1.1999999999999999e-05
2026-04-24 11:07:00,FIL,1.1000000000000001e-05
2026-04-24 11:07:00,PENGU,1.1999999999999999e-05
2026-04-24 11:07:00,BTC,-1.1000000000000001e-05
2026-04-24 11:07:00,RESOLV,1.1999999999999999e-05
2026-04-24 11:07:00,AXS,1.1999999999999999e-05
2026-04-24 11:07:00,MET,1.1999999999999999e-05
2026-04-24 11:07:00,CC,1.1999999999999999e-05
2026-04-24 11:07:00,BERA,1e-05
2026-04-24 11:07:00,CHIP,-4.6e-05
2026-04-24 11:07:00,ADA,1.1999999999999999e-05
2026-04-24 11:07:00,MON,-4.4999999999999996e-05
2026-04-24 11:07:00,MEGA,1.1000000000000001e-05
2026-04-24 12:07:00,STBL,1.1999999999999999e-05
2026-04-24 12:07:00,SUI,1.1999999999999999e-05
2026-04-24 12:07:00,OP,1.1999999999999999e-05
2026-04-24 12:07:00,ADA,1.1999999999999999e-05
2026-04-24 12:07:00,ZEC,1.1999999999999999e-05
2026-04-24 12:07:00,VVV,1.1999999999999999e-05
2026-04-24 12:07:00,LIT,1.1999999999999999e-05
2026-04-24 12:07:00,JTO,1.1999999999999999e-05
2026-04-24 12:07:00,PAXG,1.1999999999999999e-05
2026-04-24 12:07:00,XLM,1.1999999999999999e-05
2026-04-24 12:07:00,SKR,-0.0018490000000000002
2026-04-24 12:07:00,GMX,1.1999999999999999e-05
2026-04-24 12:07:00,LINK,1.1999999999999999e-05
2026-04-24 12:07:00,ENA,1.1999999999999999e-05
2026-04-24 12:07:00,0G,1.1999999999999999e-05
2026-04-24 12:07:00,WIF,-1.8e-05
2026-04-24 12:07:00,ZK,1.1999999999999999e-05
2026-04-24 12:07:00,POL,1.1999999999999999e-05
2026-04-24 12:07:00,ZORA,1.1999999999999999e-05
2026-04-24 12:07:00,TON,-1.6e-05
2026-04-24 12:07:00,KAITO,-2.9999999999999997e-06
2026-04-24 12:07:00,ZRO,1.1999999999999999e-05
2026-04-24 12:07:00,PYTH,1.1999999999999999e-05
2026-04-24 12:07:00,HYPE,1.1999999999999999e-05
2026-04-24 12:07:00,BCH,1.1999999999999999e-05
2026-04-24 12:07:00,TRUMP,0.0
2026-04-24 12:07:00,STRK,-7e-06
2026-04-24 12:07:00,MNT,1.1999999999999999e-05
2026-04-24 12:07:00,XPL,1.1999999999999999e-05
2026-04-24 12:07:00,MORPHO,-9.2e-05
2026-04-24 12:07:00,DASH,1.1999999999999999e-05
2026-04-24 12:07:00,VIRTUAL,1.1999999999999999e-05
2026-04-24 12:07:00,EIGEN,-3.2e-05
2026-04-24 12:07:00,AXS,1.1999999999999999e-05
2026-04-24 12:07:00,MON,-1e-05
2026-04-24 12:07:00,SOL,0.0
2026-04-24 12:07:00,GRASS,1.1999999999999999e-05
2026-04-24 12:07:00,AERO,1.1999999999999999e-05
2026-04-24 12:07:00,CHIP,-0.000356
2026-04-24 12:07:00,YZY,-0.001086
2026-04-24 12:07:00,AVAX,1.1999999999999999e-05
2026-04-24 12:07:00,FARTCOIN,1.1999999999999999e-05
2026-04-24 12:07:00,CC,1.1999999999999999e-05
2026-04-24 12:07:00,NEAR,1.1999999999999999e-05
2026-04-24 12:07:00,PROVE,7e-06
2026-04-24 12:07:00,BTC,-1.1999999999999999e-05
2026-04-24 12:07:00,TRX,2.9999999999999997e-06
2026-04-24 12:07:00,SEI,1.1999999999999999e-05
2026-04-24 12:07:00,JUP,1.1999999999999999e-05
2026-04-24 12:07:00,AVNT,1.1999999999999999e-05
2026-04-24 12:07:00,FIL,1.1999999999999999e-05
2026-04-24 12:07:00,UNI,1.1999999999999999e-05
2026-04-24 12:07:00,APEX,1.1999999999999999e-05
2026-04-24 12:07:00,S,1.1999999999999999e-05
2026-04-24 12:07:00,TAO,1.1999999999999999e-05
2026-04-24 12:07:00,LINEA,1.1000000000000001e-05
2026-04-24 12:07:00,IP,1.1999999999999999e-05
2026-04-24 12:07:00,MET,1.1999999999999999e-05
2026-04-24 12:07:00,XMR,7.900000000000001e-05
2026-04-24 12:07:00,HBAR,1.1999999999999999e-05
2026-04-24 12:07:00,WLD,1.1000000000000001e-05
2026-04-24 12:07:00,2Z,-2.3999999999999997e-05
2026-04-24 12:07:00,XRP,-9e-06
2026-04-24 12:07:00,SYRUP,1.1999999999999999e-05
2026-04-24 12:07:00,TIA,-4e-06
2026-04-24 12:07:00,SKY,1.1999999999999999e-05
2026-04-24 12:07:00,BNB,1.1999999999999999e-05
2026-04-24 12:07:00,PENGU,1.1999999999999999e-05
2026-04-24 12:07:00,PENDLE,1.1999999999999999e-05
2026-04-24 12:07:00,DOT,-1.5e-05
2026-04-24 12:07:00,ARB,1.1999999999999999e-05
2026-04-24 12:07:00,ONDO,1.1999999999999999e-05
2026-04-24 12:07:00,LDO,1.1999999999999999e-05
2026-04-24 12:07:00,ETHFI,1.1999999999999999e-05
2026-04-24 12:07:00,ICP,1.1999999999999999e-05
2026-04-24 12:07:00,APT,1.1999999999999999e-05
2026-04-24 12:07:00,FOGO,-7e-06
2026-04-24 12:07:00,MEGA,1.1999999999999999e-05
2026-04-24 12:07:00,DYDX,9e-06
2026-04-24 12:07:00,LTC,1.1999999999999999e-05
2026-04-24 12:07:00,AAVE,1.1999999999999999e-05
2026-04-24 12:07:00,ETH,1e-06
2026-04-24 12:07:00,BERA,1.1999999999999999e-05
2026-04-24 12:07:00,POPCAT,1.1999999999999999e-05
2026-04-24 12:07:00,WLFI,4e-06
2026-04-24 12:07:00,STABLE,-0.0006140000000000001
2026-04-24 12:07:00,SPX,1.1999999999999999e-05
2026-04-24 12:07:00,ASTER,1.1999999999999999e-05
2026-04-24 12:07:00,AZTEC,-2.6e-05
2026-04-24 12:07:00,DOGE,1.1999999999999999e-05
2026-04-24 12:07:00,PUMP,1.1999999999999999e-05
2026-04-24 12:07:00,CRV,1e-05
2026-04-24 12:07:00,RESOLV,1.1999999999999999e-05
2026-04-24 13:07:00,TAO,1.1999999999999999e-05
2026-04-24 13:07:00,AZTEC,-2e-05
2026-04-24 13:07:00,ICP,1.1999999999999999e-05
2026-04-24 13:07:00,DYDX,1.1999999999999999e-05
2026-04-24 13:07:00,ASTER,7e-06
2026-04-24 13:07:00,SUI,1.1999999999999999e-05
2026-04-24 13:07:00,DASH,1.1999999999999999e-05
2026-04-24 13:07:00,OP,4e-06
2026-04-24 13:07:00,TON,-4.9e-05
2026-04-24 13:07:00,AERO,1.1999999999999999e-05
2026-04-24 13:07:00,LINK,5e-06
2026-04-24 13:07:00,ARB,1.1999999999999999e-05
2026-04-24 13:07:00,AVNT,1.1999999999999999e-05
2026-04-24 13:07:00,MON,-2.8999999999999997e-05
2026-04-24 13:07:00,PROVE,-1.9e-05
2026-04-24 13:07:00,ADA,1.1999999999999999e-05
2026-04-24 13:07:00,FIL,1.1999999999999999e-05
2026-04-24 13:07:00,APT,1.1999999999999999e-05
2026-04-24 13:07:00,IP,1.1999999999999999e-05
2026-04-24 13:07:00,MET,1.1999999999999999e-05
2026-04-24 13:07:00,FARTCOIN,1.1999999999999999e-05
2026-04-24 13:07:00,YZY,-0.000782
2026-04-24 13:07:00,SPX,1.1999999999999999e-05
2026-04-24 13:07:00,WIF,-2.3999999999999997e-05
2026-04-24 13:07:00,ETH,-2.9999999999999997e-06
2026-04-24 13:07:00,XMR,7.000000000000001e-05
2026-04-24 13:07:00,AXS,5.999999999999999e-06
2026-04-24 13:07:00,XPL,-2.2000000000000003e-05
2026-04-24 13:07:00,ONDO,1.1999999999999999e-05
2026-04-24 13:07:00,WLD,-1.9e-05
2026-04-24 13:07:00,FOGO,-1.3e-05
2026-04-24 13:07:00,POL,1.1999999999999999e-05
2026-04-24 13:07:00,SEI,1.1999999999999999e-05
2026-04-24 13:07:00,LDO,1.1999999999999999e-05
2026-04-24 13:07:00,RESOLV,1.1999999999999999e-05
2026-04-24 13:07:00,VIRTUAL,1.1999999999999999e-05
2026-04-24 13:07:00,AVAX,1.1999999999999999e-05
2026-04-24 13:07:00,SKY,1.1999999999999999e-05
2026-04-24 13:07:00,KAITO,-2e-06
2026-04-24 13:07:00,EIGEN,-5.3e-05
2026-04-24 13:07:00,MEGA,0.000669
2026-04-24 13:07:00,TIA,-3.1e-05
2026-04-24 13:07:00,SOL,5e-06
2026-04-24 13:07:00,MORPHO,-0.000136
2026-04-24 13:07:00,WLFI,-2.8999999999999997e-05
2026-04-24 13:07:00,HBAR,1.1999999999999999e-05
2026-04-24 13:07:00,HYPE,1.1999999999999999e-05
2026-04-24 13:07:00,JUP,5.999999999999999e-06
2026-04-24 13:07:00,0G,-2.9999999999999997e-06
2026-04-24 13:07:00,NEAR,1.1999999999999999e-05
2026-04-24 13:07:00,PUMP,1.1999999999999999e-05
2026-04-24 13:07:00,LINEA,4e-06
2026-04-24 13:07:00,CC,1.1999999999999999e-05
2026-04-24 13:07:00,LIT,1.1999999999999999e-05
2026-04-24 13:07:00,2Z,-1.1000000000000001e-05
2026-04-24 13:07:00,ZRO,1.1999999999999999e-05
2026-04-24 13:07:00,JTO,1.1999999999999999e-05
2026-04-24 13:07:00,TRX,1.1000000000000001e-05
2026-04-24 13:07:00,CHIP,-0.000205
2026-04-24 13:07:00,GMX,1.1999999999999999e-05
2026-04-24 13:07:00,BERA,-1e-05
2026-04-24 13:07:00,ZORA,1.1999999999999999e-05
2026-04-24 13:07:00,UNI,1.1999999999999999e-05
2026-04-24 13:07:00,GRASS,1.1999999999999999e-05
2026-04-24 13:07:00,SKR,-0.001882
2026-04-24 13:07:00,STBL,1.1999999999999999e-05
2026-04-24 13:07:00,PENDLE,1.1999999999999999e-05
2026-04-24 13:07:00,DOT,-2.6e-05
2026-04-24 13:07:00,AAVE,1.1999999999999999e-05
2026-04-24 13:07:00,MNT,1.1999999999999999e-05
2026-04-24 13:07:00,ENA,5.999999999999999e-06
2026-04-24 13:07:00,SYRUP,1.1999999999999999e-05
2026-04-24 13:07:00,XRP,2.9999999999999997e-06
2026-04-24 13:07:00,APEX,1.1999999999999999e-05
2026-04-24 13:07:00,BTC,-5e-06
2026-04-24 13:07:00,VVV,1.1999999999999999e-05
2026-04-24 13:07:00,STRK,-1e-06
2026-04-24 13:07:00,BCH,1.1999999999999999e-05
2026-04-24 13:07:00,XLM,1.1999999999999999e-05
2026-04-24 13:07:00,ZK,1.1999999999999999e-05
2026-04-24 13:07:00,PYTH,1.1999999999999999e-05
2026-04-24 13:07:00,BNB,1.1999999999999999e-05
2026-04-24 13:07:00,TRUMP,-1e-05
2026-04-24 13:07:00,S,1.1999999999999999e-05
2026-04-24 13:07:00,CRV,2.9999999999999997e-06
2026-04-24 13:07:00,PENGU,1.1999999999999999e-05
2026-04-24 13:07:00,LTC,5e-06
2026-04-24 13:07:00,POPCAT,1.1999999999999999e-05
2026-04-24 13:07:00,ETHFI,1.1999999999999999e-05
2026-04-24 13:07:00,STABLE,-0.000735
2026-04-24 13:07:00,DOGE,1.1999999999999999e-05
2026-04-24 13:07:00,PAXG,4e-06
2026-04-24 13:07:00,ZEC,1.1999999999999999e-05
2026-04-24 14:07:00,MORPHO,-0.000156
2026-04-24 14:07:00,ZK,1.1999999999999999e-05
2026-04-24 14:07:00,ETHFI,1.1999999999999999e-05
2026-04-24 14:07:00,WLFI,7e-06
2026-04-24 14:07:00,XPL,-5.3e-05
2026-04-24 14:07:00,CHIP,-2.5e-05
2026-04-24 14:07:00,NEAR,1.1999999999999999e-05
2026-04-24 14:07:00,ARB,1e-05
2026-04-24 14:07:00,ZEC,1.1999999999999999e-05
2026-04-24 14:07:00,FIL,1.1999999999999999e-05
2026-04-24 14:07:00,ETH,-2.9999999999999997e-06
2026-04-24 14:07:00,IP,1.1999999999999999e-05
2026-04-24 14:07:00,WIF,-1.5e-05
2026-04-24 14:07:00,AZTEC,-2e-06
2026-04-24 14:07:00,GRASS,1.1999999999999999e-05
2026-04-24 14:07:00,OP,1.1999999999999999e-05
2026-04-24 14:07:00,MON,-4.2e-05
2026-04-24 14:07:00,AXS,1.1000000000000001e-05
2026-04-24 14:07:00,ADA,1.1999999999999999e-05
2026-04-24 14:07:00,DOT,-2.3999999999999997e-05
2026-04-24 14:07:00,GMX,1.1999999999999999e-05
2026-04-24 14:07:00,DASH,1.1999999999999999e-05
2026-04-24 14:07:00,SPX,1.1999999999999999e-05
2026-04-24 14:07:00,UNI,1.1999999999999999e-05
2026-04-24 14:07:00,JTO,1.1999999999999999e-05
2026-04-24 14:07:00,VIRTUAL,1.1999999999999999e-05
2026-04-24 14:07:00,STBL,1.1999999999999999e-05
2026-04-24 14:07:00,BCH,1.1999999999999999e-05
2026-04-24 14:07:00,ENA,1.1999999999999999e-05
2026-04-24 14:07:00,PAXG,1.1999999999999999e-05
2026-04-24 14:07:00,ICP,1.1000000000000001e-05
2026-04-24 14:07:00,LDO,1.1999999999999999e-05
2026-04-24 14:07:00,SOL,-8e-06
2026-04-24 14:07:00,TIA,-3.9e-05
2026-04-24 14:07:00,DYDX,1.1000000000000001e-05
2026-04-24 14:07:00,HYPE,1.1999999999999999e-05
2026-04-24 14:07:00,MET,1.1999999999999999e-05
2026-04-24 14:07:00,LINK,1.1000000000000001e-05
2026-04-24 14:07:00,LIT,1.1999999999999999e-05
2026-04-24 14:07:00,FOGO,-5.9e-05
2026-04-24 14:07:00,AERO,-1.5e-05
2026-04-24 14:07:00,MNT,1.1999999999999999e-05
2026-04-24 14:07:00,SYRUP,1.1999999999999999e-05
2026-04-24 14:07:00,PYTH,1.1999999999999999e-05
2026-04-24 14:07:00,TRX,0.0
2026-04-24 14:07:00,TAO,1.1000000000000001e-05
2026-04-24 14:07:00,WLD,-3.2e-05
2026-04-24 14:07:00,POL,1.1999999999999999e-05
2026-04-24 14:07:00,KAITO,-5.999999999999999e-06
2026-04-24 14:07:00,AAVE,1.1999999999999999e-05
2026-04-24 14:07:00,ASTER,-5e-06
2026-04-24 14:07:00,RESOLV,1.1999999999999999e-05
2026-04-24 14:07:00,FARTCOIN,1.1999999999999999e-05
2026-04-24 14:07:00,XMR,1.6e-05
2026-04-24 14:07:00,LINEA,1.1000000000000001e-05
2026-04-24 14:07:00,SKY,1.1999999999999999e-05
2026-04-24 14:07:00,2Z,-6.6e-05
2026-04-24 14:07:00,SUI,1.1999999999999999e-05
2026-04-24 14:07:00,SKR,-0.001699
2026-04-24 14:07:00,STABLE,-0.000601
2026-04-24 14:07:00,JUP,-2.9999999999999997e-06
2026-04-24 14:07:00,LTC,1.1000000000000001e-05
2026-04-24 14:07:00,BNB,1.1999999999999999e-05
2026-04-24 14:07:00,EIGEN,-5e-06
2026-04-24 14:07:00,CC,1.1999999999999999e-05
2026-04-24 14:07:00,SEI,1.1999999999999999e-05
2026-04-24 14:07:00,XRP,-5.999999999999999e-06
2026-04-24 14:07:00,0G,0.0
2026-04-24 14:07:00,ZORA,1.1999999999999999e-05
2026-04-24 14:07:00,APEX,1.1999999999999999e-05
2026-04-24 14:07:00,YZY,-0.000423
2026-04-24 14:07:00,PENDLE,1.1999999999999999e-05
2026-04-24 14:07:00,S,1.1999999999999999e-05
2026-04-24 14:07:00,BTC,1e-05
2026-04-24 14:07:00,AVAX,1.1999999999999999e-05
2026-04-24 14:07:00,PENGU,1.1999999999999999e-05
2026-04-24 14:07:00,VVV,1.1999999999999999e-05
2026-04-24 14:07:00,STRK,-9e-06
2026-04-24 14:07:00,CRV,-4e-06
2026-04-24 14:07:00,TON,-4.7999999999999994e-05
2026-04-24 14:07:00,APT,1.1999999999999999e-05
2026-04-24 14:07:00,HBAR,1.1999999999999999e-05
2026-04-24 14:07:00,POPCAT,1.1999999999999999e-05
2026-04-24 14:07:00,TRUMP,-2e-05
2026-04-24 14:07:00,PUMP,1.1999999999999999e-05
2026-04-24 14:07:00,ZRO,1.1999999999999999e-05
2026-04-24 14:07:00,XLM,1.1999999999999999e-05
2026-04-24 14:07:00,MEGA,1.7e-05
2026-04-24 14:07:00,ONDO,1.1999999999999999e-05
2026-04-24 14:07:00,DOGE,1.1999999999999999e-05
2026-04-24 14:07:00,BERA,-5.999999999999999e-06
2026-04-24 14:07:00,PROVE,-5.2e-05
2026-04-24 14:07:00,AVNT,1.1999999999999999e-05
2026-04-24 15:07:01,WLFI,-5.1000000000000006e-05
2026-04-24 15:07:01,YZY,-0.000177
2026-04-24 15:07:01,LDO,1.1999999999999999e-05
2026-04-24 15:07:01,APEX,1.1999999999999999e-05
2026-04-24 15:07:01,WIF,-0.000107
2026-04-24 15:07:01,LIT,1.1999999999999999e-05
2026-04-24 15:07:01,FIL,-7e-06
2026-04-24 15:07:01,MET,1.1999999999999999e-05
2026-04-24 15:07:01,ADA,1.1999999999999999e-05
2026-04-24 15:07:01,AAVE,1.1999999999999999e-05
2026-04-24 15:07:01,ETH,-5e-06
2026-04-24 15:07:01,KAITO,-4.2e-05
2026-04-24 15:07:01,OP,2.9999999999999997e-06
2026-04-24 15:07:01,BERA,-2.8e-05
2026-04-24 15:07:01,AZTEC,-6.1000000000000005e-05
2026-04-24 15:07:01,AVNT,-9.7e-05
2026-04-24 15:07:01,ETHFI,1.1999999999999999e-05
2026-04-24 15:07:01,SOL,-1.8e-05
2026-04-24 15:07:01,HBAR,1.1999999999999999e-05
2026-04-24 15:07:01,CHIP,1.1999999999999999e-05
2026-04-24 15:07:01,VVV,1.1999999999999999e-05
2026-04-24 15:07:01,DOT,-2.2000000000000003e-05
2026-04-24 15:07:01,JTO,-5.999999999999999e-06
2026-04-24 15:07:01,PYTH,1.1999999999999999e-05
2026-04-24 15:07:01,PUMP,2.9999999999999997e-06
2026-04-24 15:07:01,BNB,-1e-05
2026-04-24 15:07:01,NEAR,1.1999999999999999e-05
2026-04-24 15:07:01,PENGU,1.1999999999999999e-05
2026-04-24 15:07:01,SKR,-0.001137
2026-04-24 15:07:01,ASTER,1.1999999999999999e-05
2026-04-24 15:07:01,STABLE,-0.000509
2026-04-24 15:07:01,CC,1.1999999999999999e-05
2026-04-24 15:07:01,TRX,-4.1e-05
2026-04-24 15:07:01,GMX,-1e-06
2026-04-24 15:07:01,TAO,-1.4e-05
2026-04-24 15:07:01,UNI,1.1999999999999999e-05
2026-04-24 15:07:01,PAXG,1.1999999999999999e-05
2026-04-24 15:07:01,FOGO,-5.1000000000000006e-05
2026-04-24 15:07:01,IP,5e-06
2026-04-24 15:07:01,VIRTUAL,1.1999999999999999e-05
2026-04-24 15:07:01,POL,1.1999999999999999e-05
2026-04-24 15:07:01,BTC,-2e-06
2026-04-24 15:07:01,S,1.1000000000000001e-05
2026-04-24 15:07:01,ZEC,1.1999999999999999e-05
2026-04-24 15:07:01,ONDO,8e-06
2026-04-24 15:07:01,FARTCOIN,1.1999999999999999e-05
2026-04-24 15:07:01,PENDLE,1.1999999999999999e-05
2026-04-24 15:07:01,MON,-9.7e-05
2026-04-24 15:07:01,CRV,7e-06
2026-04-24 15:07:01,WLD,-6.8e-05
2026-04-24 15:07:01,AVAX,1.1999999999999999e-05
2026-04-24 15:07:01,DYDX,-2.3999999999999997e-05
2026-04-24 15:07:01,STBL,1.1999999999999999e-05
2026-04-24 15:07:01,SEI,1.1999999999999999e-05
2026-04-24 15:07:01,MNT,1.1999999999999999e-05
2026-04-24 15:07:01,0G,-5.999999999999999e-06
2026-04-24 15:07:01,SUI,1.1999999999999999e-05
2026-04-24 15:07:01,ZK,1.1999999999999999e-05
2026-04-24 15:07:01,EIGEN,-7.2e-05
2026-04-24 15:07:01,SKY,1.1999999999999999e-05
2026-04-24 15:07:01,XRP,-5.7999999999999994e-05
2026-04-24 15:07:01,2Z,-4.4999999999999996e-05
2026-04-24 15:07:01,AERO,1.1000000000000001e-05
2026-04-24 15:07:01,LINEA,-2.3e-05
2026-04-24 15:07:01,TON,-1.8e-05
2026-04-24 15:07:01,AXS,-1.6e-05
2026-04-24 15:07:01,RESOLV,1.1999999999999999e-05
2026-04-24 15:07:01,ENA,-5.999999999999999e-06
2026-04-24 15:07:01,TIA,-6.1000000000000005e-05
2026-04-24 15:07:01,PROVE,-8.099999999999999e-05
2026-04-24 15:07:01,XPL,-6.7e-05
2026-04-24 15:07:01,POPCAT,1.1999999999999999e-05
2026-04-24 15:07:01,ARB,-1.6e-05
2026-04-24 15:07:01,ZRO,1.1999999999999999e-05
2026-04-24 15:07:01,SYRUP,1.1999999999999999e-05
2026-04-24 15:07:01,DASH,1.1999999999999999e-05
2026-04-24 15:07:01,TRUMP,-4.7000000000000004e-05
2026-04-24 15:07:01,JUP,-3.5000000000000004e-05
2026-04-24 15:07:01,XLM,1.1999999999999999e-05
2026-04-24 15:07:01,ZORA,1.1999999999999999e-05
2026-04-24 15:07:01,MORPHO,-0.000181
2026-04-24 15:07:01,ICP,-1.1999999999999999e-05
2026-04-24 15:07:01,STRK,1.1000000000000001e-05
2026-04-24 15:07:01,MEGA,1.1999999999999999e-05
2026-04-24 15:07:01,LTC,-5.999999999999999e-06
2026-04-24 15:07:01,APT,9e-06
2026-04-24 15:07:01,HYPE,1.1999999999999999e-05
2026-04-24 15:07:01,XMR,6.5e-05
2026-04-24 15:07:01,GRASS,1.1999999999999999e-05
2026-04-24 15:07:01,DOGE,1.1999999999999999e-05
2026-04-24 15:07:01,SPX,1.1999999999999999e-05
2026-04-24 15:07:01,LINK,-1.9e-05
2026-04-24 15:07:01,BCH,1.1999999999999999e-05
2026-04-24 16:07:01,GRASS,5e-06
2026-04-24 16:07:01,JUP,-9e-06
2026-04-24 16:07:01,FIL,1.1999999999999999e-05
2026-04-24 16:07:01,UNI,1.1999999999999999e-05
2026-04-24 16:07:01,PUMP,1.1999999999999999e-05
2026-04-24 16:07:01,DOGE,1.1999999999999999e-05
2026-04-24 16:07:01,TRX,-0.00010200000000000001
2026-04-24 16:07:01,PYTH,1.1999999999999999e-05
2026-04-24 16:07:01,TIA,-2e-05
2026-04-24 16:07:01,BTC,8e-06
2026-04-24 16:07:01,SOL,-4e-06
2026-04-24 16:07:01,OP,1.1000000000000001e-05
2026-04-24 16:07:01,AZTEC,1.1999999999999999e-05
2026-04-24 16:07:01,ZEC,1.1000000000000001e-05
2026-04-24 16:07:01,LIT,1.1999999999999999e-05
2026-04-24 16:07:01,AAVE,1.1999999999999999e-05
2026-04-24 16:07:01,MON,9e-06
2026-04-24 16:07:01,TAO,-7e-06
2026-04-24 16:07:01,ICP,5.999999999999999e-06
2026-04-24 16:07:01,CRV,-1.9e-05
2026-04-24 16:07:01,PAXG,1.1999999999999999e-05
2026-04-24 16:07:01,SKY,1.1999999999999999e-05
2026-04-24 16:07:01,YZY,-0.000299
2026-04-24 16:07:01,AXS,-2e-05
2026-04-24 16:07:01,PROVE,-7.1e-05
2026-04-24 16:07:01,2Z,-8.800000000000001e-05
2026-04-24 16:07:01,IP,1.1999999999999999e-05
2026-04-24 16:07:01,VIRTUAL,1.1999999999999999e-05
2026-04-24 16:07:01,AVAX,1.1999999999999999e-05
2026-04-24 16:07:01,TON,-1.1999999999999999e-05
2026-04-24 16:07:01,ETH,9e-06
2026-04-24 16:07:01,SUI,1.1999999999999999e-05
2026-04-24 16:07:01,CC,1.1999999999999999e-05
2026-04-24 16:07:01,JTO,0.0
2026-04-24 16:07:01,TRUMP,-1.3e-05
2026-04-24 16:07:01,S,1.1999999999999999e-05
2026-04-24 16:07:01,LINEA,-5e-06
2026-04-24 16:07:01,DYDX,5.999999999999999e-06
2026-04-24 16:07:01,APT,1.1999999999999999e-05
2026-04-24 16:07:01,STABLE,-0.000178
2026-04-24 16:07:01,ADA,1.1999999999999999e-05
2026-04-24 16:07:01,ZRO,1.1999999999999999e-05
2026-04-24 16:07:01,XLM,1.1999999999999999e-05
2026-04-24 16:07:01,BERA,1e-05
2026-04-24 16:07:01,KAITO,-3.3e-05
2026-04-24 16:07:01,ETHFI,1.1999999999999999e-05
2026-04-24 16:07:01,APEX,1.1999999999999999e-05
2026-04-24 16:07:01,STBL,1.7e-05
2026-04-24 16:07:01,SKR,-0.00054
2026-04-24 16:07:01,WIF,-0.000103
2026-04-24 16:07:01,0G,-3.8e-05
2026-04-24 16:07:01,HBAR,1.1999999999999999e-05
2026-04-24 16:07:01,FOGO,-0.000121
2026-04-24 16:07:01,MEGA,1.1999999999999999e-05
2026-04-24 16:07:01,POL,1.1999999999999999e-05
2026-04-24 16:07:01,ARB,8e-06
2026-04-24 16:07:01,ENA,0.0
2026-04-24 16:07:01,GMX,1.1999999999999999e-05
2026-04-24 16:07:01,SEI,1.1999999999999999e-05
2026-04-24 16:07:01,CHIP,1.1999999999999999e-05
2026-04-24 16:07:01,WLFI,-1.8e-05
2026-04-24 16:07:01,NEAR,1.1999999999999999e-05
2026-04-24 16:07:01,SPX,1.1999999999999999e-05
2026-04-24 16:07:01,XMR,4.3e-05
2026-04-24 16:07:01,LINK,0.0
2026-04-24 16:07:01,STRK,9e-06
2026-04-24 16:07:01,BCH,1.1999999999999999e-05
2026-04-24 16:07:01,ZORA,1.1999999999999999e-05
2026-04-24 16:07:01,SYRUP,1.1999999999999999e-05
2026-04-24 16:07:01,AVNT,-4e-06
2026-04-24 16:07:01,XPL,-8.2e-05
2026-04-24 16:07:01,AERO,1.1999999999999999e-05
2026-04-24 16:07:01,MORPHO,-0.000112
2026-04-24 16:07:01,MET,1.1999999999999999e-05
2026-04-24 16:07:01,DASH,1.1999999999999999e-05
2026-04-24 16:07:01,HYPE,1.1999999999999999e-05
2026-04-24 16:07:01,ASTER,1.1999999999999999e-05
2026-04-24 16:07:01,LTC,1e-05
2026-04-24 16:07:01,POPCAT,1.1999999999999999e-05
2026-04-24 16:07:01,RESOLV,-1.9e-05
2026-04-24 16:07:01,ONDO,1.1999999999999999e-05
2026-04-24 16:07:01,WLD,-4e-05
2026-04-24 16:07:01,FARTCOIN,1.1999999999999999e-05
2026-04-24 16:07:01,PENGU,-4e-06
2026-04-24 16:07:01,XRP,-1.5e-05
2026-04-24 16:07:01,MNT,1.1999999999999999e-05
2026-04-24 16:07:01,VVV,8.999999999999999e-05
2026-04-24 16:07:01,LDO,1.1999999999999999e-05
2026-04-24 16:07:01,ZK,1.1999999999999999e-05
2026-04-24 16:07:01,BNB,4e-06
2026-04-24 16:07:01,DOT,-1.9e-05
2026-04-24 16:07:01,PENDLE,1.1999999999999999e-05
2026-04-24 16:07:01,EIGEN,-4.3e-05
2026-04-24 17:07:01,TRX,-0.000128
2026-04-24 17:07:01,EIGEN,-3.7000000000000005e-05
2026-04-24 17:07:01,AVAX,1.1999999999999999e-05
2026-04-24 17:07:01,2Z,-2.3e-05
2026-04-24 17:07:01,SKY,1.1999999999999999e-05
2026-04-24 17:07:01,WLFI,-7e-06
2026-04-24 17:07:01,APT,1.1999999999999999e-05
2026-04-24 17:07:01,PENDLE,1.1999999999999999e-05
2026-04-24 17:07:01,LINK,1e-06
2026-04-24 17:07:01,S,1.1999999999999999e-05
2026-04-24 17:07:01,TAO,4e-06
2026-04-24 17:07:01,WLD,-4.2e-05
2026-04-24 17:07:01,PAXG,1.1999999999999999e-05
2026-04-24 17:07:01,ADA,1.1999999999999999e-05
2026-04-24 17:07:01,ETHFI,1.1999999999999999e-05
2026-04-24 17:07:01,SOL,8e-06
2026-04-24 17:07:01,ARB,4e-06
2026-04-24 17:07:01,DASH,-1.4e-05
2026-04-24 17:07:01,VIRTUAL,1.1999999999999999e-05
2026-04-24 17:07:01,PROVE,-7e-06
2026-04-24 17:07:01,TON,4e-06
2026-04-24 17:07:01,FARTCOIN,1.1999999999999999e-05
2026-04-24 17:07:01,JUP,-1.7e-05
2026-04-24 17:07:01,AVNT,1.1999999999999999e-05
2026-04-24 17:07:01,KAITO,5.999999999999999e-06
2026-04-24 17:07:01,TIA,-3.3e-05
2026-04-24 17:07:01,ONDO,1.1999999999999999e-05
2026-04-24 17:07:01,SEI,1.1999999999999999e-05
2026-04-24 17:07:01,DOT,-1.1999999999999999e-05
2026-04-24 17:07:01,GRASS,1.1999999999999999e-05
2026-04-24 17:07:01,GMX,1.1999999999999999e-05
2026-04-24 17:07:01,BCH,1.1999999999999999e-05
2026-04-24 17:07:01,IP,1.1999999999999999e-05
2026-04-24 17:07:01,SUI,1.1999999999999999e-05
2026-04-24 17:07:01,BTC,-1e-06
2026-04-24 17:07:01,POL,1.1999999999999999e-05
2026-04-24 17:07:01,ZORA,1.1999999999999999e-05
2026-04-24 17:07:01,AZTEC,1.1999999999999999e-05
2026-04-24 17:07:01,YZY,5.7999999999999994e-05
2026-04-24 17:07:01,PYTH,1.1999999999999999e-05
2026-04-24 17:07:01,0G,1.1999999999999999e-05
2026-04-24 17:07:01,SPX,1.1999999999999999e-05
2026-04-24 17:07:01,APEX,1.1999999999999999e-05
2026-04-24 17:07:01,MORPHO,-9.499999999999999e-05
2026-04-24 17:07:01,AXS,-3.5000000000000004e-05
2026-04-24 17:07:01,XMR,8.099999999999999e-05
2026-04-24 17:07:01,BNB,1.1999999999999999e-05
2026-04-24 17:07:01,VVV,2.8999999999999997e-05
2026-04-24 17:07:01,DOGE,1.1999999999999999e-05
2026-04-24 17:07:01,LTC,1.1999999999999999e-05
2026-04-24 17:07:01,CRV,-3e-05
2026-04-24 17:07:01,MEGA,1.1999999999999999e-05
2026-04-24 17:07:01,POPCAT,1.1999999999999999e-05
2026-04-24 17:07:01,XLM,1.1999999999999999e-05
2026-04-24 17:07:01,ENA,1.1999999999999999e-05
2026-04-24 17:07:01,ICP,1.1999999999999999e-05
2026-04-24 17:07:01,WIF,7e-06
2026-04-24 17:07:01,LIT,1.1999999999999999e-05
2026-04-24 17:07:01,XRP,-1e-06
2026-04-24 17:07:01,OP,1.1999999999999999e-05
2026-04-24 17:07:01,MON,-5e-06
2026-04-24 17:07:01,PENGU,1.1999999999999999e-05
2026-04-24 17:07:01,HYPE,1.1000000000000001e-05
2026-04-24 17:07:01,AAVE,1.1999999999999999e-05
2026-04-24 17:07:01,CHIP,-1.4e-05
2026-04-24 17:07:01,XPL,-7.5e-05
2026-04-24 17:07:01,MET,1.1999999999999999e-05
2026-04-24 17:07:01,STABLE,-0.0006940000000000001
2026-04-24 17:07:01,NEAR,1.1999999999999999e-05
2026-04-24 17:07:01,ZK,1.1999999999999999e-05
2026-04-24 17:07:01,CC,1.1999999999999999e-05
2026-04-24 17:07:01,DYDX,1.1999999999999999e-05
2026-04-24 17:07:01,ASTER,1.1999999999999999e-05
2026-04-24 17:07:01,FOGO,4e-06
2026-04-24 17:07:01,ZRO,1.1999999999999999e-05
2026-04-24 17:07:01,RESOLV,1.1999999999999999e-05
2026-04-24 17:07:01,BERA,1.1999999999999999e-05
2026-04-24 17:07:01,LINEA,9e-06
2026-04-24 17:07:01,MNT,1.1999999999999999e-05
2026-04-24 17:07:01,ZEC,5e-06
2026-04-24 17:07:01,SYRUP,1.1999999999999999e-05
2026-04-24 17:07:01,STBL,0.000107
2026-04-24 17:07:01,STRK,2.9999999999999997e-06
2026-04-24 17:07:01,ETH,-2.9999999999999997e-06
2026-04-24 17:07:01,LDO,1.1999999999999999e-05
2026-04-24 17:07:01,SKR,-0.000774
2026-04-24 17:07:01,UNI,1.1999999999999999e-05
2026-04-24 17:07:01,PUMP,1.1999999999999999e-05
2026-04-24 17:07:01,HBAR,1.1999999999999999e-05
2026-04-24 17:07:01,AERO,1.1999999999999999e-05
2026-04-24 17:07:01,TRUMP,1.1000000000000001e-05
2026-04-24 17:07:01,FIL,1.1999999999999999e-05
2026-04-24 17:07:01,JTO,1.1999999999999999e-05
2026-04-24 18:07:00,IP,1.1999999999999999e-05
2026-04-24 18:07:00,AXS,1e-05
2026-04-24 18:07:00,DOT,2.9999999999999997e-06
2026-04-24 18:07:00,LDO,1.1999999999999999e-05
2026-04-24 18:07:00,SYRUP,1.1999999999999999e-05
2026-04-24 18:07:00,ETHFI,1.1999999999999999e-05
2026-04-24 18:07:00,STABLE,-0.000356
2026-04-24 18:07:00,LINK,-2.9999999999999997e-06
2026-04-24 18:07:00,AVNT,1.1999999999999999e-05
2026-04-24 18:07:00,ZORA,1.1999999999999999e-05
2026-04-24 18:07:00,MORPHO,-0.00016199999999999998
2026-04-24 18:07:00,FIL,1.1999999999999999e-05
2026-04-24 18:07:00,BNB,1.1999999999999999e-05
2026-04-24 18:07:00,GRASS,1.1999999999999999e-05
2026-04-24 18:07:00,VIRTUAL,1.1999999999999999e-05
2026-04-24 18:07:00,TAO,1e-05
2026-04-24 18:07:00,S,1.1999999999999999e-05
2026-04-24 18:07:00,HYPE,1.1999999999999999e-05
2026-04-24 18:07:00,TRX,-0.000132
2026-04-24 18:07:00,EIGEN,-3.6e-05
2026-04-24 18:07:00,GMX,2e-06
2026-04-24 18:07:00,DOGE,1.1999999999999999e-05
2026-04-24 18:07:00,ASTER,1.1999999999999999e-05
2026-04-24 18:07:00,ONDO,1.1999999999999999e-05
2026-04-24 18:07:00,SPX,1.1999999999999999e-05
2026-04-24 18:07:00,WLFI,0.0
2026-04-24 18:07:00,CC,1.1999999999999999e-05
2026-04-24 18:07:00,CRV,-5.6e-05
2026-04-24 18:07:00,PYTH,1.1999999999999999e-05
2026-04-24 18:07:00,SKY,1.1999999999999999e-05
2026-04-24 18:07:00,MON,1.1000000000000001e-05
2026-04-24 18:07:00,YZY,0.000208
2026-04-24 18:07:00,STRK,-8e-06
2026-04-24 18:07:00,LTC,1.1999999999999999e-05
2026-04-24 18:07:00,TIA,-3.8e-05
2026-04-24 18:07:00,POL,1.1999999999999999e-05
2026-04-24 18:07:00,VVV,4.4999999999999996e-05
2026-04-24 18:07:00,WLD,-1.7e-05
2026-04-24 18:07:00,ZRO,1.1999999999999999e-05
2026-04-24 18:07:00,FARTCOIN,1.1999999999999999e-05
2026-04-24 18:07:00,2Z,-3.4e-05
2026-04-24 18:07:00,PENDLE,1.1999999999999999e-05
2026-04-24 18:07:00,PAXG,1.1999999999999999e-05
2026-04-24 18:07:00,OP,1.1999999999999999e-05
2026-04-24 18:07:00,BERA,-1.5e-05
2026-04-24 18:07:00,TRUMP,1.1999999999999999e-05
2026-04-24 18:07:00,SUI,1.1999999999999999e-05
2026-04-24 18:07:00,WIF,-9.3e-05
2026-04-24 18:07:00,CHIP,9e-06
2026-04-24 18:07:00,AVAX,1.1999999999999999e-05
2026-04-24 18:07:00,AERO,1.1999999999999999e-05
2026-04-24 18:07:00,DASH,1.1999999999999999e-05
2026-04-24 18:07:00,MNT,1.1999999999999999e-05
2026-04-24 18:07:00,ZEC,1.1999999999999999e-05
2026-04-24 18:07:00,LIT,1.1999999999999999e-05
2026-04-24 18:07:00,BTC,-2e-06
2026-04-24 18:07:00,SOL,-2e-06
2026-04-24 18:07:00,UNI,1.1999999999999999e-05
2026-04-24 18:07:00,NEAR,1.1999999999999999e-05
2026-04-24 18:07:00,ETH,0.0
2026-04-24 18:07:00,HBAR,1.1999999999999999e-05
2026-04-24 18:07:00,ZK,9e-06
2026-04-24 18:07:00,SEI,1.1999999999999999e-05
2026-04-24 18:07:00,JUP,-1.6e-05
2026-04-24 18:07:00,XPL,-2.6e-05
2026-04-24 18:07:00,RESOLV,1.1999999999999999e-05
2026-04-24 18:07:00,PENGU,1.1999999999999999e-05
2026-04-24 18:07:00,SKR,-0.000925
2026-04-24 18:07:00,0G,1.1999999999999999e-05
2026-04-24 18:07:00,AAVE,1.1999999999999999e-05
2026-04-24 18:07:00,MET,1.1999999999999999e-05
2026-04-24 18:07:00,FOGO,-0.000104
2026-04-24 18:07:00,LINEA,5e-06
2026-04-24 18:07:00,ARB,4e-06
2026-04-24 18:07:00,POPCAT,1.1999999999999999e-05
2026-04-24 18:07:00,JTO,-4e-06
2026-04-24 18:07:00,STBL,1.6e-05
2026-04-24 18:07:00,DYDX,1.1999999999999999e-05
2026-04-24 18:07:00,XRP,5e-06
2026-04-24 18:07:00,APT,1.1999999999999999e-05
2026-04-24 18:07:00,KAITO,1.1999999999999999e-05
2026-04-24 18:07:00,ADA,1.1999999999999999e-05
2026-04-24 18:07:00,ENA,1.1999999999999999e-05
2026-04-24 18:07:00,MEGA,1.1999999999999999e-05
2026-04-24 18:07:00,ICP,1.1999999999999999e-05
2026-04-24 18:07:00,BCH,1.1999999999999999e-05
2026-04-24 18:07:00,APEX,1.1999999999999999e-05
2026-04-24 18:07:00,PUMP,1.1999999999999999e-05
2026-04-24 18:07:00,XMR,6.8e-05
2026-04-24 18:07:00,PROVE,2.9999999999999997e-06
2026-04-24 18:07:00,TON,1.1999999999999999e-05
2026-04-24 18:07:00,XLM,1.1999999999999999e-05
2026-04-24 18:07:00,AZTEC,1.1999999999999999e-05
2026-04-24 19:07:00,NEAR,1.1999999999999999e-05
2026-04-24 19:07:00,S,1.1999999999999999e-05
2026-04-24 19:07:00,DYDX,1e-05
2026-04-24 19:07:00,UNI,1.1999999999999999e-05
2026-04-24 19:07:00,APT,1.1999999999999999e-05
2026-04-24 19:07:00,ZK,-2.9999999999999997e-06
2026-04-24 19:07:00,CHIP,3.4e-05
2026-04-24 19:07:00,AZTEC,0.0
2026-04-24 19:07:00,0G,1.1999999999999999e-05
2026-04-24 19:07:00,APEX,1.1999999999999999e-05
2026-04-24 19:07:00,POL,1.1999999999999999e-05
2026-04-24 19:07:00,WLFI,1e-05
2026-04-24 19:07:00,OP,1.1999999999999999e-05
2026-04-24 19:07:00,VIRTUAL,1.1000000000000001e-05
2026-04-24 19:07:00,LTC,2e-06
2026-04-24 19:07:00,ASTER,1.1999999999999999e-05
2026-04-24 19:07:00,POPCAT,1.1999999999999999e-05
2026-04-24 19:07:00,PENDLE,1.1999999999999999e-05
2026-04-24 19:07:00,HBAR,1.1999999999999999e-05
2026-04-24 19:07:00,2Z,-0.00010200000000000001
2026-04-24 19:07:00,STBL,1.4e-05
2026-04-24 19:07:00,BCH,1.1999999999999999e-05
2026-04-24 19:07:00,EIGEN,-4.1e-05
2026-04-24 19:07:00,MET,1.1999999999999999e-05
2026-04-24 19:07:00,CC,1.1999999999999999e-05
2026-04-24 19:07:00,PAXG,1.1999999999999999e-05
2026-04-24 19:07:00,SPX,1.1999999999999999e-05
2026-04-24 19:07:00,TON,1.1999999999999999e-05
2026-04-24 19:07:00,ICP,1.1999999999999999e-05
2026-04-24 19:07:00,KAITO,1.1999999999999999e-05
2026-04-24 19:07:00,ETH,-1e-06
2026-04-24 19:07:00,SKY,1.1999999999999999e-05
2026-04-24 19:07:00,WIF,-5e-05
2026-04-24 19:07:00,ZEC,1.1999999999999999e-05
2026-04-24 19:07:00,AVNT,1.1999999999999999e-05
2026-04-24 19:07:00,PUMP,1.1999999999999999e-05
2026-04-24 19:07:00,MORPHO,-0.00016199999999999998
2026-04-24 19:07:00,WLD,-3.2e-05
2026-04-24 19:07:00,DOGE,1.1999999999999999e-05
2026-04-24 19:07:00,JTO,-4e-06
2026-04-24 19:07:00,CRV,-2.6e-05
2026-04-24 19:07:00,AXS,-2.7000000000000002e-05
2026-04-24 19:07:00,LIT,1.1999999999999999e-05
2026-04-24 19:07:00,HYPE,1.1999999999999999e-05
2026-04-24 19:07:00,ETHFI,1.1999999999999999e-05
2026-04-24 19:07:00,PROVE,-4.4999999999999996e-05
2026-04-24 19:07:00,AERO,1.1999999999999999e-05
2026-04-24 19:07:00,ENA,2.9999999999999997e-06
2026-04-24 19:07:00,TRX,-0.000146
2026-04-24 19:07:00,BNB,-1e-06
2026-04-24 19:07:00,AAVE,1.1999999999999999e-05
2026-04-24 19:07:00,JUP,-4.2e-05
2026-04-24 19:07:00,ADA,1.1999999999999999e-05
2026-04-24 19:07:00,FIL,1.1999999999999999e-05
2026-04-24 19:07:00,STABLE,-0.000513
2026-04-24 19:07:00,GRASS,1.1999999999999999e-05
2026-04-24 19:07:00,MNT,1.1999999999999999e-05
2026-04-24 19:07:00,IP,1.1999999999999999e-05
2026-04-24 19:07:00,SEI,1.1999999999999999e-05
2026-04-24 19:07:00,ONDO,1.1999999999999999e-05
2026-04-24 19:07:00,XPL,-4.4000000000000006e-05
2026-04-24 19:07:00,STRK,-2e-06
2026-04-24 19:07:00,BTC,5e-06
2026-04-24 19:07:00,GMX,1.1999999999999999e-05
2026-04-24 19:07:00,BERA,1.1999999999999999e-05
2026-04-24 19:07:00,SKR,-0.0007109999999999999
2026-04-24 19:07:00,DASH,1.1999999999999999e-05
2026-04-24 19:07:00,RESOLV,1.1999999999999999e-05
2026-04-24 19:07:00,DOT,1.1000000000000001e-05
2026-04-24 19:07:00,YZY,0.00012
2026-04-24 19:07:00,AVAX,1.1999999999999999e-05
2026-04-24 19:07:00,VVV,4e-05
2026-04-24 19:07:00,TRUMP,-2.7000000000000002e-05
2026-04-24 19:07:00,PYTH,1.1999999999999999e-05
2026-04-24 19:07:00,FARTCOIN,1.1999999999999999e-05
2026-04-24 19:07:00,SOL,-1.1999999999999999e-05
2026-04-24 19:07:00,LINK,1.1000000000000001e-05
2026-04-24 19:07:00,XMR,8.099999999999999e-05
2026-04-24 19:07:00,LINEA,1.1999999999999999e-05
2026-04-24 19:07:00,MON,1.1999999999999999e-05
2026-04-24 19:07:00,SYRUP,1.1999999999999999e-05
2026-04-24 19:07:00,ARB,5e-06
2026-04-24 19:07:00,XLM,1.1999999999999999e-05
2026-04-24 19:07:00,PENGU,1.1999999999999999e-05
2026-04-24 19:07:00,SUI,1.1999999999999999e-05
2026-04-24 19:07:00,XRP,-7e-06
2026-04-24 19:07:00,MEGA,1.1999999999999999e-05
2026-04-24 19:07:00,TAO,1.1999999999999999e-05
2026-04-24 19:07:00,TIA,-4.7000000000000004e-05
2026-04-24 19:07:00,ZORA,1.1999999999999999e-05
2026-04-24 19:07:00,LDO,1.1999999999999999e-05
2026-04-24 19:07:00,FOGO,-3.3e-05
2026-04-24 19:07:00,ZRO,1.1999999999999999e-05
2026-04-24 20:07:00,ETH,2e-06
2026-04-24 20:07:00,ENA,7e-06
2026-04-24 20:07:00,ONDO,1.1999999999999999e-05
2026-04-24 20:07:00,RESOLV,1.1999999999999999e-05
2026-04-24 20:07:00,ZORA,1.1999999999999999e-05
2026-04-24 20:07:00,ICP,1.1999999999999999e-05
2026-04-24 20:07:00,JUP,7e-06
2026-04-24 20:07:00,ARB,2.9999999999999997e-06
2026-04-24 20:07:00,SKR,-0.000582
2026-04-24 20:07:00,JTO,1e-05
2026-04-24 20:07:00,DASH,1.1999999999999999e-05
2026-04-24 20:07:00,GMX,1.1999999999999999e-05
2026-04-24 20:07:00,STABLE,-0.00046499999999999997
2026-04-24 20:07:00,NEAR,1.1999999999999999e-05
2026-04-24 20:07:00,SPX,1.1999999999999999e-05
2026-04-24 20:07:00,WLFI,1.1999999999999999e-05
2026-04-24 20:07:00,TRX,-0.000139
2026-04-24 20:07:00,SOL,1e-06
2026-04-24 20:07:00,UNI,1.1999999999999999e-05
2026-04-24 20:07:00,ZEC,1.1999999999999999e-05
2026-04-24 20:07:00,HYPE,1.1999999999999999e-05
2026-04-24 20:07:00,LIT,1.1999999999999999e-05
2026-04-24 20:07:00,AAVE,1.1999999999999999e-05
2026-04-24 20:07:00,WLD,-2.3999999999999997e-05
2026-04-24 20:07:00,AERO,1.1999999999999999e-05
2026-04-24 20:07:00,TON,1.1999999999999999e-05
2026-04-24 20:07:00,AVAX,1.1999999999999999e-05
2026-04-24 20:07:00,VIRTUAL,1.1999999999999999e-05
2026-04-24 20:07:00,AXS,5.999999999999999e-06
2026-04-24 20:07:00,STBL,1.1999999999999999e-05
2026-04-24 20:07:00,VVV,0.000104
2026-04-24 20:07:00,XRP,7e-06
2026-04-24 20:07:00,ZK,1.1999999999999999e-05
2026-04-24 20:07:00,MET,8e-06
2026-04-24 20:07:00,S,1.1999999999999999e-05
2026-04-24 20:07:00,FIL,1.1999999999999999e-05
2026-04-24 20:07:00,2Z,-2.1e-05
2026-04-24 20:07:00,FOGO,-4.1e-05
2026-04-24 20:07:00,BCH,1.1999999999999999e-05
2026-04-24 20:07:00,SEI,1.1999999999999999e-05
2026-04-24 20:07:00,MNT,1.1999999999999999e-05
2026-04-24 20:07:00,MEGA,1.1999999999999999e-05
2026-04-24 20:07:00,SYRUP,1.1999999999999999e-05
2026-04-24 20:07:00,APEX,1.1999999999999999e-05
2026-04-24 20:07:00,PENGU,1.1999999999999999e-05
2026-04-24 20:07:00,XLM,1.1999999999999999e-05
2026-04-24 20:07:00,SUI,1.1999999999999999e-05
2026-04-24 20:07:00,XPL,-1.8e-05
2026-04-24 20:07:00,MON,1.1999999999999999e-05
2026-04-24 20:07:00,FARTCOIN,1.1999999999999999e-05
2026-04-24 20:07:00,POPCAT,1.1999999999999999e-05
2026-04-24 20:07:00,PENDLE,1.1999999999999999e-05
2026-04-24 20:07:00,BTC,5e-06
2026-04-24 20:07:00,TIA,-2.8999999999999997e-05
2026-04-24 20:07:00,POL,1.1999999999999999e-05
2026-04-24 20:07:00,PROVE,-3.9e-05
2026-04-24 20:07:00,KAITO,1.1999999999999999e-05
2026-04-24 20:07:00,ADA,1.1999999999999999e-05
2026-04-24 20:07:00,ZRO,1.1999999999999999e-05
2026-04-24 20:07:00,LINEA,1e-06
2026-04-24 20:07:00,MORPHO,-4e-06
2026-04-24 20:07:00,LTC,2.9999999999999997e-06
2026-04-24 20:07:00,CHIP,1.3e-05
2026-04-24 20:07:00,YZY,-0.001213
2026-04-24 20:07:00,BNB,5e-06
2026-04-24 20:07:00,PAXG,1.1999999999999999e-05
2026-04-24 20:07:00,DOT,7e-06
2026-04-24 20:07:00,CC,1.1999999999999999e-05
2026-04-24 20:07:00,CRV,-2e-06
2026-04-24 20:07:00,SKY,1.1999999999999999e-05
2026-04-24 20:07:00,TRUMP,1e-05
2026-04-24 20:07:00,STRK,9e-06
2026-04-24 20:07:00,GRASS,1.1999999999999999e-05
2026-04-24 20:07:00,DYDX,1.1999999999999999e-05
2026-04-24 20:07:00,EIGEN,-3.9e-05
2026-04-24 20:07:00,0G,1.1999999999999999e-05
2026-04-24 20:07:00,AZTEC,1.1999999999999999e-05
2026-04-24 20:07:00,APT,1.1999999999999999e-05
2026-04-24 20:07:00,LDO,1.1999999999999999e-05
2026-04-24 20:07:00,PYTH,1.1999999999999999e-05
2026-04-24 20:07:00,XMR,0.000136
2026-04-24 20:07:00,ETHFI,1.1999999999999999e-05
2026-04-24 20:07:00,WIF,-6.2e-05
2026-04-24 20:07:00,PUMP,1.1999999999999999e-05
2026-04-24 20:07:00,TAO,-2.1e-05
2026-04-24 20:07:00,IP,-2.8999999999999997e-05
2026-04-24 20:07:00,ASTER,1.1999999999999999e-05
2026-04-24 20:07:00,HBAR,1.1999999999999999e-05
2026-04-24 20:07:00,AVNT,1.1999999999999999e-05
2026-04-24 20:07:00,LINK,1.1999999999999999e-05
2026-04-24 20:07:00,BERA,1.1999999999999999e-05
2026-04-24 20:07:00,DOGE,1.1999999999999999e-05
2026-04-24 20:07:00,OP,1.1999999999999999e-05
2026-04-24 21:07:01,MET,1.1999999999999999e-05
2026-04-24 21:07:01,BTC,1.1000000000000001e-05
2026-04-24 21:07:01,SKR,-0.00046600000000000005
2026-04-24 21:07:01,EIGEN,-3.8e-05
2026-04-24 21:07:01,STABLE,-0.000433
2026-04-24 21:07:01,MON,1.1999999999999999e-05
2026-04-24 21:07:01,MEGA,1.1999999999999999e-05
2026-04-24 21:07:01,YZY,-0.000939
2026-04-24 21:07:01,FIL,-7e-06
2026-04-24 21:07:01,CC,1.1999999999999999e-05
2026-04-24 21:07:01,ASTER,1.1999999999999999e-05
2026-04-24 21:07:01,RESOLV,1.1999999999999999e-05
2026-04-24 21:07:01,APT,1.1999999999999999e-05
2026-04-24 21:07:01,ENA,-1e-06
2026-04-24 21:07:01,ETHFI,1.1999999999999999e-05
2026-04-24 21:07:01,TON,1.1999999999999999e-05
2026-04-24 21:07:01,WIF,-7.2e-05
2026-04-24 21:07:01,LTC,-1e-06
2026-04-24 21:07:01,MORPHO,-8.5e-05
2026-04-24 21:07:01,ONDO,1.1999999999999999e-05
2026-04-24 21:07:01,PENGU,5e-06
2026-04-24 21:07:01,VIRTUAL,1.1000000000000001e-05
2026-04-24 21:07:01,FOGO,1.1000000000000001e-05
2026-04-24 21:07:01,AVAX,1.1999999999999999e-05
2026-04-24 21:07:01,SOL,5e-06
2026-04-24 21:07:01,BCH,1.1999999999999999e-05
2026-04-24 21:07:01,ZEC,-9e-06
2026-04-24 21:07:01,OP,1.1999999999999999e-05
2026-04-24 21:07:01,DYDX,1.1999999999999999e-05
2026-04-24 21:07:01,SEI,1.1999999999999999e-05
2026-04-24 21:07:01,PAXG,1.1999999999999999e-05
2026-04-24 21:07:01,0G,1.1999999999999999e-05
2026-04-24 21:07:01,SPX,1.1999999999999999e-05
2026-04-24 21:07:01,WLFI,1.1000000000000001e-05
2026-04-24 21:07:01,PYTH,1.1999999999999999e-05
2026-04-24 21:07:01,PUMP,1.1999999999999999e-05
2026-04-24 21:07:01,HBAR,1.1999999999999999e-05
2026-04-24 21:07:01,HYPE,1.1999999999999999e-05
2026-04-24 21:07:01,XRP,1.1000000000000001e-05
2026-04-24 21:07:01,LINK,1.1999999999999999e-05
2026-04-24 21:07:01,XLM,1.1999999999999999e-05
2026-04-24 21:07:01,ZK,1.1999999999999999e-05
2026-04-24 21:07:01,MNT,1.1999999999999999e-05
2026-04-24 21:07:01,LINEA,1.1999999999999999e-05
2026-04-24 21:07:01,ADA,1.1999999999999999e-05
2026-04-24 21:07:01,PROVE,-0.000107
2026-04-24 21:07:01,KAITO,1e-06
2026-04-24 21:07:01,AVNT,1.1999999999999999e-05
2026-04-24 21:07:01,ICP,-5e-06
2026-04-24 21:07:01,JTO,1.1999999999999999e-05
2026-04-24 21:07:01,CRV,1e-05
2026-04-24 21:07:01,JUP,0.0
2026-04-24 21:07:01,ETH,9e-06
2026-04-24 21:07:01,SYRUP,1.1999999999999999e-05
2026-04-24 21:07:01,2Z,-2.8e-05
2026-04-24 21:07:01,LIT,1.1999999999999999e-05
2026-04-24 21:07:01,VVV,3.2e-05
2026-04-24 21:07:01,STRK,-5.7e-05
2026-04-24 21:07:01,TRX,-0.000136
2026-04-24 21:07:01,POL,1.1999999999999999e-05
2026-04-24 21:07:01,LDO,1.1999999999999999e-05
2026-04-24 21:07:01,CHIP,1.1999999999999999e-05
2026-04-24 21:07:01,STBL,1.1999999999999999e-05
2026-04-24 21:07:01,BNB,-1e-06
2026-04-24 21:07:01,DOGE,1.1999999999999999e-05
2026-04-24 21:07:01,GMX,-1.4e-05
2026-04-24 21:07:01,ZRO,1.1999999999999999e-05
2026-04-24 21:07:01,AXS,1.1000000000000001e-05
2026-04-24 21:07:01,ZORA,1.1999999999999999e-05
2026-04-24 21:07:01,WLD,-3.8e-05
2026-04-24 21:07:01,BERA,1.1999999999999999e-05
2026-04-24 21:07:01,DASH,1.1999999999999999e-05
2026-04-24 21:07:01,TIA,-2.3999999999999997e-05
2026-04-24 21:07:01,XMR,5.7e-05
2026-04-24 21:07:01,UNI,1.1999999999999999e-05
2026-04-24 21:07:01,TAO,9e-06
2026-04-24 21:07:01,AERO,1.1999999999999999e-05
2026-04-24 21:07:01,PENDLE,1.1999999999999999e-05
2026-04-24 21:07:01,IP,1.1000000000000001e-05
2026-04-24 21:07:01,SUI,1.1999999999999999e-05
2026-04-24 21:07:01,S,1.1999999999999999e-05
2026-04-24 21:07:01,GRASS,1.1999999999999999e-05
2026-04-24 21:07:01,POPCAT,1.1999999999999999e-05
2026-04-24 21:07:01,SKY,1.1999999999999999e-05
2026-04-24 21:07:01,AAVE,1.1999999999999999e-05
2026-04-24 21:07:01,XPL,-1.8e-05
2026-04-24 21:07:01,APEX,1.1999999999999999e-05
2026-04-24 21:07:01,DOT,1e-05
2026-04-24 21:07:01,NEAR,1.1999999999999999e-05
2026-04-24 21:07:01,TRUMP,1.1999999999999999e-05
2026-04-24 21:07:01,ARB,1.1999999999999999e-05
2026-04-24 21:07:01,FARTCOIN,1.1999999999999999e-05
2026-04-24 21:07:01,AZTEC,1.1999999999999999e-05
2026-04-24 22:07:00,GMX,-3.5000000000000004e-05
2026-04-24 22:07:00,TRUMP,-1.9e-05
2026-04-24 22:07:00,PAXG,1.1999999999999999e-05
2026-04-24 22:07:00,TIA,-4.7000000000000004e-05
2026-04-24 22:07:00,VVV,1.3e-05
2026-04-24 22:07:00,S,-2.9999999999999997e-06
2026-04-24 22:07:00,AERO,-3.8e-05
2026-04-24 22:07:00,OP,1e-05
2026-04-24 22:07:00,ENA,-1e-05
2026-04-24 22:07:00,RESOLV,1.1999999999999999e-05
2026-04-24 22:07:00,WLFI,-4.4999999999999996e-05
2026-04-24 22:07:00,SKR,-0.000225
2026-04-24 22:07:00,CHIP,1.1999999999999999e-05
2026-04-24 22:07:00,LDO,1.1999999999999999e-05
2026-04-24 22:07:00,APEX,1.1999999999999999e-05
2026-04-24 22:07:00,ZORA,1.1999999999999999e-05
2026-04-24 22:07:00,TON,7e-06
2026-04-24 22:07:00,MNT,1.1999999999999999e-05
2026-04-24 22:07:00,PROVE,-0.00018700000000000002
2026-04-24 22:07:00,LINEA,5.999999999999999e-06
2026-04-24 22:07:00,AVAX,1.1999999999999999e-05
2026-04-24 22:07:00,ZK,0.0
2026-04-24 22:07:00,BCH,1.1999999999999999e-05
2026-04-24 22:07:00,SKY,1.1999999999999999e-05
2026-04-24 22:07:00,ZRO,1.1999999999999999e-05
2026-04-24 22:07:00,ONDO,1.1999999999999999e-05
2026-04-24 22:07:00,MET,-5.999999999999999e-06
2026-04-24 22:07:00,SOL,1.1999999999999999e-05
2026-04-24 22:07:00,BTC,0.0
2026-04-24 22:07:00,PENGU,-2e-06
2026-04-24 22:07:00,HBAR,1.1999999999999999e-05
2026-04-24 22:07:00,NEAR,9e-06
2026-04-24 22:07:00,XMR,0.000104
2026-04-24 22:07:00,VIRTUAL,-8e-06
2026-04-24 22:07:00,EIGEN,-4.2e-05
2026-04-24 22:07:00,XLM,1.1999999999999999e-05
2026-04-24 22:07:00,SUI,1.1999999999999999e-05
2026-04-24 22:07:00,MORPHO,-0.000106
2026-04-24 22:07:00,SYRUP,1.1999999999999999e-05
2026-04-24 22:07:00,PENDLE,1.1999999999999999e-05
2026-04-24 22:07:00,2Z,-1.8e-05
2026-04-24 22:07:00,YZY,-0.001027
2026-04-24 22:07:00,AXS,-1.4e-05
2026-04-24 22:07:00,TAO,8e-06
2026-04-24 22:07:00,AVNT,2.9999999999999997e-06
2026-04-24 22:07:00,JUP,-6.5e-05
2026-04-24 22:07:00,STABLE,-0.000346
2026-04-24 22:07:00,WLD,-7.1e-05
2026-04-24 22:07:00,AZTEC,1.1999999999999999e-05
2026-04-24 22:07:00,DASH,1.1999999999999999e-05
2026-04-24 22:07:00,SEI,1.1999999999999999e-05
2026-04-24 22:07:00,DOT,5.999999999999999e-06
2026-04-24 22:07:00,ASTER,1.1999999999999999e-05
2026-04-24 22:07:00,MON,1.1000000000000001e-05
2026-04-24 22:07:00,CC,1.1999999999999999e-05
2026-04-24 22:07:00,PUMP,2.9999999999999997e-06
2026-04-24 22:07:00,ZEC,7e-06
2026-04-24 22:07:00,WIF,-8.800000000000001e-05
2026-04-24 22:07:00,GRASS,1.1999999999999999e-05
2026-04-24 22:07:00,ETH,7e-06
2026-04-24 22:07:00,FIL,-1.1000000000000001e-05
2026-04-24 22:07:00,FARTCOIN,1.1999999999999999e-05
2026-04-24 22:07:00,BNB,-1e-06
2026-04-24 22:07:00,CRV,1e-05
2026-04-24 22:07:00,UNI,1.1999999999999999e-05
2026-04-24 22:07:00,IP,1.1999999999999999e-05
2026-04-24 22:07:00,BERA,-4.4999999999999996e-05
2026-04-24 22:07:00,APT,1e-05
2026-04-24 22:07:00,ICP,-4e-05
2026-04-24 22:07:00,STBL,1.1999999999999999e-05
2026-04-24 22:07:00,XRP,5e-06
2026-04-24 22:07:00,DOGE,1.1999999999999999e-05
2026-04-24 22:07:00,ARB,5.999999999999999e-06
2026-04-24 22:07:00,FOGO,-0.000134
2026-04-24 22:07:00,POPCAT,1.1999999999999999e-05
2026-04-24 22:07:00,DYDX,1.1999999999999999e-05
2026-04-24 22:07:00,LTC,-8e-06
2026-04-24 22:07:00,LIT,1.1999999999999999e-05
2026-04-24 22:07:00,LINK,1e-05
2026-04-24 22:07:00,HYPE,1.1999999999999999e-05
2026-04-24 22:07:00,XPL,-3.3e-05
2026-04-24 22:07:00,JTO,-1.4e-05
2026-04-24 22:07:00,ADA,1.1000000000000001e-05
2026-04-24 22:07:00,PYTH,1.1999999999999999e-05
2026-04-24 22:07:00,POL,1.1999999999999999e-05
2026-04-24 22:07:00,SPX,1.1999999999999999e-05
2026-04-24 22:07:00,ETHFI,1.1999999999999999e-05
2026-04-24 22:07:00,0G,1.1999999999999999e-05
2026-04-24 22:07:00,AAVE,1.1999999999999999e-05
2026-04-24 22:07:00,MEGA,1.1999999999999999e-05
2026-04-24 22:07:00,KAITO,1e-05
2026-04-24 22:07:00,STRK,-0.000103
2026-04-24 22:07:00,TRX,-0.000129
2026-04-24 23:07:01,WLFI,-1e-05
2026-04-24 23:07:01,STABLE,-0.000624
2026-04-24 23:07:01,TRX,-0.00010800000000000001
2026-04-24 23:07:01,AERO,-3.4e-05
2026-04-24 23:07:01,STBL,1.1999999999999999e-05
2026-04-24 23:07:01,PUMP,1.1999999999999999e-05
2026-04-24 23:07:01,TRUMP,-4e-05
2026-04-24 23:07:01,SEI,1.1999999999999999e-05
2026-04-24 23:07:01,SKY,1.1999999999999999e-05
2026-04-24 23:07:01,ASTER,1.1999999999999999e-05
2026-04-24 23:07:01,ARB,1.1000000000000001e-05
2026-04-24 23:07:01,DOGE,1.1999999999999999e-05
2026-04-24 23:07:01,DOT,-2.1e-05
2026-04-24 23:07:01,ICP,8e-06
2026-04-24 23:07:01,AVAX,1.1999999999999999e-05
2026-04-24 23:07:01,FIL,-1.8e-05
2026-04-24 23:07:01,UNI,1.1999999999999999e-05
2026-04-24 23:07:01,POL,1.1999999999999999e-05
2026-04-24 23:07:01,PAXG,1.1999999999999999e-05
2026-04-24 23:07:01,FOGO,-7.5e-05
2026-04-24 23:07:01,2Z,-0.000103
2026-04-24 23:07:01,LINK,1.1999999999999999e-05
2026-04-24 23:07:01,LTC,9e-06
2026-04-24 23:07:01,DYDX,1.1999999999999999e-05
2026-04-24 23:07:01,HYPE,1.1999999999999999e-05
2026-04-24 23:07:01,AZTEC,1.1999999999999999e-05
2026-04-24 23:07:01,STRK,-3.2e-05
2026-04-24 23:07:01,SUI,1.1999999999999999e-05
2026-04-24 23:07:01,POPCAT,1.1999999999999999e-05
2026-04-24 23:07:01,DASH,1.1999999999999999e-05
2026-04-24 23:07:01,VVV,1.3e-05
2026-04-24 23:07:01,TAO,1.1000000000000001e-05
2026-04-24 23:07:01,RESOLV,1.1999999999999999e-05
2026-04-24 23:07:01,BNB,2.9999999999999997e-06
2026-04-24 23:07:01,LINEA,-1.6e-05
2026-04-24 23:07:01,ENA,-2.2000000000000003e-05
2026-04-24 23:07:01,ETH,0.0
2026-04-24 23:07:01,XMR,0.000128
2026-04-24 23:07:01,CC,-1e-05
2026-04-24 23:07:01,AVNT,1.1999999999999999e-05
2026-04-24 23:07:01,MET,-9e-06
2026-04-24 23:07:01,WLD,-3.7000000000000005e-05
2026-04-24 23:07:01,XRP,-1e-05
2026-04-24 23:07:01,ZEC,-5.999999999999999e-06
2026-04-24 23:07:01,TON,-1.3e-05
2026-04-24 23:07:01,JTO,5.999999999999999e-06
2026-04-24 23:07:01,YZY,-0.0007620000000000001
2026-04-24 23:07:01,MON,1e-05
2026-04-24 23:07:01,BTC,-5.999999999999999e-06
2026-04-24 23:07:01,AAVE,1.1999999999999999e-05
2026-04-24 23:07:01,ZORA,1.1999999999999999e-05
2026-04-24 23:07:01,EIGEN,-6.5e-05
2026-04-24 23:07:01,TIA,-4.6e-05
2026-04-24 23:07:01,SYRUP,1.1999999999999999e-05
2026-04-24 23:07:01,BCH,1.1999999999999999e-05
2026-04-24 23:07:01,MNT,1.1999999999999999e-05
2026-04-24 23:07:01,FARTCOIN,1.1999999999999999e-05
2026-04-24 23:07:01,SOL,1.1999999999999999e-05
2026-04-24 23:07:01,S,8e-06
2026-04-24 23:07:01,MEGA,1.1999999999999999e-05
2026-04-24 23:07:01,LDO,0.0
2026-04-24 23:07:01,CHIP,1.1999999999999999e-05
2026-04-24 23:07:01,NEAR,1.1999999999999999e-05
2026-04-24 23:07:01,XPL,-1.1999999999999999e-05
2026-04-24 23:07:01,XLM,1.1999999999999999e-05
2026-04-24 23:07:01,BERA,-5.9e-05
2026-04-24 23:07:01,PROVE,-0.00015800000000000002
2026-04-24 23:07:01,AXS,-4e-05
2026-04-24 23:07:01,SKR,-0.00027
2026-04-24 23:07:01,IP,1.1999999999999999e-05
2026-04-24 23:07:01,CRV,-5.2e-05
2026-04-24 23:07:01,PENGU,-3.1e-05
2026-04-24 23:07:01,ETHFI,1.1999999999999999e-05
2026-04-24 23:07:01,PYTH,1.1999999999999999e-05
2026-04-24 23:07:01,ZK,1e-05
2026-04-24 23:07:01,VIRTUAL,1.1999999999999999e-05
2026-04-24 23:07:01,JUP,2.9999999999999997e-06
2026-04-24 23:07:01,ADA,1.1999999999999999e-05
2026-04-24 23:07:01,ONDO,1.1999999999999999e-05
2026-04-24 23:07:01,PENDLE,1.1999999999999999e-05
2026-04-24 23:07:01,HBAR,1e-06
2026-04-24 23:07:01,MORPHO,-0.000171
2026-04-24 23:07:01,GRASS,1.1999999999999999e-05
2026-04-24 23:07:01,LIT,1.1999999999999999e-05
2026-04-24 23:07:01,0G,1.1999999999999999e-05
2026-04-24 23:07:01,ZRO,1.1999999999999999e-05
2026-04-24 23:07:01,SPX,1.1999999999999999e-05
2026-04-24 23:07:01,GMX,-2.3999999999999997e-05
2026-04-24 23:07:01,KAITO,1.1999999999999999e-05
2026-04-24 23:07:01,OP,1e-05
2026-04-24 23:07:01,APT,1.1999999999999999e-05
2026-04-24 23:07:01,APEX,1.1999999999999999e-05
2026-04-24 23:07:01,WIF,-8.099999999999999e-05
2026-04-25 00:07:00,POPCAT,1.1999999999999999e-05
2026-04-25 00:07:00,NEAR,1.1999999999999999e-05
2026-04-25 00:07:00,STRK,-2.8e-05
2026-04-25 00:07:00,STBL,1.1999999999999999e-05
2026-04-25 00:07:00,CC,1.1999999999999999e-05
2026-04-25 00:07:00,AVAX,1.1999999999999999e-05
2026-04-25 00:07:00,ZEC,-1e-05
2026-04-25 00:07:00,LIT,1.1999999999999999e-05
2026-04-25 00:07:00,SYRUP,1.1999999999999999e-05
2026-04-25 00:07:00,TRX,-0.000101
2026-04-25 00:07:00,TRUMP,-3e-05
2026-04-25 00:07:00,BCH,1.1999999999999999e-05
2026-04-25 00:07:00,AXS,-2.3999999999999997e-05
2026-04-25 00:07:00,POL,-1.6e-05
2026-04-25 00:07:00,PAXG,1.1999999999999999e-05
2026-04-25 00:07:00,BERA,-2.6e-05
2026-04-25 00:07:00,STABLE,-0.000567
2026-04-25 00:07:00,XLM,1.1999999999999999e-05
2026-04-25 00:07:00,XPL,4e-06
2026-04-25 00:07:00,MET,1e-05
2026-04-25 00:07:00,BNB,5e-06
2026-04-25 00:07:00,TON,1e-05
2026-04-25 00:07:00,CRV,-8e-06
2026-04-25 00:07:00,DOGE,1.1999999999999999e-05
2026-04-25 00:07:00,XRP,-5e-06
2026-04-25 00:07:00,ETHFI,1.1999999999999999e-05
2026-04-25 00:07:00,GMX,-1e-06
2026-04-25 00:07:00,PROVE,-0.000167
2026-04-25 00:07:00,PENGU,5e-06
2026-04-25 00:07:00,IP,1.1999999999999999e-05
2026-04-25 00:07:00,MORPHO,-8.6e-05
2026-04-25 00:07:00,PUMP,1.1999999999999999e-05
2026-04-25 00:07:00,PYTH,1.1999999999999999e-05
2026-04-25 00:07:00,PENDLE,1.1999999999999999e-05
2026-04-25 00:07:00,LINEA,9e-06
2026-04-25 00:07:00,MEGA,1.1999999999999999e-05
2026-04-25 00:07:00,RESOLV,-4.9e-05
2026-04-25 00:07:00,SUI,1.1999999999999999e-05
2026-04-25 00:07:00,2Z,-3.1e-05
2026-04-25 00:07:00,ONDO,1.1999999999999999e-05
2026-04-25 00:07:00,UNI,1.1999999999999999e-05
2026-04-25 00:07:00,MON,0.0
2026-04-25 00:07:00,YZY,-1.6e-05
2026-04-25 00:07:00,ICP,1.1999999999999999e-05
2026-04-25 00:07:00,AZTEC,1.1999999999999999e-05
2026-04-25 00:07:00,AAVE,1.1999999999999999e-05
2026-04-25 00:07:00,ARB,1.1999999999999999e-05
2026-04-25 00:07:00,FARTCOIN,1.1999999999999999e-05
2026-04-25 00:07:00,DASH,1.1999999999999999e-05
2026-04-25 00:07:00,LDO,1e-05
2026-04-25 00:07:00,AVNT,-1e-06
2026-04-25 00:07:00,ZRO,1.1999999999999999e-05
2026-04-25 00:07:00,SEI,1.1999999999999999e-05
2026-04-25 00:07:00,GRASS,1.1999999999999999e-05
2026-04-25 00:07:00,AERO,9e-06
2026-04-25 00:07:00,TIA,0.0
2026-04-25 00:07:00,XMR,6.8e-05
2026-04-25 00:07:00,OP,1.1000000000000001e-05
2026-04-25 00:07:00,DOT,8e-06
2026-04-25 00:07:00,HBAR,8e-06
2026-04-25 00:07:00,LTC,1e-05
2026-04-25 00:07:00,SOL,1.1999999999999999e-05
2026-04-25 00:07:00,SKY,1.1999999999999999e-05
2026-04-25 00:07:00,APT,1.1999999999999999e-05
2026-04-25 00:07:00,ZORA,1.1999999999999999e-05
2026-04-25 00:07:00,DYDX,-2.1e-05
2026-04-25 00:07:00,KAITO,1.1999999999999999e-05
2026-04-25 00:07:00,BTC,-1.1000000000000001e-05
2026-04-25 00:07:00,ENA,1e-05
2026-04-25 00:07:00,VIRTUAL,1.1000000000000001e-05
2026-04-25 00:07:00,VVV,4e-05
2026-04-25 00:07:00,ETH,-1e-06
2026-04-25 00:07:00,0G,1.1999999999999999e-05
2026-04-25 00:07:00,SPX,1.1999999999999999e-05
2026-04-25 00:07:00,LINK,1.1000000000000001e-05
2026-04-25 00:07:00,WLFI,-2.8999999999999997e-05
2026-04-25 00:07:00,ADA,1.1999999999999999e-05
2026-04-25 00:07:00,FIL,0.0
2026-04-25 00:07:00,APEX,1.1999999999999999e-05
2026-04-25 00:07:00,FOGO,-3e-05
2026-04-25 00:07:00,SKR,-0.000308
2026-04-25 00:07:00,HYPE,1.1999999999999999e-05
2026-04-25 00:07:00,ASTER,1.1999999999999999e-05
2026-04-25 00:07:00,ZK,1.1999999999999999e-05
2026-04-25 00:07:00,S,1.1000000000000001e-05
2026-04-25 00:07:00,TAO,1.1999999999999999e-05
2026-04-25 00:07:00,WLD,-2.6e-05
2026-04-25 00:07:00,EIGEN,-4.9e-05
2026-04-25 00:07:00,CHIP,1.1999999999999999e-05
2026-04-25 00:07:00,JUP,-1.5e-05
2026-04-25 00:07:00,JTO,1.1000000000000001e-05
2026-04-25 00:07:00,WIF,-2.7000000000000002e-05
2026-04-25 00:07:00,MNT,1.1999999999999999e-05
2026-04-25 01:07:00,XPL,2.9999999999999997e-06
2026-04-25 01:07:00,MNT,1.1999999999999999e-05
2026-04-25 01:07:00,TRX,-0.00010800000000000001
2026-04-25 01:07:00,FIL,-3e-05
2026-04-25 01:07:00,S,1.1999999999999999e-05
2026-04-25 01:07:00,SKY,1.1999999999999999e-05
2026-04-25 01:07:00,PAXG,1.1999999999999999e-05
2026-04-25 01:07:00,XLM,1.1999999999999999e-05
2026-04-25 01:07:00,LTC,1.1999999999999999e-05
2026-04-25 01:07:00,LIT,1.1999999999999999e-05
2026-04-25 01:07:00,AXS,-5.7e-05
2026-04-25 01:07:00,ARB,1.1999999999999999e-05
2026-04-25 01:07:00,ASTER,1.1999999999999999e-05
2026-04-25 01:07:00,SOL,8e-06
2026-04-25 01:07:00,MON,8e-06
2026-04-25 01:07:00,BNB,-1.8e-05
2026-04-25 01:07:00,AAVE,1.1999999999999999e-05
2026-04-25 01:07:00,ZORA,1.1999999999999999e-05
2026-04-25 01:07:00,POPCAT,1.1999999999999999e-05
2026-04-25 01:07:00,SEI,1.1999999999999999e-05
2026-04-25 01:07:00,ADA,1.1999999999999999e-05
2026-04-25 01:07:00,NEAR,1.1999999999999999e-05
2026-04-25 01:07:00,ETH,7e-06
2026-04-25 01:07:00,ICP,-6e-05
2026-04-25 01:07:00,ZRO,1.1999999999999999e-05
2026-04-25 01:07:00,TAO,1.1999999999999999e-05
2026-04-25 01:07:00,SUI,1.1999999999999999e-05
2026-04-25 01:07:00,GMX,1.1000000000000001e-05
2026-04-25 01:07:00,ENA,-5e-06
2026-04-25 01:07:00,ZEC,-1.9e-05
2026-04-25 01:07:00,PROVE,-5.1000000000000006e-05
2026-04-25 01:07:00,RESOLV,1.1000000000000001e-05
2026-04-25 01:07:00,SKR,-6e-05
2026-04-25 01:07:00,0G,1.1999999999999999e-05
2026-04-25 01:07:00,MEGA,1.1999999999999999e-05
2026-04-25 01:07:00,STBL,1.1999999999999999e-05
2026-04-25 01:07:00,HYPE,1.1999999999999999e-05
2026-04-25 01:07:00,FARTCOIN,1.1999999999999999e-05
2026-04-25 01:07:00,DASH,1.1999999999999999e-05
2026-04-25 01:07:00,WLD,-6.4e-05
2026-04-25 01:07:00,POL,1.1000000000000001e-05
2026-04-25 01:07:00,ZK,1.1999999999999999e-05
2026-04-25 01:07:00,SYRUP,1.1999999999999999e-05
2026-04-25 01:07:00,MET,1.1999999999999999e-05
2026-04-25 01:07:00,XRP,-1.1000000000000001e-05
2026-04-25 01:07:00,MORPHO,-0.000112
2026-04-25 01:07:00,ONDO,1.1999999999999999e-05
2026-04-25 01:07:00,XMR,3.7000000000000005e-05
2026-04-25 01:07:00,WLFI,1.1999999999999999e-05
2026-04-25 01:07:00,OP,1.1999999999999999e-05
2026-04-25 01:07:00,YZY,1.1999999999999999e-05
2026-04-25 01:07:00,TON,1.1999999999999999e-05
2026-04-25 01:07:00,WIF,-5.4999999999999995e-05
2026-04-25 01:07:00,BERA,-5.4000000000000005e-05
2026-04-25 01:07:00,LDO,1.1999999999999999e-05
2026-04-25 01:07:00,IP,1.1999999999999999e-05
2026-04-25 01:07:00,APEX,1.1999999999999999e-05
2026-04-25 01:07:00,GRASS,1.1999999999999999e-05
2026-04-25 01:07:00,HBAR,1.1999999999999999e-05
2026-04-25 01:07:00,DOT,4e-06
2026-04-25 01:07:00,UNI,1.1999999999999999e-05
2026-04-25 01:07:00,TIA,-2.3e-05
2026-04-25 01:07:00,PUMP,1.1999999999999999e-05
2026-04-25 01:07:00,STABLE,-0.000366
2026-04-25 01:07:00,CRV,-2.1e-05
2026-04-25 01:07:00,VVV,1.1999999999999999e-05
2026-04-25 01:07:00,LINK,8e-06
2026-04-25 01:07:00,2Z,-2.8e-05
2026-04-25 01:07:00,JUP,-5.9e-05
2026-04-25 01:07:00,CHIP,1.1999999999999999e-05
2026-04-25 01:07:00,FOGO,-1e-05
2026-04-25 01:07:00,BCH,1.1999999999999999e-05
2026-04-25 01:07:00,APT,2e-06
2026-04-25 01:07:00,EIGEN,-4.6e-05
2026-04-25 01:07:00,JTO,1.1999999999999999e-05
2026-04-25 01:07:00,KAITO,2.9999999999999997e-06
2026-04-25 01:07:00,AVAX,1.1999999999999999e-05
2026-04-25 01:07:00,SPX,1.1999999999999999e-05
2026-04-25 01:07:00,AZTEC,1.1999999999999999e-05
2026-04-25 01:07:00,PYTH,1.1999999999999999e-05
2026-04-25 01:07:00,TRUMP,-3.2e-05
2026-04-25 01:07:00,AVNT,-2.8e-05
2026-04-25 01:07:00,PENDLE,1.1999999999999999e-05
2026-04-25 01:07:00,CC,1.1999999999999999e-05
2026-04-25 01:07:00,ETHFI,1.1999999999999999e-05
2026-04-25 01:07:00,DOGE,1.1999999999999999e-05
2026-04-25 01:07:00,STRK,-1.9e-05
2026-04-25 01:07:00,VIRTUAL,4e-06
2026-04-25 01:07:00,BTC,-1e-05
2026-04-25 01:07:00,AERO,1.1000000000000001e-05
2026-04-25 01:07:00,LINEA,1.1999999999999999e-05
2026-04-25 01:07:00,PENGU,1.1999999999999999e-05
2026-04-25 01:07:00,DYDX,1.1000000000000001e-05
2026-04-25 02:07:00,VIRTUAL,0.0
2026-04-25 02:07:00,ZEC,-1.1000000000000001e-05
2026-04-25 02:07:00,WIF,-4.1e-05
2026-04-25 02:07:00,JTO,-2e-06
2026-04-25 02:07:00,EIGEN,-8.6e-05
2026-04-25 02:07:00,FOGO,7e-06
2026-04-25 02:07:00,LTC,1e-06
2026-04-25 02:07:00,OP,2.9999999999999997e-06
2026-04-25 02:07:00,MORPHO,-0.000114
2026-04-25 02:07:00,CC,1.1999999999999999e-05
2026-04-25 02:07:00,ADA,1.1999999999999999e-05
2026-04-25 02:07:00,DYDX,-1.7e-05
2026-04-25 02:07:00,BERA,-5.4000000000000005e-05
2026-04-25 02:07:00,PENGU,8e-06
2026-04-25 02:07:00,WLFI,1.1999999999999999e-05
2026-04-25 02:07:00,XLM,1.1999999999999999e-05
2026-04-25 02:07:00,HBAR,1.1999999999999999e-05
2026-04-25 02:07:00,SYRUP,1.1999999999999999e-05
2026-04-25 02:07:00,MON,-2.7000000000000002e-05
2026-04-25 02:07:00,TAO,1.1999999999999999e-05
2026-04-25 02:07:00,NEAR,1.1999999999999999e-05
2026-04-25 02:07:00,TIA,-3.9e-05
2026-04-25 02:07:00,MET,1.1999999999999999e-05
2026-04-25 02:07:00,CRV,-2.3e-05
2026-04-25 02:07:00,AAVE,1.1999999999999999e-05
2026-04-25 02:07:00,SKR,-0.00010200000000000001
2026-04-25 02:07:00,POPCAT,1.1999999999999999e-05
2026-04-25 02:07:00,STABLE,-0.000229
2026-04-25 02:07:00,AZTEC,1.1999999999999999e-05
2026-04-25 02:07:00,FIL,-1.8e-05
2026-04-25 02:07:00,MNT,1.1999999999999999e-05
2026-04-25 02:07:00,SUI,1.1999999999999999e-05
2026-04-25 02:07:00,AVNT,-1.1000000000000001e-05
2026-04-25 02:07:00,RESOLV,1.1999999999999999e-05
2026-04-25 02:07:00,LIT,1.1999999999999999e-05
2026-04-25 02:07:00,STRK,-3.7000000000000005e-05
2026-04-25 02:07:00,KAITO,-1.1000000000000001e-05
2026-04-25 02:07:00,IP,1e-05
2026-04-25 02:07:00,SKY,1.1999999999999999e-05
2026-04-25 02:07:00,XMR,5.9e-05
2026-04-25 02:07:00,S,1.1999999999999999e-05
2026-04-25 02:07:00,XRP,-1.8e-05
2026-04-25 02:07:00,ONDO,1.1999999999999999e-05
2026-04-25 02:07:00,WLD,-6e-05
2026-04-25 02:07:00,DOT,-1e-06
2026-04-25 02:07:00,POL,1.1999999999999999e-05
2026-04-25 02:07:00,TON,1.1999999999999999e-05
2026-04-25 02:07:00,JUP,-2.9999999999999997e-06
2026-04-25 02:07:00,ICP,-3.2e-05
2026-04-25 02:07:00,XPL,-2.9999999999999997e-06
2026-04-25 02:07:00,ZORA,1.1999999999999999e-05
2026-04-25 02:07:00,BCH,1.1999999999999999e-05
2026-04-25 02:07:00,ETH,7e-06
2026-04-25 02:07:00,ETHFI,1.1999999999999999e-05
2026-04-25 02:07:00,FARTCOIN,1.1999999999999999e-05
2026-04-25 02:07:00,PUMP,1.1999999999999999e-05
2026-04-25 02:07:00,2Z,-3.7000000000000005e-05
2026-04-25 02:07:00,LINK,9e-06
2026-04-25 02:07:00,BNB,-9e-06
2026-04-25 02:07:00,PENDLE,1.1999999999999999e-05
2026-04-25 02:07:00,PAXG,1.1999999999999999e-05
2026-04-25 02:07:00,STBL,1.1999999999999999e-05
2026-04-25 02:07:00,VVV,6.1000000000000005e-05
2026-04-25 02:07:00,SPX,1.1999999999999999e-05
2026-04-25 02:07:00,BTC,1e-06
2026-04-25 02:07:00,AERO,1.1999999999999999e-05
2026-04-25 02:07:00,ASTER,1.1999999999999999e-05
2026-04-25 02:07:00,TRX,-0.00017999999999999998
2026-04-25 02:07:00,ZRO,1.1999999999999999e-05
2026-04-25 02:07:00,TRUMP,-1.9e-05
2026-04-25 02:07:00,DOGE,1.1999999999999999e-05
2026-04-25 02:07:00,HYPE,1.1999999999999999e-05
2026-04-25 02:07:00,SEI,1.1999999999999999e-05
2026-04-25 02:07:00,AVAX,1.1999999999999999e-05
2026-04-25 02:07:00,GRASS,1.1999999999999999e-05
2026-04-25 02:07:00,ARB,1.1999999999999999e-05
2026-04-25 02:07:00,YZY,-0.00028199999999999997
2026-04-25 02:07:00,ENA,0.0
2026-04-25 02:07:00,SOL,1.1999999999999999e-05
2026-04-25 02:07:00,MEGA,1.1999999999999999e-05
2026-04-25 02:07:00,CHIP,2.6e-05
2026-04-25 02:07:00,ZK,1.1999999999999999e-05
2026-04-25 02:07:00,GMX,1.1999999999999999e-05
2026-04-25 02:07:00,LINEA,-2e-05
2026-04-25 02:07:00,0G,1.1999999999999999e-05
2026-04-25 02:07:00,APT,1.1999999999999999e-05
2026-04-25 02:07:00,APEX,1.1999999999999999e-05
2026-04-25 02:07:00,UNI,1.1999999999999999e-05
2026-04-25 02:07:00,PYTH,1.1999999999999999e-05
2026-04-25 02:07:00,PROVE,-9.7e-05
2026-04-25 02:07:00,LDO,1.1000000000000001e-05
2026-04-25 02:07:00,AXS,1e-05
2026-04-25 02:07:00,DASH,1.1999999999999999e-05
2026-04-25 03:07:00,WLFI,1.1999999999999999e-05
2026-04-25 03:07:00,FOGO,-7.400000000000001e-05
2026-04-25 03:07:00,POPCAT,1.1999999999999999e-05
2026-04-25 03:07:00,SYRUP,1.1999999999999999e-05
2026-04-25 03:07:00,STRK,-1e-05
2026-04-25 03:07:00,AAVE,1.1999999999999999e-05
2026-04-25 03:07:00,WLD,-4.2e-05
2026-04-25 03:07:00,PUMP,1.1999999999999999e-05
2026-04-25 03:07:00,AZTEC,5e-06
2026-04-25 03:07:00,DOGE,1.1999999999999999e-05
2026-04-25 03:07:00,MNT,1.1999999999999999e-05
2026-04-25 03:07:00,DOT,5.999999999999999e-06
2026-04-25 03:07:00,IP,1.1999999999999999e-05
2026-04-25 03:07:00,BTC,-2e-06
2026-04-25 03:07:00,HYPE,1.1999999999999999e-05
2026-04-25 03:07:00,APT,0.0
2026-04-25 03:07:00,LIT,1.1999999999999999e-05
2026-04-25 03:07:00,BERA,-4.3e-05
2026-04-25 03:07:00,TAO,1.1999999999999999e-05
2026-04-25 03:07:00,DYDX,1e-05
2026-04-25 03:07:00,MON,-2.1e-05
2026-04-25 03:07:00,XMR,5.2e-05
2026-04-25 03:07:00,CC,1.1999999999999999e-05
2026-04-25 03:07:00,PROVE,-5.7999999999999994e-05
2026-04-25 03:07:00,JUP,1.1000000000000001e-05
2026-04-25 03:07:00,SEI,1.1999999999999999e-05
2026-04-25 03:07:00,CRV,-5.4000000000000005e-05
2026-04-25 03:07:00,LINK,1.1000000000000001e-05
2026-04-25 03:07:00,WIF,-5.2e-05
2026-04-25 03:07:00,SPX,1.1999999999999999e-05
2026-04-25 03:07:00,ZEC,-9e-06
2026-04-25 03:07:00,MEGA,1.1999999999999999e-05
2026-04-25 03:07:00,YZY,-0.002552
2026-04-25 03:07:00,SKY,1.1999999999999999e-05
2026-04-25 03:07:00,APEX,1.1999999999999999e-05
2026-04-25 03:07:00,ETH,5e-06
2026-04-25 03:07:00,GRASS,1.1999999999999999e-05
2026-04-25 03:07:00,MET,1.1999999999999999e-05
2026-04-25 03:07:00,AVNT,-6.7e-05
2026-04-25 03:07:00,0G,1.1999999999999999e-05
2026-04-25 03:07:00,ASTER,-5e-06
2026-04-25 03:07:00,SUI,1.1999999999999999e-05
2026-04-25 03:07:00,ADA,1.1999999999999999e-05
2026-04-25 03:07:00,BNB,-2.9999999999999997e-06
2026-04-25 03:07:00,GMX,5e-06
2026-04-25 03:07:00,OP,1.1999999999999999e-05
2026-04-25 03:07:00,ZORA,1.1999999999999999e-05
2026-04-25 03:07:00,AERO,1.1999999999999999e-05
2026-04-25 03:07:00,LINEA,-8e-06
2026-04-25 03:07:00,ZK,1.1999999999999999e-05
2026-04-25 03:07:00,HBAR,1.1999999999999999e-05
2026-04-25 03:07:00,2Z,-5.7999999999999994e-05
2026-04-25 03:07:00,AXS,-4e-05
2026-04-25 03:07:00,LDO,1.1999999999999999e-05
2026-04-25 03:07:00,VVV,8.6e-05
2026-04-25 03:07:00,ZRO,1.1999999999999999e-05
2026-04-25 03:07:00,KAITO,1.1999999999999999e-05
2026-04-25 03:07:00,PYTH,1.1999999999999999e-05
2026-04-25 03:07:00,FARTCOIN,1.1999999999999999e-05
2026-04-25 03:07:00,POL,1.1999999999999999e-05
2026-04-25 03:07:00,SKR,-8e-05
2026-04-25 03:07:00,DASH,1.1999999999999999e-05
2026-04-25 03:07:00,PENDLE,1.1999999999999999e-05
2026-04-25 03:07:00,STBL,1.1999999999999999e-05
2026-04-25 03:07:00,NEAR,1.1999999999999999e-05
2026-04-25 03:07:00,TON,1.1999999999999999e-05
2026-04-25 03:07:00,EIGEN,-7.8e-05
2026-04-25 03:07:00,TIA,-3.7000000000000005e-05
2026-04-25 03:07:00,AVAX,1.1999999999999999e-05
2026-04-25 03:07:00,TRX,-9.3e-05
2026-04-25 03:07:00,ICP,-5.3e-05
2026-04-25 03:07:00,ARB,1.1999999999999999e-05
2026-04-25 03:07:00,PAXG,1.1999999999999999e-05
2026-04-25 03:07:00,ETHFI,1.1999999999999999e-05
2026-04-25 03:07:00,STABLE,-0.00021600000000000002
2026-04-25 03:07:00,RESOLV,1.1999999999999999e-05
2026-04-25 03:07:00,XRP,-1.9e-05
2026-04-25 03:07:00,ENA,9e-06
2026-04-25 03:07:00,TRUMP,-3.7000000000000005e-05
2026-04-25 03:07:00,MORPHO,-0.00014099999999999998
2026-04-25 03:07:00,SOL,-1e-06
2026-04-25 03:07:00,FIL,-5e-06
2026-04-25 03:07:00,XPL,-1.8e-05
2026-04-25 03:07:00,UNI,1.1999999999999999e-05
2026-04-25 03:07:00,XLM,1.1999999999999999e-05
2026-04-25 03:07:00,ONDO,1.1999999999999999e-05
2026-04-25 03:07:00,JTO,5e-06
2026-04-25 03:07:00,LTC,2e-06
2026-04-25 03:07:00,VIRTUAL,-1.5e-05
2026-04-25 03:07:00,CHIP,1.1999999999999999e-05
2026-04-25 03:07:00,BCH,1.1999999999999999e-05
2026-04-25 03:07:00,PENGU,1.1999999999999999e-05
2026-04-25 03:07:00,S,1.1999999999999999e-05
2026-04-25 04:07:01,MNT,1.1999999999999999e-05
2026-04-25 04:07:01,PENDLE,1.1999999999999999e-05
2026-04-25 04:07:01,LTC,5e-06
2026-04-25 04:07:01,SPX,1.1999999999999999e-05
2026-04-25 04:07:01,TRUMP,-3.2e-05
2026-04-25 04:07:01,AERO,1.1999999999999999e-05
2026-04-25 04:07:01,ZEC,2e-06
2026-04-25 04:07:01,DYDX,-5.999999999999999e-06
2026-04-25 04:07:01,OP,1.1999999999999999e-05
2026-04-25 04:07:01,DOT,2e-06
2026-04-25 04:07:01,MORPHO,-7.3e-05
2026-04-25 04:07:01,ENA,1.1999999999999999e-05
2026-04-25 04:07:01,CHIP,1.1999999999999999e-05
2026-04-25 04:07:01,AZTEC,1.1999999999999999e-05
2026-04-25 04:07:01,XRP,-1.5e-05
2026-04-25 04:07:01,WLD,-2.3999999999999997e-05
2026-04-25 04:07:01,APEX,1.1999999999999999e-05
2026-04-25 04:07:01,ZK,1.1000000000000001e-05
2026-04-25 04:07:01,SEI,1.1999999999999999e-05
2026-04-25 04:07:01,PAXG,1.1999999999999999e-05
2026-04-25 04:07:01,CRV,-0.000118
2026-04-25 04:07:01,S,1.1000000000000001e-05
2026-04-25 04:07:01,STRK,-1.9e-05
2026-04-25 04:07:01,RESOLV,1.1999999999999999e-05
2026-04-25 04:07:01,SUI,1.1999999999999999e-05
2026-04-25 04:07:01,EIGEN,-4.1e-05
2026-04-25 04:07:01,XPL,-2.5e-05
2026-04-25 04:07:01,2Z,-2.9999999999999997e-06
2026-04-25 04:07:01,DOGE,1.1999999999999999e-05
2026-04-25 04:07:01,MET,-7e-06
2026-04-25 04:07:01,GRASS,1.1999999999999999e-05
2026-04-25 04:07:01,IP,1.1999999999999999e-05
2026-04-25 04:07:01,SYRUP,1.1999999999999999e-05
2026-04-25 04:07:01,XMR,5.4999999999999995e-05
2026-04-25 04:07:01,JUP,1.1999999999999999e-05
2026-04-25 04:07:01,PYTH,1.1999999999999999e-05
2026-04-25 04:07:01,TAO,5e-06
2026-04-25 04:07:01,ZORA,1.1999999999999999e-05
2026-04-25 04:07:01,ETHFI,1.1999999999999999e-05
2026-04-25 04:07:01,HYPE,1.1999999999999999e-05
2026-04-25 04:07:01,FOGO,-2.7000000000000002e-05
2026-04-25 04:07:01,GMX,-2.1e-05
2026-04-25 04:07:01,ARB,-1.1000000000000001e-05
2026-04-25 04:07:01,BCH,1.1999999999999999e-05
2026-04-25 04:07:01,LDO,1.1000000000000001e-05
2026-04-25 04:07:01,NEAR,1.1999999999999999e-05
2026-04-25 04:07:01,BNB,-2.9999999999999997e-06
2026-04-25 04:07:01,PROVE,-0.000115
2026-04-25 04:07:01,0G,1.1999999999999999e-05
2026-04-25 04:07:01,TRX,-7.2e-05
2026-04-25 04:07:01,AAVE,1.1999999999999999e-05
2026-04-25 04:07:01,UNI,1.1999999999999999e-05
2026-04-25 04:07:01,SKR,1e-05
2026-04-25 04:07:01,ETH,-5e-06
2026-04-25 04:07:01,PENGU,1.1999999999999999e-05
2026-04-25 04:07:01,ZRO,1.1999999999999999e-05
2026-04-25 04:07:01,DASH,1.1999999999999999e-05
2026-04-25 04:07:01,VIRTUAL,-1.1000000000000001e-05
2026-04-25 04:07:01,YZY,-1.1000000000000001e-05
2026-04-25 04:07:01,STBL,1.1999999999999999e-05
2026-04-25 04:07:01,BTC,0.0
2026-04-25 04:07:01,ONDO,1.1999999999999999e-05
2026-04-25 04:07:01,PUMP,1.1999999999999999e-05
2026-04-25 04:07:01,CC,1.1999999999999999e-05
2026-04-25 04:07:01,JTO,-5.999999999999999e-06
2026-04-25 04:07:01,APT,1.1999999999999999e-05
2026-04-25 04:07:01,AVNT,8e-06
2026-04-25 04:07:01,POPCAT,1.1999999999999999e-05
2026-04-25 04:07:01,POL,1.1999999999999999e-05
2026-04-25 04:07:01,MON,1e-05
2026-04-25 04:07:01,LINK,1.1999999999999999e-05
2026-04-25 04:07:01,FIL,-1.9e-05
2026-04-25 04:07:01,KAITO,1.1000000000000001e-05
2026-04-25 04:07:01,STABLE,-0.000263
2026-04-25 04:07:01,WLFI,1.1999999999999999e-05
2026-04-25 04:07:01,AXS,-2.9999999999999997e-06
2026-04-25 04:07:01,TIA,-2.6e-05
2026-04-25 04:07:01,MEGA,1.1999999999999999e-05
2026-04-25 04:07:01,ICP,-6.6e-05
2026-04-25 04:07:01,LINEA,-3.9e-05
2026-04-25 04:07:01,SKY,1.1999999999999999e-05
2026-04-25 04:07:01,XLM,1.1999999999999999e-05
2026-04-25 04:07:01,ADA,1.1999999999999999e-05
2026-04-25 04:07:01,AVAX,1.1999999999999999e-05
2026-04-25 04:07:01,ASTER,1.1000000000000001e-05
2026-04-25 04:07:01,VVV,3e-05
2026-04-25 04:07:01,BERA,-1.5e-05
2026-04-25 04:07:01,SOL,-1e-06
2026-04-25 04:07:01,FARTCOIN,1.1999999999999999e-05
2026-04-25 04:07:01,TON,1.1999999999999999e-05
2026-04-25 04:07:01,LIT,1.1999999999999999e-05
2026-04-25 04:07:01,WIF,-2.8999999999999997e-05
2026-04-25 04:07:01,HBAR,1.1999999999999999e-05
2026-04-25 05:07:00,SKR,-0.000215
2026-04-25 05:07:00,HBAR,1.1999999999999999e-05
2026-04-25 05:07:00,MEGA,1.1999999999999999e-05
2026-04-25 05:07:00,MON,-2.8e-05
2026-04-25 05:07:00,PENDLE,1.1999999999999999e-05
2026-04-25 05:07:00,PAXG,1.1999999999999999e-05
2026-04-25 05:07:00,OP,8e-06
2026-04-25 05:07:00,XLM,1.1999999999999999e-05
2026-04-25 05:07:00,RESOLV,1.1999999999999999e-05
2026-04-25 05:07:00,DASH,0.0
2026-04-25 05:07:00,AVAX,1.1999999999999999e-05
2026-04-25 05:07:00,SUI,1.1999999999999999e-05
2026-04-25 05:07:00,PUMP,1.1999999999999999e-05
2026-04-25 05:07:00,SPX,1.1999999999999999e-05
2026-04-25 05:07:00,ENA,1e-05
2026-04-25 05:07:00,CRV,5e-06
2026-04-25 05:07:00,WLFI,1.1999999999999999e-05
2026-04-25 05:07:00,DYDX,1.1999999999999999e-05
2026-04-25 05:07:00,MET,-2.9999999999999997e-06
2026-04-25 05:07:00,AERO,-2.6e-05
2026-04-25 05:07:00,SKY,1.1999999999999999e-05
2026-04-25 05:07:00,WLD,-5e-05
2026-04-25 05:07:00,FARTCOIN,1.1999999999999999e-05
2026-04-25 05:07:00,POPCAT,1.1999999999999999e-05
2026-04-25 05:07:00,LINEA,-5e-06
2026-04-25 05:07:00,NEAR,1.1999999999999999e-05
2026-04-25 05:07:00,MORPHO,-0.000101
2026-04-25 05:07:00,KAITO,-7e-06
2026-04-25 05:07:00,FIL,-1.3e-05
2026-04-25 05:07:00,WIF,-4.2e-05
2026-04-25 05:07:00,ETHFI,1.1999999999999999e-05
2026-04-25 05:07:00,GMX,-3.4e-05
2026-04-25 05:07:00,PROVE,-0.000197
2026-04-25 05:07:00,IP,1.1999999999999999e-05
2026-04-25 05:07:00,0G,1.1999999999999999e-05
2026-04-25 05:07:00,FOGO,-0.000145
2026-04-25 05:07:00,STBL,1.1999999999999999e-05
2026-04-25 05:07:00,XPL,-2.8e-05
2026-04-25 05:07:00,BNB,2e-06
2026-04-25 05:07:00,DOT,1.1999999999999999e-05
2026-04-25 05:07:00,ZRO,1.1999999999999999e-05
2026-04-25 05:07:00,BCH,1.1999999999999999e-05
2026-04-25 05:07:00,LTC,1.1999999999999999e-05
2026-04-25 05:07:00,TIA,-3.1e-05
2026-04-25 05:07:00,STABLE,-0.000254
2026-04-25 05:07:00,ZEC,-2e-06
2026-04-25 05:07:00,UNI,1.1999999999999999e-05
2026-04-25 05:07:00,VVV,7.6e-05
2026-04-25 05:07:00,APEX,1.1999999999999999e-05
2026-04-25 05:07:00,EIGEN,-4.3e-05
2026-04-25 05:07:00,LINK,1.1000000000000001e-05
2026-04-25 05:07:00,SOL,-5e-06
2026-04-25 05:07:00,TAO,0.0
2026-04-25 05:07:00,SYRUP,1.1999999999999999e-05
2026-04-25 05:07:00,YZY,0.000501
2026-04-25 05:07:00,TRUMP,-7.000000000000001e-05
2026-04-25 05:07:00,CC,1.1999999999999999e-05
2026-04-25 05:07:00,AZTEC,-4.1e-05
2026-04-25 05:07:00,S,-2.9999999999999997e-06
2026-04-25 05:07:00,ARB,7e-06
2026-04-25 05:07:00,PENGU,1.1999999999999999e-05
2026-04-25 05:07:00,GRASS,1.1999999999999999e-05
2026-04-25 05:07:00,PYTH,1.1999999999999999e-05
2026-04-25 05:07:00,AAVE,1.1999999999999999e-05
2026-04-25 05:07:00,ONDO,1.1999999999999999e-05
2026-04-25 05:07:00,DOGE,1.1999999999999999e-05
2026-04-25 05:07:00,VIRTUAL,2e-06
2026-04-25 05:07:00,BTC,-2e-06
2026-04-25 05:07:00,JTO,0.0
2026-04-25 05:07:00,STRK,-1.6e-05
2026-04-25 05:07:00,ETH,-7e-06
2026-04-25 05:07:00,XMR,6.1000000000000005e-05
2026-04-25 05:07:00,ZK,1.1999999999999999e-05
2026-04-25 05:07:00,BERA,-6.7e-05
2026-04-25 05:07:00,ICP,-2.3e-05
2026-04-25 05:07:00,XRP,-1.4e-05
2026-04-25 05:07:00,TRX,-4.4000000000000006e-05
2026-04-25 05:07:00,ASTER,1.1999999999999999e-05
2026-04-25 05:07:00,LDO,-1.4e-05
2026-04-25 05:07:00,HYPE,1.1999999999999999e-05
2026-04-25 05:07:00,AVNT,-5.4999999999999995e-05
2026-04-25 05:07:00,TON,7e-06
2026-04-25 05:07:00,APT,-3.9e-05
2026-04-25 05:07:00,MNT,1.1999999999999999e-05
2026-04-25 05:07:00,ZORA,1.1999999999999999e-05
2026-04-25 05:07:00,JUP,-2.2000000000000003e-05
2026-04-25 05:07:00,POL,1.1999999999999999e-05
2026-04-25 05:07:00,AXS,-0.000259
2026-04-25 05:07:00,CHIP,1.1999999999999999e-05
2026-04-25 05:07:00,2Z,-3.4e-05
2026-04-25 05:07:00,SEI,1.1999999999999999e-05
2026-04-25 05:07:00,ADA,1.1999999999999999e-05
2026-04-25 05:07:00,LIT,1.1999999999999999e-05
2026-04-25 06:07:00,AAVE,1.1999999999999999e-05
2026-04-25 06:07:00,MEGA,1.1999999999999999e-05
2026-04-25 06:07:00,AERO,-1e-06
2026-04-25 06:07:00,CRV,-3.9e-05
2026-04-25 06:07:00,ICP,-1.6e-05
2026-04-25 06:07:00,TRUMP,-2.7000000000000002e-05
2026-04-25 06:07:00,LINEA,1.1000000000000001e-05
2026-04-25 06:07:00,PAXG,1.1999999999999999e-05
2026-04-25 06:07:00,SKY,1.1999999999999999e-05
2026-04-25 06:07:00,IP,1.1999999999999999e-05
2026-04-25 06:07:00,DASH,1.1999999999999999e-05
2026-04-25 06:07:00,SOL,8e-06
2026-04-25 06:07:00,ZORA,1.1999999999999999e-05
2026-04-25 06:07:00,LIT,1.1999999999999999e-05
2026-04-25 06:07:00,TAO,1.1000000000000001e-05
2026-04-25 06:07:00,SUI,1.1999999999999999e-05
2026-04-25 06:07:00,MNT,1.1999999999999999e-05
2026-04-25 06:07:00,XMR,2.7000000000000002e-05
2026-04-25 06:07:00,XLM,1.1999999999999999e-05
2026-04-25 06:07:00,NEAR,1.1999999999999999e-05
2026-04-25 06:07:00,GRASS,1.1999999999999999e-05
2026-04-25 06:07:00,STBL,1.1999999999999999e-05
2026-04-25 06:07:00,BTC,-2e-06
2026-04-25 06:07:00,MORPHO,-0.000123
2026-04-25 06:07:00,SPX,1.1999999999999999e-05
2026-04-25 06:07:00,2Z,9e-06
2026-04-25 06:07:00,YZY,1.1999999999999999e-05
2026-04-25 06:07:00,STABLE,-9.7e-05
2026-04-25 06:07:00,PYTH,1.1999999999999999e-05
2026-04-25 06:07:00,HBAR,1.1999999999999999e-05
2026-04-25 06:07:00,GMX,-4e-06
2026-04-25 06:07:00,MET,9e-06
2026-04-25 06:07:00,EIGEN,-2.7000000000000002e-05
2026-04-25 06:07:00,BCH,1.1999999999999999e-05
2026-04-25 06:07:00,DOGE,1.1999999999999999e-05
2026-04-25 06:07:00,SKR,-1e-05
2026-04-25 06:07:00,CHIP,1.1999999999999999e-05
2026-04-25 06:07:00,KAITO,0.0
2026-04-25 06:07:00,JUP,-7e-06
2026-04-25 06:07:00,POL,1.1999999999999999e-05
2026-04-25 06:07:00,VIRTUAL,1.1000000000000001e-05
2026-04-25 06:07:00,PUMP,1.1999999999999999e-05
2026-04-25 06:07:00,APEX,1.1999999999999999e-05
2026-04-25 06:07:00,STRK,-3.8e-05
2026-04-25 06:07:00,AVAX,1.1999999999999999e-05
2026-04-25 06:07:00,LINK,1.1999999999999999e-05
2026-04-25 06:07:00,BERA,-2.3e-05
2026-04-25 06:07:00,ENA,1.1999999999999999e-05
2026-04-25 06:07:00,HYPE,1.1999999999999999e-05
2026-04-25 06:07:00,VVV,1.3e-05
2026-04-25 06:07:00,SEI,1.1999999999999999e-05
2026-04-25 06:07:00,S,1.1999999999999999e-05
2026-04-25 06:07:00,FOGO,-0.000112
2026-04-25 06:07:00,ZEC,5e-06
2026-04-25 06:07:00,LTC,1.1999999999999999e-05
2026-04-25 06:07:00,UNI,1.1999999999999999e-05
2026-04-25 06:07:00,POPCAT,1.1999999999999999e-05
2026-04-25 06:07:00,APT,8e-06
2026-04-25 06:07:00,RESOLV,1.1999999999999999e-05
2026-04-25 06:07:00,DYDX,1.1999999999999999e-05
2026-04-25 06:07:00,TON,-4e-06
2026-04-25 06:07:00,ETHFI,1.1999999999999999e-05
2026-04-25 06:07:00,XPL,-2.5e-05
2026-04-25 06:07:00,PENGU,1.1999999999999999e-05
2026-04-25 06:07:00,ZK,1.1999999999999999e-05
2026-04-25 06:07:00,DOT,1.1999999999999999e-05
2026-04-25 06:07:00,MON,8e-06
2026-04-25 06:07:00,AXS,-0.000536
2026-04-25 06:07:00,ASTER,1.1999999999999999e-05
2026-04-25 06:07:00,FARTCOIN,1.1999999999999999e-05
2026-04-25 06:07:00,FIL,4e-06
2026-04-25 06:07:00,AZTEC,1.1999999999999999e-05
2026-04-25 06:07:00,ONDO,1.1999999999999999e-05
2026-04-25 06:07:00,CC,1.1999999999999999e-05
2026-04-25 06:07:00,AVNT,1.1000000000000001e-05
2026-04-25 06:07:00,ARB,2.9999999999999997e-06
2026-04-25 06:07:00,JTO,1.1000000000000001e-05
2026-04-25 06:07:00,PENDLE,1.1999999999999999e-05
2026-04-25 06:07:00,ADA,1.1999999999999999e-05
2026-04-25 06:07:00,WLFI,4e-06
2026-04-25 06:07:00,ZRO,1.1999999999999999e-05
2026-04-25 06:07:00,XRP,-9e-06
2026-04-25 06:07:00,TIA,-1.5e-05
2026-04-25 06:07:00,SYRUP,1.1999999999999999e-05
2026-04-25 06:07:00,OP,1.1000000000000001e-05
2026-04-25 06:07:00,LDO,1.1999999999999999e-05
2026-04-25 06:07:00,WIF,-4.3e-05
2026-04-25 06:07:00,WLD,-4.1e-05
2026-04-25 06:07:00,TRX,-6e-05
2026-04-25 06:07:00,0G,1.1999999999999999e-05
2026-04-25 06:07:00,ETH,2e-06
2026-04-25 06:07:00,PROVE,-6.4e-05
2026-04-25 06:07:00,BNB,5e-06
2026-04-25 07:07:00,XLM,1.1999999999999999e-05
2026-04-25 07:07:00,OP,1e-06
2026-04-25 07:07:00,JUP,1e-05
2026-04-25 07:07:00,0G,1.1999999999999999e-05
2026-04-25 07:07:00,TIA,-2.6e-05
2026-04-25 07:07:00,SKY,1.1999999999999999e-05
2026-04-25 07:07:00,AXS,-4.3e-05
2026-04-25 07:07:00,ZRO,1.1999999999999999e-05
2026-04-25 07:07:00,VIRTUAL,9e-06
2026-04-25 07:07:00,CHIP,1.1999999999999999e-05
2026-04-25 07:07:00,SYRUP,1.1999999999999999e-05
2026-04-25 07:07:00,FOGO,-7.400000000000001e-05
2026-04-25 07:07:00,AZTEC,-9e-06
2026-04-25 07:07:00,TRUMP,-4.4999999999999996e-05
2026-04-25 07:07:00,DASH,1.1999999999999999e-05
2026-04-25 07:07:00,IP,1.1999999999999999e-05
2026-04-25 07:07:00,SUI,1.1999999999999999e-05
2026-04-25 07:07:00,AERO,-2.7000000000000002e-05
2026-04-25 07:07:00,2Z,-4.2e-05
2026-04-25 07:07:00,GMX,-3.3e-05
2026-04-25 07:07:00,PUMP,1.1999999999999999e-05
2026-04-25 07:07:00,STBL,1.1999999999999999e-05
2026-04-25 07:07:00,STRK,-5.999999999999999e-06
2026-04-25 07:07:00,RESOLV,1.1999999999999999e-05
2026-04-25 07:07:00,FIL,-1.1999999999999999e-05
2026-04-25 07:07:00,SEI,1.1999999999999999e-05
2026-04-25 07:07:00,DYDX,1.1999999999999999e-05
2026-04-25 07:07:00,ARB,9e-06
2026-04-25 07:07:00,SOL,2e-06
2026-04-25 07:07:00,EIGEN,-8.099999999999999e-05
2026-04-25 07:07:00,TAO,1.1999999999999999e-05
2026-04-25 07:07:00,BNB,1.1000000000000001e-05
2026-04-25 07:07:00,ASTER,1.1999999999999999e-05
2026-04-25 07:07:00,MET,1.1999999999999999e-05
2026-04-25 07:07:00,LINK,1.1999999999999999e-05
2026-04-25 07:07:00,DOT,8e-06
2026-04-25 07:07:00,LIT,1.1999999999999999e-05
2026-04-25 07:07:00,NEAR,1.1999999999999999e-05
2026-04-25 07:07:00,XMR,1.1999999999999999e-05
2026-04-25 07:07:00,DOGE,1.1999999999999999e-05
2026-04-25 07:07:00,VVV,1.1999999999999999e-05
2026-04-25 07:07:00,WIF,-2.7000000000000002e-05
2026-04-25 07:07:00,ADA,1.1999999999999999e-05
2026-04-25 07:07:00,ZK,1.1999999999999999e-05
2026-04-25 07:07:00,KAITO,-7e-06
2026-04-25 07:07:00,PENDLE,1.1999999999999999e-05
2026-04-25 07:07:00,WLD,-5e-06
2026-04-25 07:07:00,ZEC,1.1999999999999999e-05
2026-04-25 07:07:00,AVNT,5.999999999999999e-06
2026-04-25 07:07:00,CRV,-3.5000000000000004e-05
2026-04-25 07:07:00,AAVE,1.1999999999999999e-05
2026-04-25 07:07:00,SPX,1.1999999999999999e-05
2026-04-25 07:07:00,JTO,1.1999999999999999e-05
2026-04-25 07:07:00,S,1.1999999999999999e-05
2026-04-25 07:07:00,XPL,-1e-06
2026-04-25 07:07:00,FARTCOIN,1.1999999999999999e-05
2026-04-25 07:07:00,CC,1.1999999999999999e-05
2026-04-25 07:07:00,MNT,1.1999999999999999e-05
2026-04-25 07:07:00,PAXG,1.1999999999999999e-05
2026-04-25 07:07:00,APEX,1.1999999999999999e-05
2026-04-25 07:07:00,LINEA,1.1999999999999999e-05
2026-04-25 07:07:00,LDO,-4e-06
2026-04-25 07:07:00,AVAX,1.1999999999999999e-05
2026-04-25 07:07:00,PROVE,-0.00013
2026-04-25 07:07:00,HBAR,1.1999999999999999e-05
2026-04-25 07:07:00,STABLE,-6.5e-05
2026-04-25 07:07:00,ZORA,1.1999999999999999e-05
2026-04-25 07:07:00,YZY,-1e-05
2026-04-25 07:07:00,TRX,-2.6e-05
2026-04-25 07:07:00,PENGU,1.1999999999999999e-05
2026-04-25 07:07:00,GRASS,1.1999999999999999e-05
2026-04-25 07:07:00,MEGA,1.1999999999999999e-05
2026-04-25 07:07:00,TON,-7e-06
2026-04-25 07:07:00,BCH,1.1999999999999999e-05
2026-04-25 07:07:00,MON,1.1000000000000001e-05
2026-04-25 07:07:00,UNI,1.1999999999999999e-05
2026-04-25 07:07:00,MORPHO,-0.000167
2026-04-25 07:07:00,LTC,1.1999999999999999e-05
2026-04-25 07:07:00,POPCAT,1.1999999999999999e-05
2026-04-25 07:07:00,POL,1.1999999999999999e-05
2026-04-25 07:07:00,SKR,-7.1e-05
2026-04-25 07:07:00,ETHFI,1.1999999999999999e-05
2026-04-25 07:07:00,PYTH,1.1999999999999999e-05
2026-04-25 07:07:00,ENA,-2.3e-05
2026-04-25 07:07:00,ETH,-1.1000000000000001e-05
2026-04-25 07:07:00,ONDO,1.1999999999999999e-05
2026-04-25 07:07:00,BERA,2e-06
2026-04-25 07:07:00,BTC,-5.999999999999999e-06
2026-04-25 07:07:00,XRP,-1.5e-05
2026-04-25 07:07:00,WLFI,9e-06
2026-04-25 07:07:00,HYPE,1.1999999999999999e-05
2026-04-25 07:07:00,ICP,2e-06
2026-04-25 07:07:00,APT,-2.3e-05
2026-04-25 08:07:01,HBAR,1.1999999999999999e-05
2026-04-25 08:07:01,HYPE,1.1999999999999999e-05
2026-04-25 08:07:01,TON,7e-06
2026-04-25 08:07:01,POPCAT,1.1999999999999999e-05
2026-04-25 08:07:01,SYRUP,1.1999999999999999e-05
2026-04-25 08:07:01,DOT,1.1000000000000001e-05
2026-04-25 08:07:01,STRK,2e-06
2026-04-25 08:07:01,JUP,1.1999999999999999e-05
2026-04-25 08:07:01,0G,1.1999999999999999e-05
2026-04-25 08:07:01,POL,1.1999999999999999e-05
2026-04-25 08:07:01,ICP,-2e-06
2026-04-25 08:07:01,ZK,1.1999999999999999e-05
2026-04-25 08:07:01,ONDO,1.1999999999999999e-05
2026-04-25 08:07:01,LINEA,1.1999999999999999e-05
2026-04-25 08:07:01,SKY,1.1999999999999999e-05
2026-04-25 08:07:01,BTC,-1.4e-05
2026-04-25 08:07:01,ADA,1.1999999999999999e-05
2026-04-25 08:07:01,AVAX,1.1999999999999999e-05
2026-04-25 08:07:01,GMX,-7e-06
2026-04-25 08:07:01,CRV,-4.3e-05
2026-04-25 08:07:01,YZY,1e-05
2026-04-25 08:07:01,FARTCOIN,1.1999999999999999e-05
2026-04-25 08:07:01,STBL,1.1999999999999999e-05
2026-04-25 08:07:01,VVV,1.1999999999999999e-05
2026-04-25 08:07:01,AERO,-1e-06
2026-04-25 08:07:01,SOL,-5.999999999999999e-06
2026-04-25 08:07:01,PYTH,1.1999999999999999e-05
2026-04-25 08:07:01,PUMP,1.1999999999999999e-05
2026-04-25 08:07:01,AAVE,1.1999999999999999e-05
2026-04-25 08:07:01,NEAR,1.1999999999999999e-05
2026-04-25 08:07:01,MET,1.1999999999999999e-05
2026-04-25 08:07:01,LDO,2.9999999999999997e-06
2026-04-25 08:07:01,GRASS,1.1999999999999999e-05
2026-04-25 08:07:01,TRX,-1.5e-05
2026-04-25 08:07:01,IP,1.1999999999999999e-05
2026-04-25 08:07:01,AVNT,1.1999999999999999e-05
2026-04-25 08:07:01,MNT,1.1999999999999999e-05
2026-04-25 08:07:01,OP,4e-06
2026-04-25 08:07:01,LIT,1.1999999999999999e-05
2026-04-25 08:07:01,MON,1.1999999999999999e-05
2026-04-25 08:07:01,PAXG,1.1999999999999999e-05
2026-04-25 08:07:01,ETHFI,1.1999999999999999e-05
2026-04-25 08:07:01,APEX,1.1999999999999999e-05
2026-04-25 08:07:01,UNI,1.1999999999999999e-05
2026-04-25 08:07:01,AXS,-0.00010899999999999999
2026-04-25 08:07:01,PROVE,-0.000128
2026-04-25 08:07:01,2Z,5e-06
2026-04-25 08:07:01,RESOLV,1.1999999999999999e-05
2026-04-25 08:07:01,FOGO,-5.7999999999999994e-05
2026-04-25 08:07:01,WLFI,1.1999999999999999e-05
2026-04-25 08:07:01,DYDX,1.1999999999999999e-05
2026-04-25 08:07:01,SUI,5.999999999999999e-06
2026-04-25 08:07:01,BNB,1.1999999999999999e-05
2026-04-25 08:07:01,EIGEN,-3.5000000000000004e-05
2026-04-25 08:07:01,CHIP,1.1999999999999999e-05
2026-04-25 08:07:01,CC,1.1999999999999999e-05
2026-04-25 08:07:01,LTC,1.1999999999999999e-05
2026-04-25 08:07:01,LINK,1.1999999999999999e-05
2026-04-25 08:07:01,MEGA,1.1999999999999999e-05
2026-04-25 08:07:01,APT,1.1000000000000001e-05
2026-04-25 08:07:01,STABLE,-0.000229
2026-04-25 08:07:01,MORPHO,-8.800000000000001e-05
2026-04-25 08:07:01,TIA,-5.999999999999999e-06
2026-04-25 08:07:01,SPX,1.1999999999999999e-05
2026-04-25 08:07:01,XMR,1.1999999999999999e-05
2026-04-25 08:07:01,AZTEC,-2.5e-05
2026-04-25 08:07:01,XLM,1.1999999999999999e-05
2026-04-25 08:07:01,ETH,-1.1000000000000001e-05
2026-04-25 08:07:01,S,9e-06
2026-04-25 08:07:01,TAO,1.1999999999999999e-05
2026-04-25 08:07:01,ZORA,1.1999999999999999e-05
2026-04-25 08:07:01,KAITO,-1.8e-05
2026-04-25 08:07:01,BERA,1.1000000000000001e-05
2026-04-25 08:07:01,PENGU,1.1999999999999999e-05
2026-04-25 08:07:01,VIRTUAL,1.1000000000000001e-05
2026-04-25 08:07:01,ZRO,1.1999999999999999e-05
2026-04-25 08:07:01,ASTER,1.1999999999999999e-05
2026-04-25 08:07:01,DOGE,1.1999999999999999e-05
2026-04-25 08:07:01,ENA,9e-06
2026-04-25 08:07:01,DASH,1.1999999999999999e-05
2026-04-25 08:07:01,SKR,-0.000146
2026-04-25 08:07:01,XPL,1.1000000000000001e-05
2026-04-25 08:07:01,XRP,-1.4e-05
2026-04-25 08:07:01,ZEC,1.1999999999999999e-05
2026-04-25 08:07:01,WLD,-3.4e-05
2026-04-25 08:07:01,FIL,-1e-05
2026-04-25 08:07:01,TRUMP,-3.8e-05
2026-04-25 08:07:01,ARB,1.1999999999999999e-05
2026-04-25 08:07:01,PENDLE,1.1999999999999999e-05
2026-04-25 08:07:01,JTO,1.1999999999999999e-05
2026-04-25 08:07:01,BCH,1.1999999999999999e-05
2026-04-25 08:07:01,SEI,1.1999999999999999e-05
2026-04-25 08:07:01,WIF,-1e-06
2026-04-25 09:07:00,2Z,1.1999999999999999e-05
2026-04-25 09:07:00,OP,1.1000000000000001e-05
2026-04-25 09:07:00,WLD,-2.7000000000000002e-05
2026-04-25 09:07:00,XMR,1.1999999999999999e-05
2026-04-25 09:07:00,STBL,1.1999999999999999e-05
2026-04-25 09:07:00,HYPE,1.1999999999999999e-05
2026-04-25 09:07:00,SUI,1.1999999999999999e-05
2026-04-25 09:07:00,WLFI,1.1999999999999999e-05
2026-04-25 09:07:00,APEX,1.1999999999999999e-05
2026-04-25 09:07:00,SKY,1.1999999999999999e-05
2026-04-25 09:07:00,ICP,1e-05
2026-04-25 09:07:00,BCH,1.1999999999999999e-05
2026-04-25 09:07:00,STABLE,-0.0001
2026-04-25 09:07:00,ZK,-2e-06
2026-04-25 09:07:00,PYTH,1.1999999999999999e-05
2026-04-25 09:07:00,GRASS,1.1999999999999999e-05
2026-04-25 09:07:00,GMX,1.1999999999999999e-05
2026-04-25 09:07:00,LDO,1.1999999999999999e-05
2026-04-25 09:07:00,ARB,1.1999999999999999e-05
2026-04-25 09:07:00,LIT,1.1999999999999999e-05
2026-04-25 09:07:00,FIL,1.1000000000000001e-05
2026-04-25 09:07:00,BTC,-1.5e-05
2026-04-25 09:07:00,BERA,5.999999999999999e-06
2026-04-25 09:07:00,BNB,7e-06
2026-04-25 09:07:00,AVNT,1.1999999999999999e-05
2026-04-25 09:07:00,LTC,-7e-06
2026-04-25 09:07:00,PENGU,1.1999999999999999e-05
2026-04-25 09:07:00,RESOLV,1.1999999999999999e-05
2026-04-25 09:07:00,TAO,1.1999999999999999e-05
2026-04-25 09:07:00,CHIP,1.1999999999999999e-05
2026-04-25 09:07:00,VIRTUAL,1.1999999999999999e-05
2026-04-25 09:07:00,NEAR,1.1999999999999999e-05
2026-04-25 09:07:00,POPCAT,1.1999999999999999e-05
2026-04-25 09:07:00,TRX,-8.099999999999999e-05
2026-04-25 09:07:00,XPL,1.1000000000000001e-05
2026-04-25 09:07:00,WIF,-3e-05
2026-04-25 09:07:00,S,1.1999999999999999e-05
2026-04-25 09:07:00,POL,1.1999999999999999e-05
2026-04-25 09:07:00,SKR,5e-06
2026-04-25 09:07:00,AVAX,1.1999999999999999e-05
2026-04-25 09:07:00,AXS,-0.000684
2026-04-25 09:07:00,DYDX,1.1999999999999999e-05
2026-04-25 09:07:00,CC,1.1999999999999999e-05
2026-04-25 09:07:00,ZORA,1.1999999999999999e-05
2026-04-25 09:07:00,ENA,1.1999999999999999e-05
2026-04-25 09:07:00,EIGEN,-4.7000000000000004e-05
2026-04-25 09:07:00,PAXG,1.1999999999999999e-05
2026-04-25 09:07:00,UNI,1.1999999999999999e-05
2026-04-25 09:07:00,ADA,1.1999999999999999e-05
2026-04-25 09:07:00,AAVE,1.1999999999999999e-05
2026-04-25 09:07:00,ETHFI,1.1999999999999999e-05
2026-04-25 09:07:00,LINK,1.1999999999999999e-05
2026-04-25 09:07:00,PROVE,-4.9e-05
2026-04-25 09:07:00,IP,1.1999999999999999e-05
2026-04-25 09:07:00,DASH,1.1999999999999999e-05
2026-04-25 09:07:00,SEI,1.1999999999999999e-05
2026-04-25 09:07:00,ZRO,1.1999999999999999e-05
2026-04-25 09:07:00,MET,1.1999999999999999e-05
2026-04-25 09:07:00,TIA,-1e-05
2026-04-25 09:07:00,HBAR,1.1999999999999999e-05
2026-04-25 09:07:00,YZY,1.1999999999999999e-05
2026-04-25 09:07:00,SPX,1.1999999999999999e-05
2026-04-25 09:07:00,XLM,1.1999999999999999e-05
2026-04-25 09:07:00,TON,1.1999999999999999e-05
2026-04-25 09:07:00,PENDLE,1.1999999999999999e-05
2026-04-25 09:07:00,TRUMP,-1.7e-05
2026-04-25 09:07:00,STRK,2.9999999999999997e-06
2026-04-25 09:07:00,SYRUP,1.1999999999999999e-05
2026-04-25 09:07:00,AZTEC,-2.7000000000000002e-05
2026-04-25 09:07:00,JUP,1.1999999999999999e-05
2026-04-25 09:07:00,0G,1.1999999999999999e-05
2026-04-25 09:07:00,VVV,1.5e-05
2026-04-25 09:07:00,DOGE,1.1999999999999999e-05
2026-04-25 09:07:00,ONDO,1.1999999999999999e-05
2026-04-25 09:07:00,FOGO,-1.6e-05
2026-04-25 09:07:00,KAITO,4e-06
2026-04-25 09:07:00,MORPHO,-5.7999999999999994e-05
2026-04-25 09:07:00,ASTER,1.1999999999999999e-05
2026-04-25 09:07:00,ZEC,1.1999999999999999e-05
2026-04-25 09:07:00,SOL,-5.999999999999999e-06
2026-04-25 09:07:00,ETH,-2.1e-05
2026-04-25 09:07:00,APT,1.1999999999999999e-05
2026-04-25 09:07:00,CRV,-3.6e-05
2026-04-25 09:07:00,MNT,1.1999999999999999e-05
2026-04-25 09:07:00,MEGA,1.1999999999999999e-05
2026-04-25 09:07:00,LINEA,1.1999999999999999e-05
2026-04-25 09:07:00,XRP,-1e-05
2026-04-25 09:07:00,AERO,-5.999999999999999e-06
2026-04-25 09:07:00,FARTCOIN,1.1999999999999999e-05
2026-04-25 09:07:00,MON,1.1000000000000001e-05
2026-04-25 09:07:00,JTO,1.1999999999999999e-05
2026-04-25 09:07:00,PUMP,1.1999999999999999e-05
2026-04-25 09:07:00,DOT,1.1999999999999999e-05
2026-04-25 10:07:00,PUMP,1.1999999999999999e-05
2026-04-25 10:07:00,TRUMP,-1.5e-05
2026-04-25 10:07:00,AVNT,1.1999999999999999e-05
2026-04-25 10:07:00,HYPE,1.1999999999999999e-05
2026-04-25 10:07:00,VVV,1.1999999999999999e-05
2026-04-25 10:07:00,TIA,-1.8e-05
2026-04-25 10:07:00,2Z,-5.6e-05
2026-04-25 10:07:00,DOT,1.1999999999999999e-05
2026-04-25 10:07:00,LTC,1.1000000000000001e-05
2026-04-25 10:07:00,STRK,-1.6e-05
2026-04-25 10:07:00,XMR,1.1999999999999999e-05
2026-04-25 10:07:00,NEAR,1.1999999999999999e-05
2026-04-25 10:07:00,TAO,1.1999999999999999e-05
2026-04-25 10:07:00,MEGA,1.1999999999999999e-05
2026-04-25 10:07:00,POPCAT,1.1999999999999999e-05
2026-04-25 10:07:00,MON,1.1999999999999999e-05
2026-04-25 10:07:00,BTC,2.9999999999999997e-06
2026-04-25 10:07:00,HBAR,1.1999999999999999e-05
2026-04-25 10:07:00,FARTCOIN,1.1999999999999999e-05
2026-04-25 10:07:00,SPX,1.1999999999999999e-05
2026-04-25 10:07:00,SUI,1.1999999999999999e-05
2026-04-25 10:07:00,TRX,-9.599999999999999e-05
2026-04-25 10:07:00,WLFI,1.1999999999999999e-05
2026-04-25 10:07:00,LINK,1.1999999999999999e-05
2026-04-25 10:07:00,JUP,1.1999999999999999e-05
2026-04-25 10:07:00,MET,1.1999999999999999e-05
2026-04-25 10:07:00,APT,1.1999999999999999e-05
2026-04-25 10:07:00,PYTH,1.1999999999999999e-05
2026-04-25 10:07:00,POL,1.1999999999999999e-05
2026-04-25 10:07:00,LDO,1.1999999999999999e-05
2026-04-25 10:07:00,ICP,2.9999999999999997e-06
2026-04-25 10:07:00,SKR,-0.000193
2026-04-25 10:07:00,CHIP,1.1999999999999999e-05
2026-04-25 10:07:00,WIF,9e-06
2026-04-25 10:07:00,LINEA,1.1999999999999999e-05
2026-04-25 10:07:00,ADA,1.1999999999999999e-05
2026-04-25 10:07:00,ZORA,1.1999999999999999e-05
2026-04-25 10:07:00,OP,-2.9999999999999997e-06
2026-04-25 10:07:00,AZTEC,9e-06
2026-04-25 10:07:00,BCH,1.1999999999999999e-05
2026-04-25 10:07:00,SKY,1.1999999999999999e-05
2026-04-25 10:07:00,TON,5e-06
2026-04-25 10:07:00,CC,1.1999999999999999e-05
2026-04-25 10:07:00,DYDX,1.1999999999999999e-05
2026-04-25 10:07:00,PROVE,-6.4e-05
2026-04-25 10:07:00,AAVE,1.1999999999999999e-05
2026-04-25 10:07:00,ZK,1.1999999999999999e-05
2026-04-25 10:07:00,SOL,5e-06
2026-04-25 10:07:00,CRV,-4.3e-05
2026-04-25 10:07:00,DOGE,1.1999999999999999e-05
2026-04-25 10:07:00,XPL,1.1999999999999999e-05
2026-04-25 10:07:00,XRP,-2e-06
2026-04-25 10:07:00,KAITO,-1.7e-05
2026-04-25 10:07:00,IP,1.1999999999999999e-05
2026-04-25 10:07:00,AERO,7e-06
2026-04-25 10:07:00,LIT,1.1999999999999999e-05
2026-04-25 10:07:00,MNT,1.1999999999999999e-05
2026-04-25 10:07:00,PENGU,1.1999999999999999e-05
2026-04-25 10:07:00,ASTER,1.1999999999999999e-05
2026-04-25 10:07:00,0G,1.1999999999999999e-05
2026-04-25 10:07:00,SEI,1.1999999999999999e-05
2026-04-25 10:07:00,PENDLE,1.1999999999999999e-05
2026-04-25 10:07:00,ETHFI,1.1999999999999999e-05
2026-04-25 10:07:00,S,1.1999999999999999e-05
2026-04-25 10:07:00,XLM,1.1999999999999999e-05
2026-04-25 10:07:00,PAXG,1.1999999999999999e-05
2026-04-25 10:07:00,JTO,1.1999999999999999e-05
2026-04-25 10:07:00,ZEC,1.1999999999999999e-05
2026-04-25 10:07:00,BERA,5.999999999999999e-06
2026-04-25 10:07:00,FOGO,-7.3e-05
2026-04-25 10:07:00,ETH,-2e-06
2026-04-25 10:07:00,VIRTUAL,1.1999999999999999e-05
2026-04-25 10:07:00,ONDO,1.1999999999999999e-05
2026-04-25 10:07:00,FIL,1.1000000000000001e-05
2026-04-25 10:07:00,RESOLV,1.1999999999999999e-05
2026-04-25 10:07:00,APEX,1.1999999999999999e-05
2026-04-25 10:07:00,MORPHO,-9.3e-05
2026-04-25 10:07:00,AXS,-0.000597
2026-04-25 10:07:00,ZRO,1.1999999999999999e-05
2026-04-25 10:07:00,BNB,1.1999999999999999e-05
2026-04-25 10:07:00,WLD,-1.1999999999999999e-05
2026-04-25 10:07:00,GRASS,1.1999999999999999e-05
2026-04-25 10:07:00,DASH,1.1999999999999999e-05
2026-04-25 10:07:00,SYRUP,1.1999999999999999e-05
2026-04-25 10:07:00,EIGEN,-1.7e-05
2026-04-25 10:07:00,ENA,1.1999999999999999e-05
2026-04-25 10:07:00,UNI,1.1999999999999999e-05
2026-04-25 10:07:00,AVAX,1.1999999999999999e-05
2026-04-25 10:07:00,YZY,-0.000456
2026-04-25 10:07:00,GMX,1.1999999999999999e-05
2026-04-25 10:07:00,STBL,1.1999999999999999e-05
2026-04-25 10:07:00,ARB,1.1999999999999999e-05
2026-04-25 10:07:00,STABLE,-0.000101
2026-04-25 11:07:00,WLD,-2e-06
2026-04-25 11:07:00,HYPE,1.1999999999999999e-05
2026-04-25 11:07:00,GMX,1.1999999999999999e-05
2026-04-25 11:07:00,PUMP,1.1999999999999999e-05
2026-04-25 11:07:00,MNT,1.1999999999999999e-05
2026-04-25 11:07:00,CRV,-2e-05
2026-04-25 11:07:00,LTC,1.1999999999999999e-05
2026-04-25 11:07:00,LINEA,4e-06
2026-04-25 11:07:00,CC,1.1999999999999999e-05
2026-04-25 11:07:00,ETH,-7e-06
2026-04-25 11:07:00,VVV,1.5e-05
2026-04-25 11:07:00,MEGA,1.1999999999999999e-05
2026-04-25 11:07:00,ADA,1.1999999999999999e-05
2026-04-25 11:07:00,SOL,-4e-06
2026-04-25 11:07:00,TRX,-7.5e-05
2026-04-25 11:07:00,FIL,1.1000000000000001e-05
2026-04-25 11:07:00,STRK,-1.1999999999999999e-05
2026-04-25 11:07:00,PYTH,1.1999999999999999e-05
2026-04-25 11:07:00,DOT,1.1999999999999999e-05
2026-04-25 11:07:00,ASTER,1.1999999999999999e-05
2026-04-25 11:07:00,TAO,1.1999999999999999e-05
2026-04-25 11:07:00,DOGE,1.1999999999999999e-05
2026-04-25 11:07:00,S,1e-05
2026-04-25 11:07:00,OP,-2.9999999999999997e-06
2026-04-25 11:07:00,AVNT,1.1999999999999999e-05
2026-04-25 11:07:00,JTO,1.1999999999999999e-05
2026-04-25 11:07:00,FOGO,-7.2e-05
2026-04-25 11:07:00,AXS,-0.00161
2026-04-25 11:07:00,DYDX,1.1999999999999999e-05
2026-04-25 11:07:00,SKY,1.1999999999999999e-05
2026-04-25 11:07:00,SYRUP,1.1999999999999999e-05
2026-04-25 11:07:00,BCH,1.1999999999999999e-05
2026-04-25 11:07:00,SUI,1.1999999999999999e-05
2026-04-25 11:07:00,0G,1e-05
2026-04-25 11:07:00,PENGU,7e-06
2026-04-25 11:07:00,MON,-9e-06
2026-04-25 11:07:00,DASH,1.1999999999999999e-05
2026-04-25 11:07:00,IP,1.1999999999999999e-05
2026-04-25 11:07:00,SEI,1.1999999999999999e-05
2026-04-25 11:07:00,ZRO,1.1999999999999999e-05
2026-04-25 11:07:00,BTC,-5.999999999999999e-06
2026-04-25 11:07:00,TRUMP,1.1000000000000001e-05
2026-04-25 11:07:00,POPCAT,1.1999999999999999e-05
2026-04-25 11:07:00,KAITO,1.1999999999999999e-05
2026-04-25 11:07:00,SKR,-0.00010999999999999999
2026-04-25 11:07:00,2Z,-8e-05
2026-04-25 11:07:00,HBAR,1.1999999999999999e-05
2026-04-25 11:07:00,TIA,-2.8e-05
2026-04-25 11:07:00,ARB,1e-06
2026-04-25 11:07:00,ZEC,1.1999999999999999e-05
2026-04-25 11:07:00,BNB,1.1999999999999999e-05
2026-04-25 11:07:00,UNI,1.1999999999999999e-05
2026-04-25 11:07:00,EIGEN,-3.9e-05
2026-04-25 11:07:00,AZTEC,-1e-05
2026-04-25 11:07:00,PENDLE,1.1999999999999999e-05
2026-04-25 11:07:00,POL,1.1999999999999999e-05
2026-04-25 11:07:00,XRP,1e-06
2026-04-25 11:07:00,MET,1.1999999999999999e-05
2026-04-25 11:07:00,APT,-1.7e-05
2026-04-25 11:07:00,ENA,1.1999999999999999e-05
2026-04-25 11:07:00,ZK,1.1999999999999999e-05
2026-04-25 11:07:00,XMR,1.1999999999999999e-05
2026-04-25 11:07:00,MORPHO,-0.000149
2026-04-25 11:07:00,LIT,1.1999999999999999e-05
2026-04-25 11:07:00,AERO,1.1999999999999999e-05
2026-04-25 11:07:00,LINK,8e-06
2026-04-25 11:07:00,FARTCOIN,1.1999999999999999e-05
2026-04-25 11:07:00,PAXG,1.1999999999999999e-05
2026-04-25 11:07:00,XPL,1.1999999999999999e-05
2026-04-25 11:07:00,GRASS,1.1999999999999999e-05
2026-04-25 11:07:00,LDO,1.1999999999999999e-05
2026-04-25 11:07:00,ONDO,1.1999999999999999e-05
2026-04-25 11:07:00,AAVE,1.1999999999999999e-05
2026-04-25 11:07:00,ZORA,1.1999999999999999e-05
2026-04-25 11:07:00,STBL,1.1999999999999999e-05
2026-04-25 11:07:00,WIF,-1e-05
2026-04-25 11:07:00,WLFI,1.1999999999999999e-05
2026-04-25 11:07:00,CHIP,1.1999999999999999e-05
2026-04-25 11:07:00,AVAX,1.1999999999999999e-05
2026-04-25 11:07:00,ETHFI,1.1999999999999999e-05
2026-04-25 11:07:00,NEAR,1.1999999999999999e-05
2026-04-25 11:07:00,YZY,7e-06
2026-04-25 11:07:00,RESOLV,1.1999999999999999e-05
2026-04-25 11:07:00,XLM,1.1999999999999999e-05
2026-04-25 11:07:00,TON,-9e-06
2026-04-25 11:07:00,JUP,8e-06
2026-04-25 11:07:00,APEX,1.1999999999999999e-05
2026-04-25 11:07:00,BERA,-1.7e-05
2026-04-25 11:07:00,SPX,1.1999999999999999e-05
2026-04-25 11:07:00,ICP,1.1000000000000001e-05
2026-04-25 11:07:00,PROVE,-7.400000000000001e-05
2026-04-25 11:07:00,VIRTUAL,1.1999999999999999e-05
2026-04-25 11:07:00,STABLE,-0.000211
2026-04-25 12:07:00,IP,1.1999999999999999e-05
2026-04-25 12:07:00,DOGE,1.1999999999999999e-05
2026-04-25 12:07:00,WLFI,1.1999999999999999e-05
2026-04-25 12:07:00,TON,5.999999999999999e-06
2026-04-25 12:07:00,OP,-4.6e-05
2026-04-25 12:07:00,PENGU,-9e-06
2026-04-25 12:07:00,JUP,-2.9999999999999997e-06
2026-04-25 12:07:00,PYTH,1.1999999999999999e-05
2026-04-25 12:07:00,XLM,1.1999999999999999e-05
2026-04-25 12:07:00,BCH,1.1999999999999999e-05
2026-04-25 12:07:00,STABLE,-0.000171
2026-04-25 12:07:00,LINK,1.1999999999999999e-05
2026-04-25 12:07:00,ZRO,1.1999999999999999e-05
2026-04-25 12:07:00,FARTCOIN,1.1999999999999999e-05
2026-04-25 12:07:00,MNT,1.1999999999999999e-05
2026-04-25 12:07:00,SYRUP,1.1999999999999999e-05
2026-04-25 12:07:00,ENA,1e-06
2026-04-25 12:07:00,TRX,-6.2e-05
2026-04-25 12:07:00,POL,1.1999999999999999e-05
2026-04-25 12:07:00,SPX,-1.7e-05
2026-04-25 12:07:00,BTC,-2e-06
2026-04-25 12:07:00,ICP,1.1000000000000001e-05
2026-04-25 12:07:00,MORPHO,-0.000106
2026-04-25 12:07:00,SKY,1.1999999999999999e-05
2026-04-25 12:07:00,ETH,-1e-05
2026-04-25 12:07:00,ARB,-1.1000000000000001e-05
2026-04-25 12:07:00,LDO,1.1999999999999999e-05
2026-04-25 12:07:00,LTC,1.1999999999999999e-05
2026-04-25 12:07:00,CC,1.1999999999999999e-05
2026-04-25 12:07:00,GRASS,1.1999999999999999e-05
2026-04-25 12:07:00,2Z,-4e-06
2026-04-25 12:07:00,JTO,1.1999999999999999e-05
2026-04-25 12:07:00,ZK,5.999999999999999e-06
2026-04-25 12:07:00,0G,1.1999999999999999e-05
2026-04-25 12:07:00,APEX,1.1999999999999999e-05
2026-04-25 12:07:00,S,-2.8e-05
2026-04-25 12:07:00,KAITO,1e-05
2026-04-25 12:07:00,BERA,4e-06
2026-04-25 12:07:00,ZEC,4e-06
2026-04-25 12:07:00,PUMP,1.1999999999999999e-05
2026-04-25 12:07:00,LINEA,-3.1e-05
2026-04-25 12:07:00,SKR,-0.000131
2026-04-25 12:07:00,MET,1.1999999999999999e-05
2026-04-25 12:07:00,STRK,-3.3e-05
2026-04-25 12:07:00,FOGO,-3.9e-05
2026-04-25 12:07:00,ZORA,1.1999999999999999e-05
2026-04-25 12:07:00,PROVE,-9.599999999999999e-05
2026-04-25 12:07:00,DYDX,1.1999999999999999e-05
2026-04-25 12:07:00,SOL,5.999999999999999e-06
2026-04-25 12:07:00,LIT,1.1999999999999999e-05
2026-04-25 12:07:00,XPL,1.1999999999999999e-05
2026-04-25 12:07:00,XRP,-1.6e-05
2026-04-25 12:07:00,WIF,-3.7000000000000005e-05
2026-04-25 12:07:00,RESOLV,1.1999999999999999e-05
2026-04-25 12:07:00,TIA,-2.8e-05
2026-04-25 12:07:00,MON,-1e-05
2026-04-25 12:07:00,UNI,1.1999999999999999e-05
2026-04-25 12:07:00,YZY,1.1999999999999999e-05
2026-04-25 12:07:00,APT,1.1000000000000001e-05
2026-04-25 12:07:00,CHIP,1.1999999999999999e-05
2026-04-25 12:07:00,DOT,1.1999999999999999e-05
2026-04-25 12:07:00,GMX,1.1999999999999999e-05
2026-04-25 12:07:00,BNB,1.1999999999999999e-05
2026-04-25 12:07:00,VIRTUAL,1.1999999999999999e-05
2026-04-25 12:07:00,STBL,1.1999999999999999e-05
2026-04-25 12:07:00,CRV,0.0
2026-04-25 12:07:00,SUI,1.1999999999999999e-05
2026-04-25 12:07:00,ONDO,1.1999999999999999e-05
2026-04-25 12:07:00,PENDLE,1.1999999999999999e-05
2026-04-25 12:07:00,XMR,1.1999999999999999e-05
2026-04-25 12:07:00,TRUMP,-3.1e-05
2026-04-25 12:07:00,MEGA,1.1999999999999999e-05
2026-04-25 12:07:00,WLD,-1e-05
2026-04-25 12:07:00,FIL,1.1999999999999999e-05
2026-04-25 12:07:00,AERO,1.1999999999999999e-05
2026-04-25 12:07:00,ASTER,1.1999999999999999e-05
2026-04-25 12:07:00,AVAX,1.1999999999999999e-05
2026-04-25 12:07:00,HYPE,1.1999999999999999e-05
2026-04-25 12:07:00,AVNT,1.1999999999999999e-05
2026-04-25 12:07:00,TAO,1.1999999999999999e-05
2026-04-25 12:07:00,POPCAT,1.1999999999999999e-05
2026-04-25 12:07:00,DASH,1.1999999999999999e-05
2026-04-25 12:07:00,NEAR,1.1999999999999999e-05
2026-04-25 12:07:00,ETHFI,1.1999999999999999e-05
2026-04-25 12:07:00,SEI,-9e-06
2026-04-25 12:07:00,AZTEC,1.1999999999999999e-05
2026-04-25 12:07:00,VVV,1.1999999999999999e-05
2026-04-25 12:07:00,EIGEN,7e-06
2026-04-25 12:07:00,PAXG,1.1999999999999999e-05
2026-04-25 12:07:00,HBAR,1.1999999999999999e-05
2026-04-25 12:07:00,AXS,-0.0013089999999999998
2026-04-25 12:07:00,ADA,-7e-06
2026-04-25 12:07:00,AAVE,1.1999999999999999e-05
2026-04-25 13:07:00,AVAX,1.1999999999999999e-05
2026-04-25 13:07:00,SEI,1.1999999999999999e-05
2026-04-25 13:07:00,MON,1.1000000000000001e-05
2026-04-25 13:07:00,WIF,-1.1000000000000001e-05
2026-04-25 13:07:00,TRUMP,-0.000103
2026-04-25 13:07:00,JUP,1.1999999999999999e-05
2026-04-25 13:07:00,DASH,1.1999999999999999e-05
2026-04-25 13:07:00,DOT,-1.6e-05
2026-04-25 13:07:00,ARB,-5e-06
2026-04-25 13:07:00,AAVE,1.1999999999999999e-05
2026-04-25 13:07:00,ETHFI,1.1999999999999999e-05
2026-04-25 13:07:00,YZY,1.1000000000000001e-05
2026-04-25 13:07:00,PENGU,1e-05
2026-04-25 13:07:00,PAXG,1.1999999999999999e-05
2026-04-25 13:07:00,BCH,1.1999999999999999e-05
2026-04-25 13:07:00,APEX,1.1999999999999999e-05
2026-04-25 13:07:00,MET,-1.9e-05
2026-04-25 13:07:00,HBAR,1.1999999999999999e-05
2026-04-25 13:07:00,ENA,-2e-06
2026-04-25 13:07:00,CHIP,1.1999999999999999e-05
2026-04-25 13:07:00,MEGA,1.1999999999999999e-05
2026-04-25 13:07:00,ASTER,1.1999999999999999e-05
2026-04-25 13:07:00,SYRUP,1.1999999999999999e-05
2026-04-25 13:07:00,VVV,1.1999999999999999e-05
2026-04-25 13:07:00,ETH,-8e-06
2026-04-25 13:07:00,POL,1.1999999999999999e-05
2026-04-25 13:07:00,MORPHO,-9.400000000000001e-05
2026-04-25 13:07:00,ICP,1.1000000000000001e-05
2026-04-25 13:07:00,IP,1.1999999999999999e-05
2026-04-25 13:07:00,AZTEC,1.1999999999999999e-05
2026-04-25 13:07:00,VIRTUAL,1.1999999999999999e-05
2026-04-25 13:07:00,JTO,1.1999999999999999e-05
2026-04-25 13:07:00,ZRO,1.1999999999999999e-05
2026-04-25 13:07:00,PROVE,-6.1000000000000005e-05
2026-04-25 13:07:00,XLM,1.1999999999999999e-05
2026-04-25 13:07:00,KAITO,-5.999999999999999e-06
2026-04-25 13:07:00,XRP,-2.2000000000000003e-05
2026-04-25 13:07:00,APT,1.1000000000000001e-05
2026-04-25 13:07:00,TAO,1.1999999999999999e-05
2026-04-25 13:07:00,EIGEN,5e-06
2026-04-25 13:07:00,FARTCOIN,1.1999999999999999e-05
2026-04-25 13:07:00,CRV,-3.1e-05
2026-04-25 13:07:00,TON,0.0
2026-04-25 13:07:00,SKY,1.1999999999999999e-05
2026-04-25 13:07:00,0G,1.1999999999999999e-05
2026-04-25 13:07:00,ZORA,1.1999999999999999e-05
2026-04-25 13:07:00,LINK,7e-06
2026-04-25 13:07:00,S,-5.1000000000000006e-05
2026-04-25 13:07:00,BNB,8e-06
2026-04-25 13:07:00,PENDLE,1.1999999999999999e-05
2026-04-25 13:07:00,NEAR,1.1999999999999999e-05
2026-04-25 13:07:00,GMX,5.999999999999999e-06
2026-04-25 13:07:00,FOGO,-0.000137
2026-04-25 13:07:00,MNT,1.1999999999999999e-05
2026-04-25 13:07:00,ZK,1.1999999999999999e-05
2026-04-25 13:07:00,PYTH,1.1999999999999999e-05
2026-04-25 13:07:00,AERO,1.1999999999999999e-05
2026-04-25 13:07:00,GRASS,1.1999999999999999e-05
2026-04-25 13:07:00,TRX,-5.4999999999999995e-05
2026-04-25 13:07:00,LDO,1.1999999999999999e-05
2026-04-25 13:07:00,CC,1.1999999999999999e-05
2026-04-25 13:07:00,STRK,-9.3e-05
2026-04-25 13:07:00,WLFI,1.1000000000000001e-05
2026-04-25 13:07:00,ADA,1.1000000000000001e-05
2026-04-25 13:07:00,HYPE,1.1999999999999999e-05
2026-04-25 13:07:00,OP,-1e-05
2026-04-25 13:07:00,SOL,1.1999999999999999e-05
2026-04-25 13:07:00,UNI,1.1999999999999999e-05
2026-04-25 13:07:00,BTC,-8e-06
2026-04-25 13:07:00,AVNT,1.1999999999999999e-05
2026-04-25 13:07:00,LIT,1.1999999999999999e-05
2026-04-25 13:07:00,TIA,-3e-05
2026-04-25 13:07:00,FIL,-2e-06
2026-04-25 13:07:00,SUI,1e-05
2026-04-25 13:07:00,LTC,1.1999999999999999e-05
2026-04-25 13:07:00,RESOLV,1.1999999999999999e-05
2026-04-25 13:07:00,LINEA,-0.000112
2026-04-25 13:07:00,STABLE,-4.7999999999999994e-05
2026-04-25 13:07:00,XMR,1.1999999999999999e-05
2026-04-25 13:07:00,DYDX,1.1999999999999999e-05
2026-04-25 13:07:00,STBL,1.1999999999999999e-05
2026-04-25 13:07:00,SKR,-5.4000000000000005e-05
2026-04-25 13:07:00,ONDO,1.1999999999999999e-05
2026-04-25 13:07:00,DOGE,1.1999999999999999e-05
2026-04-25 13:07:00,WLD,-1.6e-05
2026-04-25 13:07:00,PUMP,1.1999999999999999e-05
2026-04-25 13:07:00,2Z,-1.6e-05
2026-04-25 13:07:00,SPX,1.1999999999999999e-05
2026-04-25 13:07:00,POPCAT,1.1999999999999999e-05
2026-04-25 13:07:00,ZEC,0.0
2026-04-25 13:07:00,XPL,1.1999999999999999e-05
2026-04-25 13:07:00,BERA,-5e-06
2026-04-25 13:07:00,AXS,-0.000149
2026-04-25 14:07:00,FIL,-8e-06
2026-04-25 14:07:00,ENA,1.1999999999999999e-05
2026-04-25 14:07:00,PYTH,1.1999999999999999e-05
2026-04-25 14:07:00,LIT,1.1999999999999999e-05
2026-04-25 14:07:00,ADA,1.1999999999999999e-05
2026-04-25 14:07:00,STBL,1.1999999999999999e-05
2026-04-25 14:07:00,POL,1.1999999999999999e-05
2026-04-25 14:07:00,XPL,1.1999999999999999e-05
2026-04-25 14:07:00,XLM,1.1999999999999999e-05
2026-04-25 14:07:00,AXS,-2.9999999999999997e-06
2026-04-25 14:07:00,ONDO,1.1999999999999999e-05
2026-04-25 14:07:00,DOT,5.999999999999999e-06
2026-04-25 14:07:00,EIGEN,-5e-06
2026-04-25 14:07:00,ZEC,4e-06
2026-04-25 14:07:00,PUMP,1.1999999999999999e-05
2026-04-25 14:07:00,BNB,1.1000000000000001e-05
2026-04-25 14:07:00,XRP,-2.8e-05
2026-04-25 14:07:00,VIRTUAL,1.1999999999999999e-05
2026-04-25 14:07:00,S,7e-06
2026-04-25 14:07:00,ARB,1e-06
2026-04-25 14:07:00,STABLE,-6.7e-05
2026-04-25 14:07:00,AVNT,1.1999999999999999e-05
2026-04-25 14:07:00,YZY,1.1999999999999999e-05
2026-04-25 14:07:00,ICP,-1.1999999999999999e-05
2026-04-25 14:07:00,DOGE,1.1999999999999999e-05
2026-04-25 14:07:00,MEGA,1.1999999999999999e-05
2026-04-25 14:07:00,GMX,1.1999999999999999e-05
2026-04-25 14:07:00,CRV,-1.9e-05
2026-04-25 14:07:00,SPX,1.1000000000000001e-05
2026-04-25 14:07:00,UNI,1.1999999999999999e-05
2026-04-25 14:07:00,POPCAT,1.1999999999999999e-05
2026-04-25 14:07:00,TIA,-3.1e-05
2026-04-25 14:07:00,MORPHO,-0.00012200000000000001
2026-04-25 14:07:00,APT,-1.9e-05
2026-04-25 14:07:00,PENGU,-1.3e-05
2026-04-25 14:07:00,SKY,1.1999999999999999e-05
2026-04-25 14:07:00,SUI,1e-05
2026-04-25 14:07:00,ZK,9e-06
2026-04-25 14:07:00,ETHFI,1.1999999999999999e-05
2026-04-25 14:07:00,TAO,1.1999999999999999e-05
2026-04-25 14:07:00,MON,-9e-06
2026-04-25 14:07:00,JUP,-1.1000000000000001e-05
2026-04-25 14:07:00,RESOLV,1.1999999999999999e-05
2026-04-25 14:07:00,WLFI,-2e-06
2026-04-25 14:07:00,AZTEC,-4.6e-05
2026-04-25 14:07:00,TRUMP,-0.000136
2026-04-25 14:07:00,KAITO,-7e-06
2026-04-25 14:07:00,SEI,1.1999999999999999e-05
2026-04-25 14:07:00,LINK,1.1999999999999999e-05
2026-04-25 14:07:00,SOL,-1e-06
2026-04-25 14:07:00,ASTER,1.1999999999999999e-05
2026-04-25 14:07:00,0G,-3.3e-05
2026-04-25 14:07:00,PENDLE,1.1999999999999999e-05
2026-04-25 14:07:00,JTO,1.1999999999999999e-05
2026-04-25 14:07:00,NEAR,1.1999999999999999e-05
2026-04-25 14:07:00,HYPE,1.1999999999999999e-05
2026-04-25 14:07:00,BCH,1.1999999999999999e-05
2026-04-25 14:07:00,ZRO,1.1999999999999999e-05
2026-04-25 14:07:00,CC,1.1999999999999999e-05
2026-04-25 14:07:00,LDO,-8e-06
2026-04-25 14:07:00,MNT,1.1999999999999999e-05
2026-04-25 14:07:00,AERO,1.1999999999999999e-05
2026-04-25 14:07:00,MET,-2.5e-05
2026-04-25 14:07:00,OP,9e-06
2026-04-25 14:07:00,GRASS,1.1999999999999999e-05
2026-04-25 14:07:00,DASH,1.1999999999999999e-05
2026-04-25 14:07:00,FOGO,-7.000000000000001e-05
2026-04-25 14:07:00,PAXG,1.1999999999999999e-05
2026-04-25 14:07:00,AAVE,1.1999999999999999e-05
2026-04-25 14:07:00,SYRUP,1.1999999999999999e-05
2026-04-25 14:07:00,WIF,-5.4999999999999995e-05
2026-04-25 14:07:00,FARTCOIN,1.1999999999999999e-05
2026-04-25 14:07:00,XMR,1.1999999999999999e-05
2026-04-25 14:07:00,2Z,-4.3e-05
2026-04-25 14:07:00,TON,-3e-05
2026-04-25 14:07:00,VVV,1.1999999999999999e-05
2026-04-25 14:07:00,SKR,-4.9e-05
2026-04-25 14:07:00,HBAR,1.1999999999999999e-05
2026-04-25 14:07:00,DYDX,1.1999999999999999e-05
2026-04-25 14:07:00,STRK,-3.6e-05
2026-04-25 14:07:00,BTC,-1.1000000000000001e-05
2026-04-25 14:07:00,ETH,-1e-05
2026-04-25 14:07:00,LINEA,-1.6e-05
2026-04-25 14:07:00,BERA,-2.2000000000000003e-05
2026-04-25 14:07:00,IP,1.1999999999999999e-05
2026-04-25 14:07:00,ZORA,1.1999999999999999e-05
2026-04-25 14:07:00,CHIP,1.1999999999999999e-05
2026-04-25 14:07:00,APEX,1.1999999999999999e-05
2026-04-25 14:07:00,TRX,-6.8e-05
2026-04-25 14:07:00,LTC,7e-06
2026-04-25 14:07:00,PROVE,-0.000139
2026-04-25 14:07:00,WLD,-1e-05
2026-04-25 14:07:00,AVAX,1.1999999999999999e-05
2026-04-25 15:07:00,UNI,1.1999999999999999e-05
2026-04-25 15:07:00,APEX,1.1999999999999999e-05
2026-04-25 15:07:00,WLFI,-2.9999999999999997e-06
2026-04-25 15:07:00,DOGE,1.1999999999999999e-05
2026-04-25 15:07:00,YZY,0.000177
2026-04-25 15:07:00,POPCAT,1.1999999999999999e-05
2026-04-25 15:07:00,ONDO,1.1999999999999999e-05
2026-04-25 15:07:00,ADA,1.1999999999999999e-05
2026-04-25 15:07:00,SEI,5e-06
2026-04-25 15:07:00,MORPHO,-0.000127
2026-04-25 15:07:00,0G,4e-06
2026-04-25 15:07:00,SYRUP,1.1999999999999999e-05
2026-04-25 15:07:00,DOT,0.0
2026-04-25 15:07:00,AVNT,1.1999999999999999e-05
2026-04-25 15:07:00,MON,-4.7999999999999994e-05
2026-04-25 15:07:00,DASH,1.1999999999999999e-05
2026-04-25 15:07:00,PAXG,1.1999999999999999e-05
2026-04-25 15:07:00,GRASS,1.1999999999999999e-05
2026-04-25 15:07:00,BERA,-0.000104
2026-04-25 15:07:00,STRK,-4.3e-05
2026-04-25 15:07:00,PROVE,-0.000121
2026-04-25 15:07:00,ZK,-1.3e-05
2026-04-25 15:07:00,PYTH,1.1999999999999999e-05
2026-04-25 15:07:00,LINK,1.1999999999999999e-05
2026-04-25 15:07:00,XLM,0.0
2026-04-25 15:07:00,XPL,1.1999999999999999e-05
2026-04-25 15:07:00,KAITO,-2.3e-05
2026-04-25 15:07:00,STABLE,-9.499999999999999e-05
2026-04-25 15:07:00,SOL,1e-06
2026-04-25 15:07:00,ENA,1.1999999999999999e-05
2026-04-25 15:07:00,ZORA,1.1999999999999999e-05
2026-04-25 15:07:00,FIL,1e-05
2026-04-25 15:07:00,ETH,5e-06
2026-04-25 15:07:00,BCH,1.1999999999999999e-05
2026-04-25 15:07:00,IP,1.1999999999999999e-05
2026-04-25 15:07:00,ARB,-8e-06
2026-04-25 15:07:00,STBL,1.1999999999999999e-05
2026-04-25 15:07:00,PENDLE,1.1999999999999999e-05
2026-04-25 15:07:00,ZRO,1.1999999999999999e-05
2026-04-25 15:07:00,CRV,8e-06
2026-04-25 15:07:00,VVV,3.4e-05
2026-04-25 15:07:00,MET,-2.5e-05
2026-04-25 15:07:00,AZTEC,1.1999999999999999e-05
2026-04-25 15:07:00,ZEC,1.1000000000000001e-05
2026-04-25 15:07:00,TIA,-3.5000000000000004e-05
2026-04-25 15:07:00,CC,1.1999999999999999e-05
2026-04-25 15:07:00,LDO,7e-06
2026-04-25 15:07:00,XMR,1.1999999999999999e-05
2026-04-25 15:07:00,AAVE,1.1999999999999999e-05
2026-04-25 15:07:00,NEAR,1.1999999999999999e-05
2026-04-25 15:07:00,SUI,1.1999999999999999e-05
2026-04-25 15:07:00,MNT,1.1999999999999999e-05
2026-04-25 15:07:00,ETHFI,1.1999999999999999e-05
2026-04-25 15:07:00,JUP,-7e-06
2026-04-25 15:07:00,EIGEN,-2e-05
2026-04-25 15:07:00,OP,-2.3999999999999997e-05
2026-04-25 15:07:00,BNB,4e-06
2026-04-25 15:07:00,PUMP,1.1999999999999999e-05
2026-04-25 15:07:00,XRP,-3.3e-05
2026-04-25 15:07:00,LTC,1.1000000000000001e-05
2026-04-25 15:07:00,TRUMP,-0.000214
2026-04-25 15:07:00,S,1.1999999999999999e-05
2026-04-25 15:07:00,MEGA,1.1999999999999999e-05
2026-04-25 15:07:00,VIRTUAL,1.1999999999999999e-05
2026-04-25 15:07:00,WLD,-2e-05
2026-04-25 15:07:00,AVAX,1.1999999999999999e-05
2026-04-25 15:07:00,FOGO,-0.000145
2026-04-25 15:07:00,APT,1e-06
2026-04-25 15:07:00,DYDX,1.1999999999999999e-05
2026-04-25 15:07:00,JTO,1.1999999999999999e-05
2026-04-25 15:07:00,AXS,-0.000185
2026-04-25 15:07:00,HYPE,8e-06
2026-04-25 15:07:00,LIT,1.1999999999999999e-05
2026-04-25 15:07:00,WIF,-2.2000000000000003e-05
2026-04-25 15:07:00,AERO,1.1999999999999999e-05
2026-04-25 15:07:00,TON,-4e-05
2026-04-25 15:07:00,POL,1.1999999999999999e-05
2026-04-25 15:07:00,TAO,1.1999999999999999e-05
2026-04-25 15:07:00,SPX,1.1999999999999999e-05
2026-04-25 15:07:00,GMX,-2e-06
2026-04-25 15:07:00,ASTER,1.1999999999999999e-05
2026-04-25 15:07:00,BTC,-1.3e-05
2026-04-25 15:07:00,2Z,-3.7000000000000005e-05
2026-04-25 15:07:00,LINEA,8e-06
2026-04-25 15:07:00,ICP,-2.9999999999999997e-06
2026-04-25 15:07:00,PENGU,-7e-06
2026-04-25 15:07:00,SKR,-4.9e-05
2026-04-25 15:07:00,CHIP,1.1999999999999999e-05
2026-04-25 15:07:00,RESOLV,1.1999999999999999e-05
2026-04-25 15:07:00,HBAR,1.1999999999999999e-05
2026-04-25 15:07:00,SKY,1.1999999999999999e-05
2026-04-25 15:07:00,TRX,-7.400000000000001e-05
2026-04-25 15:07:00,FARTCOIN,1.1999999999999999e-05
2026-04-25 16:07:01,EIGEN,2.9999999999999997e-06
2026-04-25 16:07:01,PYTH,1.1999999999999999e-05
2026-04-25 16:07:01,DOT,5e-06
2026-04-25 16:07:01,STBL,1.1999999999999999e-05
2026-04-25 16:07:01,SOL,0.0
2026-04-25 16:07:01,ARB,1e-05
2026-04-25 16:07:01,GMX,1.1999999999999999e-05
2026-04-25 16:07:01,SYRUP,1.1999999999999999e-05
2026-04-25 16:07:01,FIL,1.1000000000000001e-05
2026-04-25 16:07:01,ENA,7e-06
2026-04-25 16:07:01,ICP,-4e-06
2026-04-25 16:07:01,ETHFI,1.1999999999999999e-05
2026-04-25 16:07:01,APT,-2.2000000000000003e-05
2026-04-25 16:07:01,IP,1.1999999999999999e-05
2026-04-25 16:07:01,ONDO,1.1999999999999999e-05
2026-04-25 16:07:01,VVV,1.1999999999999999e-05
2026-04-25 16:07:01,TRUMP,-0.000272
2026-04-25 16:07:01,SPX,1.1999999999999999e-05
2026-04-25 16:07:01,SKY,1.1999999999999999e-05
2026-04-25 16:07:01,TAO,1.1999999999999999e-05
2026-04-25 16:07:01,TON,-3.9e-05
2026-04-25 16:07:01,CHIP,1.1999999999999999e-05
2026-04-25 16:07:01,AVNT,1.1999999999999999e-05
2026-04-25 16:07:01,ZEC,1.1999999999999999e-05
2026-04-25 16:07:01,FARTCOIN,1.1999999999999999e-05
2026-04-25 16:07:01,ZORA,1.1999999999999999e-05
2026-04-25 16:07:01,LDO,1.1999999999999999e-05
2026-04-25 16:07:01,MEGA,1.1999999999999999e-05
2026-04-25 16:07:01,XRP,-3.9e-05
2026-04-25 16:07:01,0G,5e-06
2026-04-25 16:07:01,ASTER,1.1999999999999999e-05
2026-04-25 16:07:01,S,1e-05
2026-04-25 16:07:01,DOGE,1.1999999999999999e-05
2026-04-25 16:07:01,WIF,-5.2e-05
2026-04-25 16:07:01,ZK,1e-05
2026-04-25 16:07:01,AAVE,1.1999999999999999e-05
2026-04-25 16:07:01,LINK,1.1999999999999999e-05
2026-04-25 16:07:01,CC,1.1999999999999999e-05
2026-04-25 16:07:01,STRK,-8e-06
2026-04-25 16:07:01,2Z,-1.5e-05
2026-04-25 16:07:01,STABLE,-0.000134
2026-04-25 16:07:01,OP,1e-05
2026-04-25 16:07:01,PROVE,-0.000106
2026-04-25 16:07:01,AXS,-0.000118
2026-04-25 16:07:01,APEX,1.1999999999999999e-05
2026-04-25 16:07:01,MNT,1.1999999999999999e-05
2026-04-25 16:07:01,PAXG,1.1999999999999999e-05
2026-04-25 16:07:01,KAITO,-2.6e-05
2026-04-25 16:07:01,TRX,-1.9e-05
2026-04-25 16:07:01,YZY,4e-06
2026-04-25 16:07:01,DYDX,1.1999999999999999e-05
2026-04-25 16:07:01,TIA,-1.1000000000000001e-05
2026-04-25 16:07:01,PENGU,1.1999999999999999e-05
2026-04-25 16:07:01,AZTEC,1.1000000000000001e-05
2026-04-25 16:07:01,LINEA,1.1000000000000001e-05
2026-04-25 16:07:01,JUP,-1.1999999999999999e-05
2026-04-25 16:07:01,XLM,-1.7e-05
2026-04-25 16:07:01,WLFI,-2.2000000000000003e-05
2026-04-25 16:07:01,SKR,-4e-06
2026-04-25 16:07:01,POPCAT,1.1999999999999999e-05
2026-04-25 16:07:01,MORPHO,-4.7999999999999994e-05
2026-04-25 16:07:01,ETH,2e-06
2026-04-25 16:07:01,WLD,-4e-05
2026-04-25 16:07:01,JTO,1.1999999999999999e-05
2026-04-25 16:07:01,HYPE,1.1999999999999999e-05
2026-04-25 16:07:01,BERA,-1.6e-05
2026-04-25 16:07:01,AVAX,1.1999999999999999e-05
2026-04-25 16:07:01,POL,1.1999999999999999e-05
2026-04-25 16:07:01,CRV,0.0
2026-04-25 16:07:01,RESOLV,1.1999999999999999e-05
2026-04-25 16:07:01,SUI,1.1999999999999999e-05
2026-04-25 16:07:01,XPL,1.1999999999999999e-05
2026-04-25 16:07:01,BCH,1.1999999999999999e-05
2026-04-25 16:07:01,BTC,-1.8e-05
2026-04-25 16:07:01,LTC,1.1000000000000001e-05
2026-04-25 16:07:01,XMR,1.1999999999999999e-05
2026-04-25 16:07:01,ADA,1.1000000000000001e-05
2026-04-25 16:07:01,UNI,1.1999999999999999e-05
2026-04-25 16:07:01,AERO,1.1999999999999999e-05
2026-04-25 16:07:01,FOGO,-9.599999999999999e-05
2026-04-25 16:07:01,HBAR,1.1999999999999999e-05
2026-04-25 16:07:01,MET,-1.5e-05
2026-04-25 16:07:01,PUMP,1.1999999999999999e-05
2026-04-25 16:07:01,LIT,1.1999999999999999e-05
2026-04-25 16:07:01,PENDLE,1.1999999999999999e-05
2026-04-25 16:07:01,VIRTUAL,1.1999999999999999e-05
2026-04-25 16:07:01,DASH,1.1999999999999999e-05
2026-04-25 16:07:01,GRASS,1.1999999999999999e-05
2026-04-25 16:07:01,BNB,-5e-06
2026-04-25 16:07:01,NEAR,1.1999999999999999e-05
2026-04-25 16:07:01,ZRO,1.1999999999999999e-05
2026-04-25 16:07:01,SEI,1.1999999999999999e-05
2026-04-25 16:07:01,MON,1e-05
2026-04-25 17:07:00,SKY,1.1999999999999999e-05
2026-04-25 17:07:00,XRP,-5.1000000000000006e-05
2026-04-25 17:07:00,SKR,1e-05
2026-04-25 17:07:00,OP,-5.999999999999999e-06
2026-04-25 17:07:00,AVAX,1.1999999999999999e-05
2026-04-25 17:07:00,PUMP,1.1999999999999999e-05
2026-04-25 17:07:00,JTO,8e-06
2026-04-25 17:07:00,2Z,-4.7999999999999994e-05
2026-04-25 17:07:00,APEX,1.1999999999999999e-05
2026-04-25 17:07:00,AAVE,1.1999999999999999e-05
2026-04-25 17:07:00,RESOLV,4e-06
2026-04-25 17:07:00,DASH,1.1999999999999999e-05
2026-04-25 17:07:00,WLFI,-2.5e-05
2026-04-25 17:07:00,LINEA,0.0
2026-04-25 17:07:00,UNI,1.1999999999999999e-05
2026-04-25 17:07:00,GRASS,1.1999999999999999e-05
2026-04-25 17:07:00,LIT,1.1999999999999999e-05
2026-04-25 17:07:00,AVNT,1.1999999999999999e-05
2026-04-25 17:07:00,JUP,-8e-06
2026-04-25 17:07:00,XLM,1e-05
2026-04-25 17:07:00,MET,-7.1e-05
2026-04-25 17:07:00,TIA,-2.8999999999999997e-05
2026-04-25 17:07:00,PAXG,1.1999999999999999e-05
2026-04-25 17:07:00,PENDLE,1.1999999999999999e-05
2026-04-25 17:07:00,SEI,-1e-06
2026-04-25 17:07:00,TRUMP,-0.000236
2026-04-25 17:07:00,ASTER,-4e-06
2026-04-25 17:07:00,AZTEC,-1.7e-05
2026-04-25 17:07:00,ARB,1.1999999999999999e-05
2026-04-25 17:07:00,BCH,1.1999999999999999e-05
2026-04-25 17:07:00,STRK,-4.6e-05
2026-04-25 17:07:00,FOGO,-0.000117
2026-04-25 17:07:00,MNT,1.1999999999999999e-05
2026-04-25 17:07:00,POL,1.1999999999999999e-05
2026-04-25 17:07:00,BNB,1e-06
2026-04-25 17:07:00,DYDX,1.1999999999999999e-05
2026-04-25 17:07:00,MORPHO,-9.499999999999999e-05
2026-04-25 17:07:00,AERO,-2.5e-05
2026-04-25 17:07:00,FARTCOIN,1.1999999999999999e-05
2026-04-25 17:07:00,LINK,5e-06
2026-04-25 17:07:00,FIL,1.1999999999999999e-05
2026-04-25 17:07:00,BERA,-3.4e-05
2026-04-25 17:07:00,LDO,1.1999999999999999e-05
2026-04-25 17:07:00,ZORA,1.1999999999999999e-05
2026-04-25 17:07:00,TON,-3.1e-05
2026-04-25 17:07:00,ZEC,1.1999999999999999e-05
2026-04-25 17:07:00,S,-1.1000000000000001e-05
2026-04-25 17:07:00,SUI,1.1999999999999999e-05
2026-04-25 17:07:00,VIRTUAL,1.1999999999999999e-05
2026-04-25 17:07:00,PROVE,-0.000154
2026-04-25 17:07:00,BTC,-1.8e-05
2026-04-25 17:07:00,WIF,-3.1e-05
2026-04-25 17:07:00,HBAR,1.1999999999999999e-05
2026-04-25 17:07:00,MON,-6.3e-05
2026-04-25 17:07:00,TRX,-3.4e-05
2026-04-25 17:07:00,ONDO,1.1999999999999999e-05
2026-04-25 17:07:00,POPCAT,1.1999999999999999e-05
2026-04-25 17:07:00,STABLE,-0.000134
2026-04-25 17:07:00,DOGE,1.1999999999999999e-05
2026-04-25 17:07:00,AXS,-9.8e-05
2026-04-25 17:07:00,PENGU,1.1999999999999999e-05
2026-04-25 17:07:00,ADA,5e-06
2026-04-25 17:07:00,GMX,1e-05
2026-04-25 17:07:00,ZRO,1.1999999999999999e-05
2026-04-25 17:07:00,0G,1.1999999999999999e-05
2026-04-25 17:07:00,ZK,1.1999999999999999e-05
2026-04-25 17:07:00,ICP,2.9999999999999997e-06
2026-04-25 17:07:00,TAO,9e-06
2026-04-25 17:07:00,VVV,8.7e-05
2026-04-25 17:07:00,XMR,1.1999999999999999e-05
2026-04-25 17:07:00,SYRUP,1.1999999999999999e-05
2026-04-25 17:07:00,XPL,-8e-06
2026-04-25 17:07:00,IP,-4e-06
2026-04-25 17:07:00,PYTH,1.1999999999999999e-05
2026-04-25 17:07:00,LTC,1.1999999999999999e-05
2026-04-25 17:07:00,SPX,1.1999999999999999e-05
2026-04-25 17:07:00,NEAR,1.1999999999999999e-05
2026-04-25 17:07:00,YZY,-1.5e-05
2026-04-25 17:07:00,ENA,9e-06
2026-04-25 17:07:00,KAITO,-3.4e-05
2026-04-25 17:07:00,EIGEN,9e-06
2026-04-25 17:07:00,ETH,7e-06
2026-04-25 17:07:00,STBL,1.1999999999999999e-05
2026-04-25 17:07:00,CC,1.1999999999999999e-05
2026-04-25 17:07:00,DOT,2e-06
2026-04-25 17:07:00,CRV,-4.7000000000000004e-05
2026-04-25 17:07:00,ETHFI,1.1999999999999999e-05
2026-04-25 17:07:00,CHIP,1.1999999999999999e-05
2026-04-25 17:07:00,SOL,1e-06
2026-04-25 17:07:00,MEGA,1.1999999999999999e-05
2026-04-25 17:07:00,WLD,-7.900000000000001e-05
2026-04-25 17:07:00,APT,2.9999999999999997e-06
2026-04-25 17:07:00,HYPE,1.1000000000000001e-05
2026-04-25 18:07:01,VIRTUAL,1.1999999999999999e-05
2026-04-25 18:07:01,MON,-8.9e-05
2026-04-25 18:07:01,DYDX,1.1999999999999999e-05
2026-04-25 18:07:01,CHIP,1.1999999999999999e-05
2026-04-25 18:07:01,ZRO,1.1999999999999999e-05
2026-04-25 18:07:01,POL,1.1999999999999999e-05
2026-04-25 18:07:01,PENGU,7e-06
2026-04-25 18:07:01,POPCAT,1.1999999999999999e-05
2026-04-25 18:07:01,LDO,1.1999999999999999e-05
2026-04-25 18:07:01,SEI,-4.1e-05
2026-04-25 18:07:01,NEAR,1.1999999999999999e-05
2026-04-25 18:07:01,YZY,-0.000417
2026-04-25 18:07:01,GMX,-2e-05
2026-04-25 18:07:01,APEX,1.1999999999999999e-05
2026-04-25 18:07:01,ONDO,1.1999999999999999e-05
2026-04-25 18:07:01,ZORA,8e-06
2026-04-25 18:07:01,OP,-1e-05
2026-04-25 18:07:01,MNT,1.1999999999999999e-05
2026-04-25 18:07:01,CRV,-7.7e-05
2026-04-25 18:07:01,XMR,1.1999999999999999e-05
2026-04-25 18:07:01,TIA,-3e-05
2026-04-25 18:07:01,PYTH,1.1999999999999999e-05
2026-04-25 18:07:01,SYRUP,1.1999999999999999e-05
2026-04-25 18:07:01,HYPE,4e-06
2026-04-25 18:07:01,ASTER,-3.8e-05
2026-04-25 18:07:01,KAITO,-3.7000000000000005e-05
2026-04-25 18:07:01,AERO,-0.00017999999999999998
2026-04-25 18:07:01,WIF,-3e-05
2026-04-25 18:07:01,S,-1.9e-05
2026-04-25 18:07:01,DASH,1.1999999999999999e-05
2026-04-25 18:07:01,PAXG,1.1999999999999999e-05
2026-04-25 18:07:01,RESOLV,4e-06
2026-04-25 18:07:01,CC,1.1999999999999999e-05
2026-04-25 18:07:01,AZTEC,1.1000000000000001e-05
2026-04-25 18:07:01,TAO,-1e-05
2026-04-25 18:07:01,SKR,7e-06
2026-04-25 18:07:01,ADA,-2e-06
2026-04-25 18:07:01,XPL,-1.7e-05
2026-04-25 18:07:01,LINEA,-7e-06
2026-04-25 18:07:01,BCH,1.1999999999999999e-05
2026-04-25 18:07:01,JTO,1.1999999999999999e-05
2026-04-25 18:07:01,XRP,-5.7e-05
2026-04-25 18:07:01,BNB,4e-06
2026-04-25 18:07:01,HBAR,1.1999999999999999e-05
2026-04-25 18:07:01,WLD,-7.1e-05
2026-04-25 18:07:01,WLFI,-4.2e-05
2026-04-25 18:07:01,TRX,-3.2e-05
2026-04-25 18:07:01,PUMP,1.1999999999999999e-05
2026-04-25 18:07:01,AXS,-0.00035499999999999996
2026-04-25 18:07:01,STABLE,-0.000134
2026-04-25 18:07:01,ARB,1.1000000000000001e-05
2026-04-25 18:07:01,STRK,-1.1999999999999999e-05
2026-04-25 18:07:01,LIT,1.1999999999999999e-05
2026-04-25 18:07:01,LTC,1.1999999999999999e-05
2026-04-25 18:07:01,APT,-3.8e-05
2026-04-25 18:07:01,ETH,2e-06
2026-04-25 18:07:01,AVAX,7e-06
2026-04-25 18:07:01,XLM,1.1000000000000001e-05
2026-04-25 18:07:01,2Z,-5.9e-05
2026-04-25 18:07:01,SKY,1.1999999999999999e-05
2026-04-25 18:07:01,IP,-2.2000000000000003e-05
2026-04-25 18:07:01,PENDLE,1.1999999999999999e-05
2026-04-25 18:07:01,BTC,-1.3e-05
2026-04-25 18:07:01,MORPHO,-0.000103
2026-04-25 18:07:01,DOGE,1.1999999999999999e-05
2026-04-25 18:07:01,VVV,1.1999999999999999e-05
2026-04-25 18:07:01,MEGA,1.1999999999999999e-05
2026-04-25 18:07:01,SPX,1.1999999999999999e-05
2026-04-25 18:07:01,0G,1.1999999999999999e-05
2026-04-25 18:07:01,FOGO,-5.6e-05
2026-04-25 18:07:01,SUI,1.1999999999999999e-05
2026-04-25 18:07:01,MET,-1.6e-05
2026-04-25 18:07:01,SOL,2e-06
2026-04-25 18:07:01,STBL,1.1999999999999999e-05
2026-04-25 18:07:01,JUP,-5.999999999999999e-06
2026-04-25 18:07:01,FIL,9e-06
2026-04-25 18:07:01,DOT,-1.6e-05
2026-04-25 18:07:01,FARTCOIN,1.1999999999999999e-05
2026-04-25 18:07:01,ZEC,1e-05
2026-04-25 18:07:01,ICP,8e-06
2026-04-25 18:07:01,PROVE,-0.000144
2026-04-25 18:07:01,LINK,1.1000000000000001e-05
2026-04-25 18:07:01,BERA,-8.099999999999999e-05
2026-04-25 18:07:01,GRASS,1.1999999999999999e-05
2026-04-25 18:07:01,AVNT,1.1999999999999999e-05
2026-04-25 18:07:01,AAVE,1.1999999999999999e-05
2026-04-25 18:07:01,ENA,0.0
2026-04-25 18:07:01,ETHFI,1.1999999999999999e-05
2026-04-25 18:07:01,TRUMP,-0.000343
2026-04-25 18:07:01,TON,8e-06
2026-04-25 18:07:01,EIGEN,-4.7000000000000004e-05
2026-04-25 18:07:01,ZK,1e-05
2026-04-25 18:07:01,UNI,2e-06
2026-04-25 19:07:00,JUP,-1.3e-05
2026-04-25 19:07:00,TRUMP,-0.00035000000000000005
2026-04-25 19:07:00,ADA,-1e-06
2026-04-25 19:07:00,MEGA,1.1999999999999999e-05
2026-04-25 19:07:00,VIRTUAL,1.1999999999999999e-05
2026-04-25 19:07:00,FIL,-2e-06
2026-04-25 19:07:00,FARTCOIN,1.1999999999999999e-05
2026-04-25 19:07:00,AZTEC,-1e-05
2026-04-25 19:07:00,AXS,-0.000303
2026-04-25 19:07:00,MORPHO,-0.00014099999999999998
2026-04-25 19:07:00,SEI,9e-06
2026-04-25 19:07:00,TIA,-3.5000000000000004e-05
2026-04-25 19:07:00,DYDX,1.1999999999999999e-05
2026-04-25 19:07:00,POL,1.1999999999999999e-05
2026-04-25 19:07:00,SKR,-8.9e-05
2026-04-25 19:07:00,BNB,-7e-06
2026-04-25 19:07:00,ARB,1.1999999999999999e-05
2026-04-25 19:07:00,ZORA,1.1999999999999999e-05
2026-04-25 19:07:00,STRK,2.9999999999999997e-06
2026-04-25 19:07:00,RESOLV,1.1999999999999999e-05
2026-04-25 19:07:00,XRP,-3.6e-05
2026-04-25 19:07:00,PYTH,1.1999999999999999e-05
2026-04-25 19:07:00,ETH,-4e-06
2026-04-25 19:07:00,OP,-1e-06
2026-04-25 19:07:00,MNT,1.1999999999999999e-05
2026-04-25 19:07:00,AVNT,1.1999999999999999e-05
2026-04-25 19:07:00,ZRO,1.1999999999999999e-05
2026-04-25 19:07:00,WLFI,-2e-05
2026-04-25 19:07:00,S,-4e-06
2026-04-25 19:07:00,SUI,1.1999999999999999e-05
2026-04-25 19:07:00,XMR,1.1999999999999999e-05
2026-04-25 19:07:00,DOT,-2.8999999999999997e-05
2026-04-25 19:07:00,ASTER,5e-06
2026-04-25 19:07:00,CRV,-5e-05
2026-04-25 19:07:00,PROVE,-0.000172
2026-04-25 19:07:00,2Z,-0.000124
2026-04-25 19:07:00,XPL,-2.7000000000000002e-05
2026-04-25 19:07:00,SPX,1.1999999999999999e-05
2026-04-25 19:07:00,ENA,-1.1999999999999999e-05
2026-04-25 19:07:00,YZY,-0.000415
2026-04-25 19:07:00,DOGE,1.1999999999999999e-05
2026-04-25 19:07:00,HYPE,1.1999999999999999e-05
2026-04-25 19:07:00,ZEC,0.0
2026-04-25 19:07:00,TAO,-9e-06
2026-04-25 19:07:00,MON,-0.000131
2026-04-25 19:07:00,AERO,-0.000167
2026-04-25 19:07:00,APEX,1.1999999999999999e-05
2026-04-25 19:07:00,EIGEN,-5.2e-05
2026-04-25 19:07:00,LTC,-2e-06
2026-04-25 19:07:00,BCH,1.1999999999999999e-05
2026-04-25 19:07:00,PAXG,1.1999999999999999e-05
2026-04-25 19:07:00,LINK,1.1999999999999999e-05
2026-04-25 19:07:00,LDO,1.1999999999999999e-05
2026-04-25 19:07:00,CHIP,1.1999999999999999e-05
2026-04-25 19:07:00,TON,1.1999999999999999e-05
2026-04-25 19:07:00,PUMP,1.1999999999999999e-05
2026-04-25 19:07:00,PENDLE,1.1999999999999999e-05
2026-04-25 19:07:00,IP,-3.5000000000000004e-05
2026-04-25 19:07:00,WIF,-3e-05
2026-04-25 19:07:00,JTO,1.1999999999999999e-05
2026-04-25 19:07:00,ONDO,1.1999999999999999e-05
2026-04-25 19:07:00,UNI,4e-06
2026-04-25 19:07:00,APT,-1.5e-05
2026-04-25 19:07:00,BERA,-4.6e-05
2026-04-25 19:07:00,POPCAT,1.1999999999999999e-05
2026-04-25 19:07:00,MET,-2.6e-05
2026-04-25 19:07:00,CC,1.1999999999999999e-05
2026-04-25 19:07:00,ZK,-1.1999999999999999e-05
2026-04-25 19:07:00,AVAX,1.1999999999999999e-05
2026-04-25 19:07:00,WLD,-8.3e-05
2026-04-25 19:07:00,XLM,1.1999999999999999e-05
2026-04-25 19:07:00,LINEA,-2.3999999999999997e-05
2026-04-25 19:07:00,KAITO,-4.9e-05
2026-04-25 19:07:00,GMX,5.999999999999999e-06
2026-04-25 19:07:00,DASH,1.1999999999999999e-05
2026-04-25 19:07:00,TRX,-3.3e-05
2026-04-25 19:07:00,VVV,1.1999999999999999e-05
2026-04-25 19:07:00,STABLE,-2.5e-05
2026-04-25 19:07:00,LIT,1.1999999999999999e-05
2026-04-25 19:07:00,FOGO,-8.2e-05
2026-04-25 19:07:00,AAVE,1.1999999999999999e-05
2026-04-25 19:07:00,ICP,4e-06
2026-04-25 19:07:00,SKY,1.1999999999999999e-05
2026-04-25 19:07:00,0G,-2.9999999999999997e-06
2026-04-25 19:07:00,SOL,5e-06
2026-04-25 19:07:00,STBL,1.1999999999999999e-05
2026-04-25 19:07:00,ETHFI,1.1999999999999999e-05
2026-04-25 19:07:00,BTC,-2.9999999999999997e-06
2026-04-25 19:07:00,NEAR,1.1999999999999999e-05
2026-04-25 19:07:00,PENGU,1.1000000000000001e-05
2026-04-25 19:07:00,GRASS,1.1999999999999999e-05
2026-04-25 19:07:00,SYRUP,1.1999999999999999e-05
2026-04-25 19:07:00,HBAR,1.1999999999999999e-05
2026-04-25 20:07:00,SPX,1.1999999999999999e-05
2026-04-25 20:07:00,POPCAT,1.1999999999999999e-05
2026-04-25 20:07:00,IP,-2.3999999999999997e-05
2026-04-25 20:07:00,VVV,1.1999999999999999e-05
2026-04-25 20:07:00,SKY,1.1999999999999999e-05
2026-04-25 20:07:00,YZY,-0.000206
2026-04-25 20:07:00,DASH,1.1999999999999999e-05
2026-04-25 20:07:00,AAVE,1.1999999999999999e-05
2026-04-25 20:07:00,MNT,1.1999999999999999e-05
2026-04-25 20:07:00,LINEA,-2.2000000000000003e-05
2026-04-25 20:07:00,JTO,1.1999999999999999e-05
2026-04-25 20:07:00,PUMP,1.1999999999999999e-05
2026-04-25 20:07:00,FIL,-1.3e-05
2026-04-25 20:07:00,AZTEC,1.1000000000000001e-05
2026-04-25 20:07:00,FOGO,-0.00017
2026-04-25 20:07:00,SEI,-9e-06
2026-04-25 20:07:00,ONDO,1.1999999999999999e-05
2026-04-25 20:07:00,KAITO,-4.4999999999999996e-05
2026-04-25 20:07:00,AXS,-0.000178
2026-04-25 20:07:00,WLFI,-1.7e-05
2026-04-25 20:07:00,SKR,-5e-06
2026-04-25 20:07:00,EIGEN,0.0
2026-04-25 20:07:00,LDO,1.1999999999999999e-05
2026-04-25 20:07:00,ZRO,1.1999999999999999e-05
2026-04-25 20:07:00,SYRUP,1.1999999999999999e-05
2026-04-25 20:07:00,MEGA,1.1999999999999999e-05
2026-04-25 20:07:00,ARB,-1e-06
2026-04-25 20:07:00,BERA,-7.400000000000001e-05
2026-04-25 20:07:00,APEX,1.1999999999999999e-05
2026-04-25 20:07:00,WLD,-7.6e-05
2026-04-25 20:07:00,TIA,-2.5e-05
2026-04-25 20:07:00,S,-2e-05
2026-04-25 20:07:00,TRUMP,-0.000476
2026-04-25 20:07:00,BCH,1.1999999999999999e-05
2026-04-25 20:07:00,ADA,-5e-06
2026-04-25 20:07:00,AVAX,1.1999999999999999e-05
2026-04-25 20:07:00,POL,1.1999999999999999e-05
2026-04-25 20:07:00,STRK,-1.1000000000000001e-05
2026-04-25 20:07:00,RESOLV,1.1999999999999999e-05
2026-04-25 20:07:00,WIF,9e-06
2026-04-25 20:07:00,HYPE,7e-06
2026-04-25 20:07:00,STABLE,-4e-05
2026-04-25 20:07:00,DOT,-2.1e-05
2026-04-25 20:07:00,AERO,-0.000165
2026-04-25 20:07:00,STBL,1.1999999999999999e-05
2026-04-25 20:07:00,PAXG,1.1999999999999999e-05
2026-04-25 20:07:00,ICP,-1.3e-05
2026-04-25 20:07:00,OP,1.1000000000000001e-05
2026-04-25 20:07:00,CRV,-5.4000000000000005e-05
2026-04-25 20:07:00,GMX,1.1999999999999999e-05
2026-04-25 20:07:00,CC,-2.8e-05
2026-04-25 20:07:00,PENDLE,1.1999999999999999e-05
2026-04-25 20:07:00,LIT,1.1999999999999999e-05
2026-04-25 20:07:00,JUP,-1.1999999999999999e-05
2026-04-25 20:07:00,CHIP,1.1999999999999999e-05
2026-04-25 20:07:00,MET,-1.4e-05
2026-04-25 20:07:00,PENGU,1e-05
2026-04-25 20:07:00,APT,-2.2000000000000003e-05
2026-04-25 20:07:00,BTC,-2e-06
2026-04-25 20:07:00,VIRTUAL,1.1999999999999999e-05
2026-04-25 20:07:00,TON,1.1999999999999999e-05
2026-04-25 20:07:00,ZK,-1.5e-05
2026-04-25 20:07:00,PROVE,-0.000136
2026-04-25 20:07:00,DYDX,1.1999999999999999e-05
2026-04-25 20:07:00,MORPHO,-0.000135
2026-04-25 20:07:00,FARTCOIN,1.1999999999999999e-05
2026-04-25 20:07:00,SOL,1.1000000000000001e-05
2026-04-25 20:07:00,LINK,1.1999999999999999e-05
2026-04-25 20:07:00,0G,-2.8e-05
2026-04-25 20:07:00,MON,-6e-05
2026-04-25 20:07:00,SUI,1.1999999999999999e-05
2026-04-25 20:07:00,2Z,-5.4999999999999995e-05
2026-04-25 20:07:00,DOGE,1.1999999999999999e-05
2026-04-25 20:07:00,ETH,7e-06
2026-04-25 20:07:00,XLM,-1e-06
2026-04-25 20:07:00,ENA,-1.5e-05
2026-04-25 20:07:00,TAO,-6.5e-05
2026-04-25 20:07:00,LTC,5e-06
2026-04-25 20:07:00,AVNT,1.1999999999999999e-05
2026-04-25 20:07:00,HBAR,1.1999999999999999e-05
2026-04-25 20:07:00,XMR,1.1999999999999999e-05
2026-04-25 20:07:00,UNI,1.1999999999999999e-05
2026-04-25 20:07:00,BNB,-5.999999999999999e-06
2026-04-25 20:07:00,GRASS,1.1999999999999999e-05
2026-04-25 20:07:00,TRX,-3.1e-05
2026-04-25 20:07:00,NEAR,1.1999999999999999e-05
2026-04-25 20:07:00,PYTH,1.1999999999999999e-05
2026-04-25 20:07:00,ZEC,2e-06
2026-04-25 20:07:00,ASTER,-1.5e-05
2026-04-25 20:07:00,XRP,-2.6e-05
2026-04-25 20:07:00,ZORA,1.1999999999999999e-05
2026-04-25 20:07:00,ETHFI,1.1999999999999999e-05
2026-04-25 20:07:00,XPL,-2.1e-05
2026-04-25 21:07:00,AERO,-0.000125
2026-04-25 21:07:00,2Z,-5.7e-05
2026-04-25 21:07:00,OP,1.1999999999999999e-05
2026-04-25 21:07:00,CC,1.1999999999999999e-05
2026-04-25 21:07:00,SYRUP,1.1999999999999999e-05
2026-04-25 21:07:00,LIT,1.1999999999999999e-05
2026-04-25 21:07:00,ARB,1.1000000000000001e-05
2026-04-25 21:07:00,DOGE,1.1999999999999999e-05
2026-04-25 21:07:00,DYDX,1.1999999999999999e-05
2026-04-25 21:07:00,AVAX,1.1999999999999999e-05
2026-04-25 21:07:00,ENA,0.0
2026-04-25 21:07:00,SOL,1.1999999999999999e-05
2026-04-25 21:07:00,ONDO,1.1999999999999999e-05
2026-04-25 21:07:00,ZRO,1.1999999999999999e-05
2026-04-25 21:07:00,POL,1.1999999999999999e-05
2026-04-25 21:07:00,ZEC,1.1999999999999999e-05
2026-04-25 21:07:00,MEGA,1.1999999999999999e-05
2026-04-25 21:07:00,HBAR,1.1999999999999999e-05
2026-04-25 21:07:00,BNB,-5.999999999999999e-06
2026-04-25 21:07:00,STRK,1e-06
2026-04-25 21:07:00,UNI,1.1999999999999999e-05
2026-04-25 21:07:00,VIRTUAL,8e-06
2026-04-25 21:07:00,FIL,-1.6e-05
2026-04-25 21:07:00,DASH,1.1999999999999999e-05
2026-04-25 21:07:00,BERA,-9.8e-05
2026-04-25 21:07:00,KAITO,-1.8e-05
2026-04-25 21:07:00,HYPE,1.1999999999999999e-05
2026-04-25 21:07:00,0G,8e-06
2026-04-25 21:07:00,SEI,1.1999999999999999e-05
2026-04-25 21:07:00,WLFI,1.1999999999999999e-05
2026-04-25 21:07:00,XMR,1.6e-05
2026-04-25 21:07:00,WLD,-6.3e-05
2026-04-25 21:07:00,LINEA,-8e-06
2026-04-25 21:07:00,AXS,-5.6e-05
2026-04-25 21:07:00,BTC,-2e-06
2026-04-25 21:07:00,PUMP,1.1999999999999999e-05
2026-04-25 21:07:00,LTC,1e-06
2026-04-25 21:07:00,FOGO,-5e-05
2026-04-25 21:07:00,PYTH,1.1999999999999999e-05
2026-04-25 21:07:00,WIF,1.1999999999999999e-05
2026-04-25 21:07:00,TIA,-2.3e-05
2026-04-25 21:07:00,JUP,-2.3999999999999997e-05
2026-04-25 21:07:00,GRASS,1.1999999999999999e-05
2026-04-25 21:07:00,XRP,-1.4e-05
2026-04-25 21:07:00,AAVE,1.1999999999999999e-05
2026-04-25 21:07:00,EIGEN,-1.8e-05
2026-04-25 21:07:00,JTO,1.1000000000000001e-05
2026-04-25 21:07:00,LDO,1.1999999999999999e-05
2026-04-25 21:07:00,SKR,1e-05
2026-04-25 21:07:00,STBL,1.1999999999999999e-05
2026-04-25 21:07:00,PENDLE,1.1999999999999999e-05
2026-04-25 21:07:00,TRUMP,-0.000511
2026-04-25 21:07:00,YZY,-0.000857
2026-04-25 21:07:00,APEX,1.1999999999999999e-05
2026-04-25 21:07:00,TRX,-3.3e-05
2026-04-25 21:07:00,MNT,1.1999999999999999e-05
2026-04-25 21:07:00,PROVE,-7.8e-05
2026-04-25 21:07:00,BCH,1.1999999999999999e-05
2026-04-25 21:07:00,ZK,1e-05
2026-04-25 21:07:00,FARTCOIN,1.1999999999999999e-05
2026-04-25 21:07:00,IP,-9e-06
2026-04-25 21:07:00,CRV,-4e-05
2026-04-25 21:07:00,MON,-4.1e-05
2026-04-25 21:07:00,ETH,1.1999999999999999e-05
2026-04-25 21:07:00,STABLE,-0.00010200000000000001
2026-04-25 21:07:00,MET,-6.9e-05
2026-04-25 21:07:00,TAO,-7.1e-05
2026-04-25 21:07:00,TON,1.1999999999999999e-05
2026-04-25 21:07:00,ADA,-5e-06
2026-04-25 21:07:00,SPX,1.1999999999999999e-05
2026-04-25 21:07:00,APT,8e-06
2026-04-25 21:07:00,POPCAT,1.1999999999999999e-05
2026-04-25 21:07:00,AVNT,1.1999999999999999e-05
2026-04-25 21:07:00,DOT,-4e-06
2026-04-25 21:07:00,CHIP,1.1999999999999999e-05
2026-04-25 21:07:00,VVV,1.7e-05
2026-04-25 21:07:00,XLM,5.999999999999999e-06
2026-04-25 21:07:00,PAXG,1.1999999999999999e-05
2026-04-25 21:07:00,NEAR,1.1999999999999999e-05
2026-04-25 21:07:00,SUI,-2e-06
2026-04-25 21:07:00,PENGU,9e-06
2026-04-25 21:07:00,SKY,1.1999999999999999e-05
2026-04-25 21:07:00,ASTER,-5.6e-05
2026-04-25 21:07:00,LINK,1.1999999999999999e-05
2026-04-25 21:07:00,AZTEC,0.00012
2026-04-25 21:07:00,RESOLV,1.1999999999999999e-05
2026-04-25 21:07:00,S,1.1999999999999999e-05
2026-04-25 21:07:00,GMX,-5.999999999999999e-06
2026-04-25 21:07:00,XPL,-4e-06
2026-04-25 21:07:00,ZORA,1e-05
2026-04-25 21:07:00,ETHFI,1.1999999999999999e-05
2026-04-25 21:07:00,MORPHO,-5.6e-05
2026-04-25 21:07:00,ICP,1.1000000000000001e-05
2026-04-25 22:07:00,LTC,-5e-06
2026-04-25 22:07:00,POPCAT,1.1999999999999999e-05
2026-04-25 22:07:00,ZORA,1.1999999999999999e-05
2026-04-25 22:07:00,ONDO,1.1999999999999999e-05
2026-04-25 22:07:00,VIRTUAL,5e-06
2026-04-25 22:07:00,ZK,1.1000000000000001e-05
2026-04-25 22:07:00,SOL,2.9999999999999997e-06
2026-04-25 22:07:00,PROVE,-9.599999999999999e-05
2026-04-25 22:07:00,SKR,-0.00015900000000000002
2026-04-25 22:07:00,TRX,-3.9e-05
2026-04-25 22:07:00,AZTEC,-7.2e-05
2026-04-25 22:07:00,SEI,7e-06
2026-04-25 22:07:00,AXS,-0.000156
2026-04-25 22:07:00,JTO,1.1999999999999999e-05
2026-04-25 22:07:00,POL,-1.9e-05
2026-04-25 22:07:00,CRV,-2.2000000000000003e-05
2026-04-25 22:07:00,PENDLE,1.1999999999999999e-05
2026-04-25 22:07:00,SPX,1.1999999999999999e-05
2026-04-25 22:07:00,SUI,-4e-06
2026-04-25 22:07:00,ETH,1.1999999999999999e-05
2026-04-25 22:07:00,FIL,-1e-05
2026-04-25 22:07:00,LINEA,-1.8e-05
2026-04-25 22:07:00,PENGU,1.1999999999999999e-05
2026-04-25 22:07:00,FOGO,-0.000147
2026-04-25 22:07:00,ARB,1.1999999999999999e-05
2026-04-25 22:07:00,BNB,1e-06
2026-04-25 22:07:00,AERO,1e-06
2026-04-25 22:07:00,STBL,1.1999999999999999e-05
2026-04-25 22:07:00,0G,-8.6e-05
2026-04-25 22:07:00,CC,1.1999999999999999e-05
2026-04-25 22:07:00,HBAR,1.1000000000000001e-05
2026-04-25 22:07:00,WLD,-5.4000000000000005e-05
2026-04-25 22:07:00,ASTER,-6.1000000000000005e-05
2026-04-25 22:07:00,IP,-3.5000000000000004e-05
2026-04-25 22:07:00,ICP,5.999999999999999e-06
2026-04-25 22:07:00,BCH,1.1999999999999999e-05
2026-04-25 22:07:00,XLM,1.1999999999999999e-05
2026-04-25 22:07:00,TRUMP,-0.000553
2026-04-25 22:07:00,KAITO,-4.4000000000000006e-05
2026-04-25 22:07:00,LIT,1.1999999999999999e-05
2026-04-25 22:07:00,UNI,1.1999999999999999e-05
2026-04-25 22:07:00,LINK,1.1999999999999999e-05
2026-04-25 22:07:00,DASH,-7e-06
2026-04-25 22:07:00,TAO,-4.4999999999999996e-05
2026-04-25 22:07:00,APT,1e-06
2026-04-25 22:07:00,VVV,7.900000000000001e-05
2026-04-25 22:07:00,NEAR,1.1999999999999999e-05
2026-04-25 22:07:00,MEGA,1.1999999999999999e-05
2026-04-25 22:07:00,RESOLV,1.1999999999999999e-05
2026-04-25 22:07:00,DOGE,1.1999999999999999e-05
2026-04-25 22:07:00,WLFI,1.1999999999999999e-05
2026-04-25 22:07:00,XMR,1.4e-05
2026-04-25 22:07:00,EIGEN,-3.5000000000000004e-05
2026-04-25 22:07:00,MNT,1.1999999999999999e-05
2026-04-25 22:07:00,SYRUP,1.1999999999999999e-05
2026-04-25 22:07:00,S,-1.3e-05
2026-04-25 22:07:00,STABLE,-8.3e-05
2026-04-25 22:07:00,HYPE,1.1999999999999999e-05
2026-04-25 22:07:00,SKY,1.1999999999999999e-05
2026-04-25 22:07:00,DOT,-2.1e-05
2026-04-25 22:07:00,GRASS,1.1999999999999999e-05
2026-04-25 22:07:00,YZY,-0.0006950000000000001
2026-04-25 22:07:00,XPL,-5.999999999999999e-06
2026-04-25 22:07:00,TIA,-4.3e-05
2026-04-25 22:07:00,FARTCOIN,1.1999999999999999e-05
2026-04-25 22:07:00,STRK,-4.4999999999999996e-05
2026-04-25 22:07:00,XRP,-1.3e-05
2026-04-25 22:07:00,MORPHO,-8.2e-05
2026-04-25 22:07:00,ADA,-2e-06
2026-04-25 22:07:00,GMX,1.1000000000000001e-05
2026-04-25 22:07:00,WIF,1.1999999999999999e-05
2026-04-25 22:07:00,BERA,-0.000117
2026-04-25 22:07:00,JUP,-1e-05
2026-04-25 22:07:00,ZEC,-9e-06
2026-04-25 22:07:00,ETHFI,1.1999999999999999e-05
2026-04-25 22:07:00,ZRO,1.1999999999999999e-05
2026-04-25 22:07:00,AVNT,1.1999999999999999e-05
2026-04-25 22:07:00,AAVE,1.1999999999999999e-05
2026-04-25 22:07:00,MET,-4.9e-05
2026-04-25 22:07:00,PAXG,1.1999999999999999e-05
2026-04-25 22:07:00,BTC,-9e-06
2026-04-25 22:07:00,TON,1.1999999999999999e-05
2026-04-25 22:07:00,CHIP,1.1999999999999999e-05
2026-04-25 22:07:00,2Z,-0.00012200000000000001
2026-04-25 22:07:00,DYDX,1.1999999999999999e-05
2026-04-25 22:07:00,PYTH,1.1999999999999999e-05
2026-04-25 22:07:00,PUMP,1.1999999999999999e-05
2026-04-25 22:07:00,MON,-1.4e-05
2026-04-25 22:07:00,AVAX,1.1999999999999999e-05
2026-04-25 22:07:00,ENA,4e-06
2026-04-25 22:07:00,LDO,9e-06
2026-04-25 22:07:00,OP,1.1999999999999999e-05
2026-04-25 22:07:00,APEX,1.1999999999999999e-05
2026-04-25 23:07:00,AAVE,1.1999999999999999e-05
2026-04-25 23:07:00,SUI,1e-05
2026-04-25 23:07:00,BCH,1.1999999999999999e-05
2026-04-25 23:07:00,OP,2e-06
2026-04-25 23:07:00,EIGEN,-6e-05
2026-04-25 23:07:00,AVAX,1.1999999999999999e-05
2026-04-25 23:07:00,UNI,1.1999999999999999e-05
2026-04-25 23:07:00,ADA,2.9999999999999997e-06
2026-04-25 23:07:00,SKR,-2.8999999999999997e-05
2026-04-25 23:07:00,MET,-1.1999999999999999e-05
2026-04-25 23:07:00,DOGE,1.1999999999999999e-05
2026-04-25 23:07:00,ETHFI,1.1999999999999999e-05
2026-04-25 23:07:00,STABLE,-0.00011599999999999999
2026-04-25 23:07:00,CRV,-1.1999999999999999e-05
2026-04-25 23:07:00,PENGU,1.1999999999999999e-05
2026-04-25 23:07:00,PYTH,1.1999999999999999e-05
2026-04-25 23:07:00,FOGO,-3.3e-05
2026-04-25 23:07:00,S,-2.1e-05
2026-04-25 23:07:00,ICP,-9e-06
2026-04-25 23:07:00,TRUMP,-0.000525
2026-04-25 23:07:00,VIRTUAL,-5e-06
2026-04-25 23:07:00,2Z,-0.000113
2026-04-25 23:07:00,XRP,-7e-06
2026-04-25 23:07:00,LTC,-5e-06
2026-04-25 23:07:00,BNB,-4e-06
2026-04-25 23:07:00,AERO,1.1999999999999999e-05
2026-04-25 23:07:00,LIT,1.1999999999999999e-05
2026-04-25 23:07:00,IP,1.1000000000000001e-05
2026-04-25 23:07:00,TAO,-6e-05
2026-04-25 23:07:00,LINEA,5e-06
2026-04-25 23:07:00,HBAR,0.0
2026-04-25 23:07:00,TIA,-5e-05
2026-04-25 23:07:00,BTC,-9e-06
2026-04-25 23:07:00,XLM,1.1999999999999999e-05
2026-04-25 23:07:00,MON,-1.7e-05
2026-04-25 23:07:00,VVV,2.5e-05
2026-04-25 23:07:00,HYPE,5e-06
2026-04-25 23:07:00,MNT,1.1999999999999999e-05
2026-04-25 23:07:00,ZEC,5.999999999999999e-06
2026-04-25 23:07:00,STRK,-1e-06
2026-04-25 23:07:00,STBL,1.1999999999999999e-05
2026-04-25 23:07:00,SYRUP,1.1999999999999999e-05
2026-04-25 23:07:00,POL,9e-06
2026-04-25 23:07:00,ENA,-1e-06
2026-04-25 23:07:00,SKY,1.1999999999999999e-05
2026-04-25 23:07:00,TRX,-2.1e-05
2026-04-25 23:07:00,BERA,-8.7e-05
2026-04-25 23:07:00,WLFI,1.1999999999999999e-05
2026-04-25 23:07:00,DYDX,0.0
2026-04-25 23:07:00,AZTEC,-0.000112
2026-04-25 23:07:00,ARB,1.1999999999999999e-05
2026-04-25 23:07:00,DOT,-1.6e-05
2026-04-25 23:07:00,AXS,-0.000588
2026-04-25 23:07:00,AVNT,1.1999999999999999e-05
2026-04-25 23:07:00,FIL,-9e-06
2026-04-25 23:07:00,GRASS,1.1999999999999999e-05
2026-04-25 23:07:00,PENDLE,1.1999999999999999e-05
2026-04-25 23:07:00,CC,-1.5e-05
2026-04-25 23:07:00,LINK,1.1999999999999999e-05
2026-04-25 23:07:00,SOL,-7e-06
2026-04-25 23:07:00,MORPHO,-0.00010999999999999999
2026-04-25 23:07:00,PAXG,1.1999999999999999e-05
2026-04-25 23:07:00,XPL,1e-06
2026-04-25 23:07:00,ONDO,7e-06
2026-04-25 23:07:00,CHIP,1.1999999999999999e-05
2026-04-25 23:07:00,JUP,-3.6e-05
2026-04-25 23:07:00,WIF,-3.8e-05
2026-04-25 23:07:00,ETH,9e-06
2026-04-25 23:07:00,LDO,-3.8e-05
2026-04-25 23:07:00,SPX,1.1999999999999999e-05
2026-04-25 23:07:00,RESOLV,1.1999999999999999e-05
2026-04-25 23:07:00,GMX,1.1999999999999999e-05
2026-04-25 23:07:00,FARTCOIN,1.1999999999999999e-05
2026-04-25 23:07:00,WLD,-5.3e-05
2026-04-25 23:07:00,APT,1.1000000000000001e-05
2026-04-25 23:07:00,MEGA,1.1999999999999999e-05
2026-04-25 23:07:00,KAITO,-7.7e-05
2026-04-25 23:07:00,PUMP,1.1999999999999999e-05
2026-04-25 23:07:00,NEAR,1.1999999999999999e-05
2026-04-25 23:07:00,ASTER,5e-06
2026-04-25 23:07:00,ZRO,1.1999999999999999e-05
2026-04-25 23:07:00,ZORA,1.1999999999999999e-05
2026-04-25 23:07:00,APEX,1.1999999999999999e-05
2026-04-25 23:07:00,ZK,-3.3e-05
2026-04-25 23:07:00,0G,2.9999999999999997e-06
2026-04-25 23:07:00,TON,1.1999999999999999e-05
2026-04-25 23:07:00,YZY,-0.000149
2026-04-25 23:07:00,PROVE,-0.000234
2026-04-25 23:07:00,XMR,1.1999999999999999e-05
2026-04-25 23:07:00,JTO,1.1999999999999999e-05
2026-04-25 23:07:00,POPCAT,1.1999999999999999e-05
2026-04-25 23:07:00,DASH,1.1999999999999999e-05
2026-04-25 23:07:00,SEI,-2e-06
2026-04-26 00:07:00,LTC,2e-06
2026-04-26 00:07:00,0G,-5.7e-05
2026-04-26 00:07:00,ICP,-9e-06
2026-04-26 00:07:00,MON,-4.4999999999999996e-05
2026-04-26 00:07:00,TRX,-3.7000000000000005e-05
2026-04-26 00:07:00,SKY,1.1999999999999999e-05
2026-04-26 00:07:00,2Z,-2.5e-05
2026-04-26 00:07:00,PAXG,1.1999999999999999e-05
2026-04-26 00:07:00,CHIP,1.1999999999999999e-05
2026-04-26 00:07:00,ONDO,5.999999999999999e-06
2026-04-26 00:07:00,STBL,1.1999999999999999e-05
2026-04-26 00:07:00,TON,1.1999999999999999e-05
2026-04-26 00:07:00,FARTCOIN,1.1999999999999999e-05
2026-04-26 00:07:00,ASTER,-6.1000000000000005e-05
2026-04-26 00:07:00,OP,-2.8e-05
2026-04-26 00:07:00,BCH,1.1999999999999999e-05
2026-04-26 00:07:00,ZORA,1.1000000000000001e-05
2026-04-26 00:07:00,STABLE,-7.000000000000001e-05
2026-04-26 00:07:00,TIA,-3.2e-05
2026-04-26 00:07:00,ETHFI,1.1999999999999999e-05
2026-04-26 00:07:00,SOL,8e-06
2026-04-26 00:07:00,ZEC,9e-06
2026-04-26 00:07:00,GRASS,1.1999999999999999e-05
2026-04-26 00:07:00,BERA,-8.2e-05
2026-04-26 00:07:00,UNI,1.1999999999999999e-05
2026-04-26 00:07:00,PUMP,1.1999999999999999e-05
2026-04-26 00:07:00,SUI,1e-05
2026-04-26 00:07:00,XLM,1.1999999999999999e-05
2026-04-26 00:07:00,LIT,1.1999999999999999e-05
2026-04-26 00:07:00,DOT,-1.1000000000000001e-05
2026-04-26 00:07:00,HYPE,1.1000000000000001e-05
2026-04-26 00:07:00,LINK,1.1999999999999999e-05
2026-04-26 00:07:00,AXS,-0.000378
2026-04-26 00:07:00,XMR,1.1999999999999999e-05
2026-04-26 00:07:00,XRP,-1e-06
2026-04-26 00:07:00,AAVE,1.1999999999999999e-05
2026-04-26 00:07:00,GMX,1.1999999999999999e-05
2026-04-26 00:07:00,JTO,1.1999999999999999e-05
2026-04-26 00:07:00,BTC,-4e-06
2026-04-26 00:07:00,LDO,-1.3e-05
2026-04-26 00:07:00,IP,-5.6e-05
2026-04-26 00:07:00,MORPHO,-8.2e-05
2026-04-26 00:07:00,XPL,1.1999999999999999e-05
2026-04-26 00:07:00,ADA,-4e-06
2026-04-26 00:07:00,YZY,0.00016199999999999998
2026-04-26 00:07:00,VVV,8.2e-05
2026-04-26 00:07:00,LINEA,-3.2e-05
2026-04-26 00:07:00,MEGA,1.1999999999999999e-05
2026-04-26 00:07:00,DOGE,1.1999999999999999e-05
2026-04-26 00:07:00,KAITO,-6.5e-05
2026-04-26 00:07:00,WIF,-3.9e-05
2026-04-26 00:07:00,CC,1.1999999999999999e-05
2026-04-26 00:07:00,ZRO,1.1999999999999999e-05
2026-04-26 00:07:00,WLFI,1.1999999999999999e-05
2026-04-26 00:07:00,JUP,-4.7000000000000004e-05
2026-04-26 00:07:00,APEX,1.1999999999999999e-05
2026-04-26 00:07:00,AVAX,1.1999999999999999e-05
2026-04-26 00:07:00,SYRUP,1.1999999999999999e-05
2026-04-26 00:07:00,PROVE,-0.000168
2026-04-26 00:07:00,PENGU,1.1999999999999999e-05
2026-04-26 00:07:00,ARB,1.1999999999999999e-05
2026-04-26 00:07:00,VIRTUAL,1e-06
2026-04-26 00:07:00,AZTEC,4e-06
2026-04-26 00:07:00,MNT,1.1999999999999999e-05
2026-04-26 00:07:00,TRUMP,-0.00040899999999999997
2026-04-26 00:07:00,DASH,1.1999999999999999e-05
2026-04-26 00:07:00,FOGO,-0.000114
2026-04-26 00:07:00,NEAR,1.1999999999999999e-05
2026-04-26 00:07:00,MET,-4.1e-05
2026-04-26 00:07:00,FIL,-4e-06
2026-04-26 00:07:00,BNB,0.0
2026-04-26 00:07:00,RESOLV,1.1999999999999999e-05
2026-04-26 00:07:00,STRK,-1.3e-05
2026-04-26 00:07:00,ETH,1e-05
2026-04-26 00:07:00,ENA,-2.9999999999999997e-06
2026-04-26 00:07:00,PYTH,1.1999999999999999e-05
2026-04-26 00:07:00,AERO,1.1999999999999999e-05
2026-04-26 00:07:00,SEI,5.999999999999999e-06
2026-04-26 00:07:00,CRV,-1.8e-05
2026-04-26 00:07:00,DYDX,1.1000000000000001e-05
2026-04-26 00:07:00,SPX,1.1999999999999999e-05
2026-04-26 00:07:00,POPCAT,1.1999999999999999e-05
2026-04-26 00:07:00,ZK,-4e-05
2026-04-26 00:07:00,S,-5.4999999999999995e-05
2026-04-26 00:07:00,SKR,-0.000155
2026-04-26 00:07:00,WLD,-6.8e-05
2026-04-26 00:07:00,EIGEN,-4.7000000000000004e-05
2026-04-26 00:07:00,PENDLE,1.1999999999999999e-05
2026-04-26 00:07:00,APT,1.1999999999999999e-05
2026-04-26 00:07:00,TAO,-5.7e-05
2026-04-26 00:07:00,POL,1.1000000000000001e-05
2026-04-26 00:07:00,HBAR,1.1000000000000001e-05
2026-04-26 00:07:00,AVNT,-2.7000000000000002e-05
2026-04-26 01:07:01,KAITO,-8.5e-05
2026-04-26 01:07:01,ASTER,-6.4e-05
2026-04-26 01:07:01,ONDO,8e-06
2026-04-26 01:07:01,BTC,-1e-05
2026-04-26 01:07:01,VIRTUAL,7e-06
2026-04-26 01:07:01,YZY,1.1999999999999999e-05
2026-04-26 01:07:01,PUMP,1.1999999999999999e-05
2026-04-26 01:07:01,LINEA,-5e-06
2026-04-26 01:07:01,XPL,1.1999999999999999e-05
2026-04-26 01:07:01,GRASS,1.1999999999999999e-05
2026-04-26 01:07:01,HBAR,-2.6e-05
2026-04-26 01:07:01,POPCAT,1.1999999999999999e-05
2026-04-26 01:07:01,TON,-1.1000000000000001e-05
2026-04-26 01:07:01,SKR,3.7000000000000005e-05
2026-04-26 01:07:01,TRUMP,-0.00028199999999999997
2026-04-26 01:07:01,CRV,-5.1000000000000006e-05
2026-04-26 01:07:01,FIL,0.0
2026-04-26 01:07:01,ZORA,-2.3999999999999997e-05
2026-04-26 01:07:01,CHIP,1.1999999999999999e-05
2026-04-26 01:07:01,AZTEC,-1.6e-05
2026-04-26 01:07:01,WIF,9e-06
2026-04-26 01:07:01,EIGEN,4e-06
2026-04-26 01:07:01,POL,1.1999999999999999e-05
2026-04-26 01:07:01,VVV,1.1999999999999999e-05
2026-04-26 01:07:01,ENA,4e-06
2026-04-26 01:07:01,DOGE,1.1999999999999999e-05
2026-04-26 01:07:01,ZK,-7.2e-05
2026-04-26 01:07:01,XRP,7e-06
2026-04-26 01:07:01,LTC,2e-06
2026-04-26 01:07:01,ZEC,1.1000000000000001e-05
2026-04-26 01:07:01,MORPHO,-0.000104
2026-04-26 01:07:01,BNB,5.999999999999999e-06
2026-04-26 01:07:01,AVNT,2.9999999999999997e-06
2026-04-26 01:07:01,IP,0.0
2026-04-26 01:07:01,ICP,1.1999999999999999e-05
2026-04-26 01:07:01,PROVE,-4.7999999999999994e-05
2026-04-26 01:07:01,UNI,1.1999999999999999e-05
2026-04-26 01:07:01,MNT,1.1999999999999999e-05
2026-04-26 01:07:01,SYRUP,1.1999999999999999e-05
2026-04-26 01:07:01,AERO,1.1999999999999999e-05
2026-04-26 01:07:01,WLFI,-3.4e-05
2026-04-26 01:07:01,LDO,9e-06
2026-04-26 01:07:01,MON,-7.7e-05
2026-04-26 01:07:01,STRK,-1.9e-05
2026-04-26 01:07:01,ETH,0.0
2026-04-26 01:07:01,BERA,-8.7e-05
2026-04-26 01:07:01,PAXG,1.1999999999999999e-05
2026-04-26 01:07:01,ADA,5.999999999999999e-06
2026-04-26 01:07:01,FARTCOIN,1.1999999999999999e-05
2026-04-26 01:07:01,LIT,1.1999999999999999e-05
2026-04-26 01:07:01,FOGO,-5.3e-05
2026-04-26 01:07:01,AXS,-1.9e-05
2026-04-26 01:07:01,XLM,-3.7000000000000005e-05
2026-04-26 01:07:01,TRX,-3.5000000000000004e-05
2026-04-26 01:07:01,SOL,9e-06
2026-04-26 01:07:01,STABLE,-0.00013
2026-04-26 01:07:01,DOT,-2.2000000000000003e-05
2026-04-26 01:07:01,HYPE,-2.9999999999999997e-06
2026-04-26 01:07:01,ETHFI,1.1999999999999999e-05
2026-04-26 01:07:01,JUP,-4.9e-05
2026-04-26 01:07:01,DYDX,1.1999999999999999e-05
2026-04-26 01:07:01,0G,0.0
2026-04-26 01:07:01,ZRO,1.1999999999999999e-05
2026-04-26 01:07:01,LINK,1.1999999999999999e-05
2026-04-26 01:07:01,AAVE,1.1999999999999999e-05
2026-04-26 01:07:01,MET,7e-06
2026-04-26 01:07:01,S,-1e-05
2026-04-26 01:07:01,STBL,1.1999999999999999e-05
2026-04-26 01:07:01,XMR,1.1999999999999999e-05
2026-04-26 01:07:01,SPX,5e-06
2026-04-26 01:07:01,AVAX,1.1999999999999999e-05
2026-04-26 01:07:01,GMX,1.1999999999999999e-05
2026-04-26 01:07:01,RESOLV,1.1999999999999999e-05
2026-04-26 01:07:01,OP,-1.1999999999999999e-05
2026-04-26 01:07:01,CC,0.0
2026-04-26 01:07:01,SUI,-1.1000000000000001e-05
2026-04-26 01:07:01,PENGU,-1.8e-05
2026-04-26 01:07:01,ARB,1.1999999999999999e-05
2026-04-26 01:07:01,PYTH,1.1999999999999999e-05
2026-04-26 01:07:01,MEGA,1.1999999999999999e-05
2026-04-26 01:07:01,TIA,-5e-05
2026-04-26 01:07:01,2Z,-0.000104
2026-04-26 01:07:01,TAO,-5.4999999999999995e-05
2026-04-26 01:07:01,SEI,-1e-05
2026-04-26 01:07:01,APT,1.1000000000000001e-05
2026-04-26 01:07:01,WLD,-5.9e-05
2026-04-26 01:07:01,SKY,1.1999999999999999e-05
2026-04-26 01:07:01,NEAR,1.1999999999999999e-05
2026-04-26 01:07:01,APEX,1.1999999999999999e-05
2026-04-26 01:07:01,PENDLE,1.1999999999999999e-05
2026-04-26 01:07:01,DASH,1.1999999999999999e-05
2026-04-26 01:07:01,JTO,7e-06
2026-04-26 01:07:01,BCH,1.1999999999999999e-05
2026-04-26 02:07:00,HBAR,-1e-05
2026-04-26 02:07:00,MNT,1.1999999999999999e-05
2026-04-26 02:07:00,MEGA,1.1999999999999999e-05
2026-04-26 02:07:00,BTC,-1e-06
2026-04-26 02:07:00,APT,1.1999999999999999e-05
2026-04-26 02:07:00,SYRUP,1.1999999999999999e-05
2026-04-26 02:07:00,ARB,1.1000000000000001e-05
2026-04-26 02:07:00,ZK,-9.400000000000001e-05
2026-04-26 02:07:00,ETHFI,1.1999999999999999e-05
2026-04-26 02:07:00,SPX,1.1999999999999999e-05
2026-04-26 02:07:00,JUP,7e-06
2026-04-26 02:07:00,CRV,-3.4e-05
2026-04-26 02:07:00,DOT,-4e-05
2026-04-26 02:07:00,STBL,1.1999999999999999e-05
2026-04-26 02:07:00,CHIP,1.1999999999999999e-05
2026-04-26 02:07:00,XLM,-7e-06
2026-04-26 02:07:00,SUI,-1.5e-05
2026-04-26 02:07:00,RESOLV,1.1999999999999999e-05
2026-04-26 02:07:00,HYPE,1.1000000000000001e-05
2026-04-26 02:07:00,BNB,1.1999999999999999e-05
2026-04-26 02:07:00,ETH,2.9999999999999997e-06
2026-04-26 02:07:00,0G,1.1999999999999999e-05
2026-04-26 02:07:00,GMX,1.1999999999999999e-05
2026-04-26 02:07:00,S,-1.3e-05
2026-04-26 02:07:00,FARTCOIN,1.1999999999999999e-05
2026-04-26 02:07:00,VVV,1.1999999999999999e-05
2026-04-26 02:07:00,WIF,1.1999999999999999e-05
2026-04-26 02:07:00,CC,1.1999999999999999e-05
2026-04-26 02:07:00,POPCAT,1.1999999999999999e-05
2026-04-26 02:07:00,POL,1.1999999999999999e-05
2026-04-26 02:07:00,XPL,1.1999999999999999e-05
2026-04-26 02:07:00,FIL,-7e-06
2026-04-26 02:07:00,AVNT,-3.2e-05
2026-04-26 02:07:00,YZY,-0.000259
2026-04-26 02:07:00,ONDO,1.1999999999999999e-05
2026-04-26 02:07:00,MON,-2.1e-05
2026-04-26 02:07:00,GRASS,1.1999999999999999e-05
2026-04-26 02:07:00,AXS,9e-06
2026-04-26 02:07:00,SEI,1.1999999999999999e-05
2026-04-26 02:07:00,PAXG,1.1999999999999999e-05
2026-04-26 02:07:00,XMR,1.1999999999999999e-05
2026-04-26 02:07:00,AERO,1.1999999999999999e-05
2026-04-26 02:07:00,ASTER,-8.9e-05
2026-04-26 02:07:00,LINK,1.1999999999999999e-05
2026-04-26 02:07:00,WLD,-3.3e-05
2026-04-26 02:07:00,AAVE,1.1999999999999999e-05
2026-04-26 02:07:00,APEX,1.1999999999999999e-05
2026-04-26 02:07:00,VIRTUAL,1.1999999999999999e-05
2026-04-26 02:07:00,DYDX,1.1999999999999999e-05
2026-04-26 02:07:00,ENA,1e-05
2026-04-26 02:07:00,EIGEN,1.1999999999999999e-05
2026-04-26 02:07:00,PROVE,-3.9e-05
2026-04-26 02:07:00,TIA,-2e-05
2026-04-26 02:07:00,LIT,1.1999999999999999e-05
2026-04-26 02:07:00,AVAX,1.1999999999999999e-05
2026-04-26 02:07:00,MORPHO,-0.000126
2026-04-26 02:07:00,ZORA,1.1000000000000001e-05
2026-04-26 02:07:00,ZEC,5.999999999999999e-06
2026-04-26 02:07:00,PYTH,1.1999999999999999e-05
2026-04-26 02:07:00,BERA,-4.7999999999999994e-05
2026-04-26 02:07:00,BCH,1.1999999999999999e-05
2026-04-26 02:07:00,XRP,2e-06
2026-04-26 02:07:00,LTC,-1.5e-05
2026-04-26 02:07:00,SKR,-0.00010999999999999999
2026-04-26 02:07:00,IP,-0.000105
2026-04-26 02:07:00,STABLE,-0.000103
2026-04-26 02:07:00,KAITO,-0.0001
2026-04-26 02:07:00,DASH,1.1999999999999999e-05
2026-04-26 02:07:00,LINEA,1e-06
2026-04-26 02:07:00,MET,1.1999999999999999e-05
2026-04-26 02:07:00,UNI,1.1999999999999999e-05
2026-04-26 02:07:00,ZRO,1.1999999999999999e-05
2026-04-26 02:07:00,DOGE,1.1999999999999999e-05
2026-04-26 02:07:00,TAO,-3.6e-05
2026-04-26 02:07:00,FOGO,-0.000147
2026-04-26 02:07:00,PUMP,1.1999999999999999e-05
2026-04-26 02:07:00,PENDLE,1.1999999999999999e-05
2026-04-26 02:07:00,2Z,-8e-05
2026-04-26 02:07:00,SOL,1.1999999999999999e-05
2026-04-26 02:07:00,ADA,-1.5e-05
2026-04-26 02:07:00,LDO,1.1999999999999999e-05
2026-04-26 02:07:00,TRX,-1.9e-05
2026-04-26 02:07:00,STRK,7e-06
2026-04-26 02:07:00,SKY,1.1999999999999999e-05
2026-04-26 02:07:00,NEAR,1.1999999999999999e-05
2026-04-26 02:07:00,PENGU,-1.3e-05
2026-04-26 02:07:00,TRUMP,-0.000211
2026-04-26 02:07:00,ICP,1.1999999999999999e-05
2026-04-26 02:07:00,AZTEC,-7.3e-05
2026-04-26 02:07:00,JTO,-2.1e-05
2026-04-26 02:07:00,OP,-1.1000000000000001e-05
2026-04-26 02:07:00,WLFI,1.1999999999999999e-05
2026-04-26 02:07:00,TON,-9e-06
2026-04-26 03:07:00,DOGE,1.1999999999999999e-05
2026-04-26 03:07:00,WLD,-3.6e-05
2026-04-26 03:07:00,GMX,2.9999999999999997e-06
2026-04-26 03:07:00,BCH,1.1999999999999999e-05
2026-04-26 03:07:00,SUI,-1.1999999999999999e-05
2026-04-26 03:07:00,SEI,-1.6e-05
2026-04-26 03:07:00,AERO,1.1999999999999999e-05
2026-04-26 03:07:00,PUMP,1.1999999999999999e-05
2026-04-26 03:07:00,LDO,1.1999999999999999e-05
2026-04-26 03:07:00,LIT,1.1999999999999999e-05
2026-04-26 03:07:00,DYDX,9e-06
2026-04-26 03:07:00,LINK,1.1999999999999999e-05
2026-04-26 03:07:00,BERA,-6.2e-05
2026-04-26 03:07:00,MNT,1.1999999999999999e-05
2026-04-26 03:07:00,FIL,-1.9e-05
2026-04-26 03:07:00,PENDLE,1.1999999999999999e-05
2026-04-26 03:07:00,CRV,-7e-06
2026-04-26 03:07:00,ZRO,1.1999999999999999e-05
2026-04-26 03:07:00,PAXG,1.1999999999999999e-05
2026-04-26 03:07:00,STABLE,-9.7e-05
2026-04-26 03:07:00,STRK,1.1999999999999999e-05
2026-04-26 03:07:00,MEGA,1.1999999999999999e-05
2026-04-26 03:07:00,FARTCOIN,1.1999999999999999e-05
2026-04-26 03:07:00,IP,-2.3e-05
2026-04-26 03:07:00,PENGU,8e-06
2026-04-26 03:07:00,ZK,-0.000103
2026-04-26 03:07:00,TRX,-4.2e-05
2026-04-26 03:07:00,S,-1.6e-05
2026-04-26 03:07:00,WIF,-2e-06
2026-04-26 03:07:00,AVAX,1.1999999999999999e-05
2026-04-26 03:07:00,POPCAT,1.1999999999999999e-05
2026-04-26 03:07:00,POL,1.1999999999999999e-05
2026-04-26 03:07:00,AVNT,-2.9999999999999997e-06
2026-04-26 03:07:00,XRP,4e-06
2026-04-26 03:07:00,LINEA,1.1999999999999999e-05
2026-04-26 03:07:00,AZTEC,4e-06
2026-04-26 03:07:00,VVV,1.1999999999999999e-05
2026-04-26 03:07:00,EIGEN,5e-06
2026-04-26 03:07:00,LTC,-7e-06
2026-04-26 03:07:00,2Z,-0.000123
2026-04-26 03:07:00,MET,1.1000000000000001e-05
2026-04-26 03:07:00,NEAR,1.1999999999999999e-05
2026-04-26 03:07:00,CC,1.1999999999999999e-05
2026-04-26 03:07:00,SKR,-0.000193
2026-04-26 03:07:00,DASH,1.1999999999999999e-05
2026-04-26 03:07:00,PYTH,1.1999999999999999e-05
2026-04-26 03:07:00,WLFI,5.999999999999999e-06
2026-04-26 03:07:00,UNI,1.1999999999999999e-05
2026-04-26 03:07:00,XMR,1.1999999999999999e-05
2026-04-26 03:07:00,MON,-1e-05
2026-04-26 03:07:00,KAITO,-8.6e-05
2026-04-26 03:07:00,SKY,1.1999999999999999e-05
2026-04-26 03:07:00,APEX,1.1999999999999999e-05
2026-04-26 03:07:00,AXS,1.1999999999999999e-05
2026-04-26 03:07:00,HBAR,-1.4e-05
2026-04-26 03:07:00,VIRTUAL,-7e-06
2026-04-26 03:07:00,STBL,1.1999999999999999e-05
2026-04-26 03:07:00,XLM,2.9999999999999997e-06
2026-04-26 03:07:00,AAVE,1.1999999999999999e-05
2026-04-26 03:07:00,PROVE,-8.4e-05
2026-04-26 03:07:00,ZORA,1.1999999999999999e-05
2026-04-26 03:07:00,TRUMP,-0.000313
2026-04-26 03:07:00,ADA,-9e-06
2026-04-26 03:07:00,YZY,-3.3e-05
2026-04-26 03:07:00,OP,-2e-05
2026-04-26 03:07:00,TIA,-3.4e-05
2026-04-26 03:07:00,APT,-2.9999999999999997e-06
2026-04-26 03:07:00,GRASS,1.1999999999999999e-05
2026-04-26 03:07:00,SPX,7e-06
2026-04-26 03:07:00,BTC,-1e-05
2026-04-26 03:07:00,BNB,1.1999999999999999e-05
2026-04-26 03:07:00,SOL,1.1000000000000001e-05
2026-04-26 03:07:00,ARB,1.1999999999999999e-05
2026-04-26 03:07:00,ZEC,1.1999999999999999e-05
2026-04-26 03:07:00,SYRUP,1.1999999999999999e-05
2026-04-26 03:07:00,ICP,-4e-06
2026-04-26 03:07:00,ETHFI,1.1999999999999999e-05
2026-04-26 03:07:00,ETH,4e-06
2026-04-26 03:07:00,TON,-2.3999999999999997e-05
2026-04-26 03:07:00,ONDO,1.1999999999999999e-05
2026-04-26 03:07:00,FOGO,-9.2e-05
2026-04-26 03:07:00,TAO,-3.5000000000000004e-05
2026-04-26 03:07:00,JUP,-5.999999999999999e-06
2026-04-26 03:07:00,0G,1.1999999999999999e-05
2026-04-26 03:07:00,CHIP,1.1999999999999999e-05
2026-04-26 03:07:00,ENA,4e-06
2026-04-26 03:07:00,MORPHO,-0.000173
2026-04-26 03:07:00,ASTER,-1.7e-05
2026-04-26 03:07:00,JTO,-1.1000000000000001e-05
2026-04-26 03:07:00,DOT,-2.5e-05
2026-04-26 03:07:00,HYPE,-4e-06
2026-04-26 03:07:00,XPL,1.1999999999999999e-05
2026-04-26 03:07:00,RESOLV,1.1999999999999999e-05
2026-04-26 04:07:00,SYRUP,1.1999999999999999e-05
2026-04-26 04:07:00,AZTEC,1.1999999999999999e-05
2026-04-26 04:07:00,STABLE,-3.9e-05
2026-04-26 04:07:00,ADA,0.0
2026-04-26 04:07:00,GRASS,1.1999999999999999e-05
2026-04-26 04:07:00,EIGEN,1e-05
2026-04-26 04:07:00,LIT,1.1999999999999999e-05
2026-04-26 04:07:00,WLD,-5.4000000000000005e-05
2026-04-26 04:07:00,CRV,5e-06
2026-04-26 04:07:00,XMR,1.1999999999999999e-05
2026-04-26 04:07:00,ETH,4e-06
2026-04-26 04:07:00,XLM,1.1999999999999999e-05
2026-04-26 04:07:00,MORPHO,-9.1e-05
2026-04-26 04:07:00,VVV,3.7000000000000005e-05
2026-04-26 04:07:00,BNB,1.1999999999999999e-05
2026-04-26 04:07:00,POPCAT,1.1999999999999999e-05
2026-04-26 04:07:00,MET,1.1999999999999999e-05
2026-04-26 04:07:00,HBAR,5e-06
2026-04-26 04:07:00,SKR,2.9999999999999997e-06
2026-04-26 04:07:00,BCH,1.1999999999999999e-05
2026-04-26 04:07:00,ZRO,1.1999999999999999e-05
2026-04-26 04:07:00,PUMP,1.1999999999999999e-05
2026-04-26 04:07:00,OP,-4e-06
2026-04-26 04:07:00,AAVE,1.1999999999999999e-05
2026-04-26 04:07:00,VIRTUAL,1e-05
2026-04-26 04:07:00,APT,1e-06
2026-04-26 04:07:00,S,5e-06
2026-04-26 04:07:00,RESOLV,1.1999999999999999e-05
2026-04-26 04:07:00,NEAR,1.1999999999999999e-05
2026-04-26 04:07:00,IP,9e-06
2026-04-26 04:07:00,LDO,1e-05
2026-04-26 04:07:00,PAXG,1.1999999999999999e-05
2026-04-26 04:07:00,XPL,1.1999999999999999e-05
2026-04-26 04:07:00,SUI,0.0
2026-04-26 04:07:00,FIL,-1.3e-05
2026-04-26 04:07:00,DOGE,1.1999999999999999e-05
2026-04-26 04:07:00,LINK,1.1999999999999999e-05
2026-04-26 04:07:00,BERA,-1e-06
2026-04-26 04:07:00,SEI,4e-06
2026-04-26 04:07:00,FARTCOIN,1.1999999999999999e-05
2026-04-26 04:07:00,DASH,1.1999999999999999e-05
2026-04-26 04:07:00,DYDX,1.1999999999999999e-05
2026-04-26 04:07:00,CHIP,1.1999999999999999e-05
2026-04-26 04:07:00,APEX,1.1999999999999999e-05
2026-04-26 04:07:00,2Z,-5.9e-05
2026-04-26 04:07:00,TON,-1.9e-05
2026-04-26 04:07:00,ONDO,1.1999999999999999e-05
2026-04-26 04:07:00,DOT,-2e-06
2026-04-26 04:07:00,PENDLE,1.1999999999999999e-05
2026-04-26 04:07:00,YZY,-0.000356
2026-04-26 04:07:00,ICP,1.1000000000000001e-05
2026-04-26 04:07:00,WIF,1.1000000000000001e-05
2026-04-26 04:07:00,AERO,1.1999999999999999e-05
2026-04-26 04:07:00,AVNT,7e-06
2026-04-26 04:07:00,CC,1.1999999999999999e-05
2026-04-26 04:07:00,POL,1.1999999999999999e-05
2026-04-26 04:07:00,AXS,-1.3e-05
2026-04-26 04:07:00,STBL,1.1999999999999999e-05
2026-04-26 04:07:00,ETHFI,1.1999999999999999e-05
2026-04-26 04:07:00,BTC,-1e-06
2026-04-26 04:07:00,TIA,-1.6e-05
2026-04-26 04:07:00,GMX,1.1999999999999999e-05
2026-04-26 04:07:00,LTC,-9e-06
2026-04-26 04:07:00,ZEC,1.1999999999999999e-05
2026-04-26 04:07:00,WLFI,-1e-06
2026-04-26 04:07:00,TRUMP,-0.000228
2026-04-26 04:07:00,HYPE,-2.9999999999999997e-06
2026-04-26 04:07:00,ZK,-1.8e-05
2026-04-26 04:07:00,SPX,1.1999999999999999e-05
2026-04-26 04:07:00,AVAX,1.1999999999999999e-05
2026-04-26 04:07:00,ZORA,1.1999999999999999e-05
2026-04-26 04:07:00,XRP,9e-06
2026-04-26 04:07:00,FOGO,-7.3e-05
2026-04-26 04:07:00,KAITO,-5.2e-05
2026-04-26 04:07:00,PENGU,1.1999999999999999e-05
2026-04-26 04:07:00,TAO,-4e-05
2026-04-26 04:07:00,MON,1.1000000000000001e-05
2026-04-26 04:07:00,LINEA,1e-05
2026-04-26 04:07:00,MNT,1.1999999999999999e-05
2026-04-26 04:07:00,PROVE,-3.1e-05
2026-04-26 04:07:00,JUP,-2.5e-05
2026-04-26 04:07:00,SKY,1.1999999999999999e-05
2026-04-26 04:07:00,PYTH,1.1999999999999999e-05
2026-04-26 04:07:00,ARB,1.1999999999999999e-05
2026-04-26 04:07:00,ASTER,-4e-05
2026-04-26 04:07:00,MEGA,1.1999999999999999e-05
2026-04-26 04:07:00,JTO,-3.7000000000000005e-05
2026-04-26 04:07:00,STRK,1.1000000000000001e-05
2026-04-26 04:07:00,ENA,1.1999999999999999e-05
2026-04-26 04:07:00,UNI,1.1999999999999999e-05
2026-04-26 04:07:00,SOL,1.1999999999999999e-05
2026-04-26 04:07:00,TRX,-2.6e-05
2026-04-26 04:07:00,0G,1.1999999999999999e-05
2026-04-26 05:07:01,WIF,1e-05
2026-04-26 05:07:01,ARB,1.1999999999999999e-05
2026-04-26 05:07:01,HBAR,7e-06
2026-04-26 05:07:01,PENGU,1.1999999999999999e-05
2026-04-26 05:07:01,SKR,8e-06
2026-04-26 05:07:01,CHIP,1.1999999999999999e-05
2026-04-26 05:07:01,LDO,1.1999999999999999e-05
2026-04-26 05:07:01,IP,1.1999999999999999e-05
2026-04-26 05:07:01,UNI,1.1999999999999999e-05
2026-04-26 05:07:01,XPL,1.1999999999999999e-05
2026-04-26 05:07:01,0G,1.1999999999999999e-05
2026-04-26 05:07:01,CRV,-2e-05
2026-04-26 05:07:01,FIL,-2.5e-05
2026-04-26 05:07:01,STRK,1.1999999999999999e-05
2026-04-26 05:07:01,GRASS,1.1999999999999999e-05
2026-04-26 05:07:01,BERA,-4.7000000000000004e-05
2026-04-26 05:07:01,LINEA,0.0
2026-04-26 05:07:01,ADA,4e-06
2026-04-26 05:07:01,LIT,1.1999999999999999e-05
2026-04-26 05:07:01,SEI,1.1999999999999999e-05
2026-04-26 05:07:01,PUMP,1.1999999999999999e-05
2026-04-26 05:07:01,SKY,2.9999999999999997e-06
2026-04-26 05:07:01,LINK,1.1999999999999999e-05
2026-04-26 05:07:01,KAITO,-4.6e-05
2026-04-26 05:07:01,NEAR,1.1999999999999999e-05
2026-04-26 05:07:01,AAVE,1.1999999999999999e-05
2026-04-26 05:07:01,ZORA,1.1999999999999999e-05
2026-04-26 05:07:01,APEX,1.1999999999999999e-05
2026-04-26 05:07:01,POPCAT,1.1999999999999999e-05
2026-04-26 05:07:01,STBL,1.1999999999999999e-05
2026-04-26 05:07:01,AVNT,-5.999999999999999e-06
2026-04-26 05:07:01,DOGE,1.1999999999999999e-05
2026-04-26 05:07:01,DOT,-2.8e-05
2026-04-26 05:07:01,ZK,-0.00010800000000000001
2026-04-26 05:07:01,TIA,-3.6e-05
2026-04-26 05:07:01,SPX,1.1999999999999999e-05
2026-04-26 05:07:01,LTC,-1e-05
2026-04-26 05:07:01,AVAX,1.1999999999999999e-05
2026-04-26 05:07:01,MON,-1.1999999999999999e-05
2026-04-26 05:07:01,VVV,3e-05
2026-04-26 05:07:01,SOL,1.1999999999999999e-05
2026-04-26 05:07:01,SYRUP,1.1999999999999999e-05
2026-04-26 05:07:01,ZEC,4e-06
2026-04-26 05:07:01,JUP,7e-06
2026-04-26 05:07:01,YZY,-0.000605
2026-04-26 05:07:01,STABLE,-6.3e-05
2026-04-26 05:07:01,CC,1.1999999999999999e-05
2026-04-26 05:07:01,PENDLE,1.1999999999999999e-05
2026-04-26 05:07:01,XMR,1.1999999999999999e-05
2026-04-26 05:07:01,APT,1.1999999999999999e-05
2026-04-26 05:07:01,PAXG,1.1999999999999999e-05
2026-04-26 05:07:01,EIGEN,-1e-06
2026-04-26 05:07:01,FOGO,-6.7e-05
2026-04-26 05:07:01,MET,5.999999999999999e-06
2026-04-26 05:07:01,S,1.1999999999999999e-05
2026-04-26 05:07:01,BCH,1.1999999999999999e-05
2026-04-26 05:07:01,OP,-1e-06
2026-04-26 05:07:01,ETHFI,1.1999999999999999e-05
2026-04-26 05:07:01,SUI,4e-06
2026-04-26 05:07:01,DASH,-4e-06
2026-04-26 05:07:01,HYPE,1.1000000000000001e-05
2026-04-26 05:07:01,TAO,-3.1e-05
2026-04-26 05:07:01,PYTH,1.1999999999999999e-05
2026-04-26 05:07:01,WLFI,1.1999999999999999e-05
2026-04-26 05:07:01,XRP,1.1999999999999999e-05
2026-04-26 05:07:01,ZRO,1.1999999999999999e-05
2026-04-26 05:07:01,ETH,0.0
2026-04-26 05:07:01,VIRTUAL,1.1000000000000001e-05
2026-04-26 05:07:01,2Z,-3.2e-05
2026-04-26 05:07:01,AZTEC,1.1999999999999999e-05
2026-04-26 05:07:01,WLD,-5.7999999999999994e-05
2026-04-26 05:07:01,TRX,-2.6e-05
2026-04-26 05:07:01,POL,1.1999999999999999e-05
2026-04-26 05:07:01,ONDO,1.1999999999999999e-05
2026-04-26 05:07:01,ASTER,-9.400000000000001e-05
2026-04-26 05:07:01,RESOLV,1.1999999999999999e-05
2026-04-26 05:07:01,AERO,1.1999999999999999e-05
2026-04-26 05:07:01,DYDX,1.1999999999999999e-05
2026-04-26 05:07:01,MNT,1.1999999999999999e-05
2026-04-26 05:07:01,TON,-2.9999999999999997e-06
2026-04-26 05:07:01,JTO,-0.00031
2026-04-26 05:07:01,BTC,0.0
2026-04-26 05:07:01,MEGA,1.1999999999999999e-05
2026-04-26 05:07:01,TRUMP,-0.00026
2026-04-26 05:07:01,GMX,1.1999999999999999e-05
2026-04-26 05:07:01,XLM,1.1999999999999999e-05
2026-04-26 05:07:01,BNB,1.1999999999999999e-05
2026-04-26 05:07:01,AXS,5e-06
2026-04-26 05:07:01,PROVE,-3.5000000000000004e-05
2026-04-26 05:07:01,ENA,1.1999999999999999e-05
2026-04-26 05:07:01,MORPHO,-4.7000000000000004e-05
2026-04-26 05:07:01,ICP,1.1000000000000001e-05
2026-04-26 05:07:01,FARTCOIN,1.1999999999999999e-05
2026-04-26 06:07:00,DOT,-9e-06
2026-04-26 06:07:00,OP,-2e-06
2026-04-26 06:07:00,JUP,9e-06
2026-04-26 06:07:00,SYRUP,1.1999999999999999e-05
2026-04-26 06:07:00,EIGEN,-1.6e-05
2026-04-26 06:07:00,WIF,1.1999999999999999e-05
2026-04-26 06:07:00,HYPE,1.1000000000000001e-05
2026-04-26 06:07:00,AVNT,-0.000177
2026-04-26 06:07:00,CC,1.1999999999999999e-05
2026-04-26 06:07:00,PENGU,1.1999999999999999e-05
2026-04-26 06:07:00,MEGA,1.1999999999999999e-05
2026-04-26 06:07:00,VIRTUAL,1.1999999999999999e-05
2026-04-26 06:07:00,SKR,1.1999999999999999e-05
2026-04-26 06:07:00,TAO,-1.4e-05
2026-04-26 06:07:00,XMR,1.1999999999999999e-05
2026-04-26 06:07:00,ETHFI,1.1999999999999999e-05
2026-04-26 06:07:00,DASH,1.1999999999999999e-05
2026-04-26 06:07:00,SKY,1.1999999999999999e-05
2026-04-26 06:07:00,DOGE,1.1999999999999999e-05
2026-04-26 06:07:00,LIT,1.7e-05
2026-04-26 06:07:00,NEAR,1.1999999999999999e-05
2026-04-26 06:07:00,ZORA,1.1999999999999999e-05
2026-04-26 06:07:00,FIL,4e-06
2026-04-26 06:07:00,CHIP,1.1999999999999999e-05
2026-04-26 06:07:00,STBL,1.1999999999999999e-05
2026-04-26 06:07:00,MNT,1.1999999999999999e-05
2026-04-26 06:07:00,ZRO,1.1999999999999999e-05
2026-04-26 06:07:00,ADA,8e-06
2026-04-26 06:07:00,PROVE,-3.8e-05
2026-04-26 06:07:00,ETH,5.999999999999999e-06
2026-04-26 06:07:00,SOL,1.1999999999999999e-05
2026-04-26 06:07:00,0G,1.1999999999999999e-05
2026-04-26 06:07:00,POL,1.1999999999999999e-05
2026-04-26 06:07:00,XRP,1.1999999999999999e-05
2026-04-26 06:07:00,AVAX,1.1999999999999999e-05
2026-04-26 06:07:00,UNI,1.1999999999999999e-05
2026-04-26 06:07:00,LINEA,-1e-05
2026-04-26 06:07:00,S,1.1999999999999999e-05
2026-04-26 06:07:00,GRASS,1.1999999999999999e-05
2026-04-26 06:07:00,ICP,1e-05
2026-04-26 06:07:00,ENA,1.1999999999999999e-05
2026-04-26 06:07:00,SEI,2e-06
2026-04-26 06:07:00,STABLE,-4.4000000000000006e-05
2026-04-26 06:07:00,IP,1.1999999999999999e-05
2026-04-26 06:07:00,PAXG,1.1999999999999999e-05
2026-04-26 06:07:00,WLD,-4e-06
2026-04-26 06:07:00,PUMP,1.1999999999999999e-05
2026-04-26 06:07:00,APEX,1.1999999999999999e-05
2026-04-26 06:07:00,RESOLV,1.1999999999999999e-05
2026-04-26 06:07:00,AERO,1.1999999999999999e-05
2026-04-26 06:07:00,TIA,-2.1e-05
2026-04-26 06:07:00,STRK,1.1999999999999999e-05
2026-04-26 06:07:00,LDO,1.1000000000000001e-05
2026-04-26 06:07:00,GMX,-2.6e-05
2026-04-26 06:07:00,TRX,-5.1000000000000006e-05
2026-04-26 06:07:00,AAVE,1.1999999999999999e-05
2026-04-26 06:07:00,JTO,-0.000113
2026-04-26 06:07:00,WLFI,1.1999999999999999e-05
2026-04-26 06:07:00,BERA,-1.1000000000000001e-05
2026-04-26 06:07:00,TRUMP,-0.000262
2026-04-26 06:07:00,ARB,1.1999999999999999e-05
2026-04-26 06:07:00,CRV,-1.1999999999999999e-05
2026-04-26 06:07:00,KAITO,-7.5e-05
2026-04-26 06:07:00,BCH,1.1999999999999999e-05
2026-04-26 06:07:00,DYDX,1.1999999999999999e-05
2026-04-26 06:07:00,PYTH,1.1999999999999999e-05
2026-04-26 06:07:00,VVV,5.7999999999999994e-05
2026-04-26 06:07:00,ZK,-5.7e-05
2026-04-26 06:07:00,ASTER,7e-06
2026-04-26 06:07:00,ONDO,1.1999999999999999e-05
2026-04-26 06:07:00,SUI,1.1999999999999999e-05
2026-04-26 06:07:00,HBAR,1.1999999999999999e-05
2026-04-26 06:07:00,XPL,1.1999999999999999e-05
2026-04-26 06:07:00,2Z,-0.000135
2026-04-26 06:07:00,FOGO,-5.7999999999999994e-05
2026-04-26 06:07:00,MET,-1.7e-05
2026-04-26 06:07:00,YZY,-0.000334
2026-04-26 06:07:00,APT,1.1999999999999999e-05
2026-04-26 06:07:00,POPCAT,1.1999999999999999e-05
2026-04-26 06:07:00,AXS,-4.3e-05
2026-04-26 06:07:00,PENDLE,1.1999999999999999e-05
2026-04-26 06:07:00,MON,1e-05
2026-04-26 06:07:00,TON,1.1000000000000001e-05
2026-04-26 06:07:00,LINK,1.1999999999999999e-05
2026-04-26 06:07:00,ZEC,0.0
2026-04-26 06:07:00,XLM,1.1999999999999999e-05
2026-04-26 06:07:00,BNB,1.1999999999999999e-05
2026-04-26 06:07:00,MORPHO,-8.099999999999999e-05
2026-04-26 06:07:00,FARTCOIN,1.1999999999999999e-05
2026-04-26 06:07:00,LTC,2e-06
2026-04-26 06:07:00,AZTEC,2.2000000000000003e-05
2026-04-26 06:07:00,BTC,0.0
2026-04-26 06:07:00,SPX,1.1999999999999999e-05
2026-04-26 07:07:00,POL,1.1999999999999999e-05
2026-04-26 07:07:00,BCH,1.1999999999999999e-05
2026-04-26 07:07:00,ICP,1.1999999999999999e-05
2026-04-26 07:07:00,HYPE,1.1999999999999999e-05
2026-04-26 07:07:00,STRK,1.1999999999999999e-05
2026-04-26 07:07:00,PAXG,1.1999999999999999e-05
2026-04-26 07:07:00,PROVE,-0.000105
2026-04-26 07:07:00,ZRO,1.1999999999999999e-05
2026-04-26 07:07:00,BNB,1.1999999999999999e-05
2026-04-26 07:07:00,HBAR,1.1999999999999999e-05
2026-04-26 07:07:00,ZEC,1e-05
2026-04-26 07:07:00,XLM,1.1999999999999999e-05
2026-04-26 07:07:00,S,1e-05
2026-04-26 07:07:00,CC,1.1999999999999999e-05
2026-04-26 07:07:00,FARTCOIN,1.1999999999999999e-05
2026-04-26 07:07:00,LIT,1.1999999999999999e-05
2026-04-26 07:07:00,CHIP,-2.7000000000000002e-05
2026-04-26 07:07:00,TON,-2.1e-05
2026-04-26 07:07:00,ONDO,1.1999999999999999e-05
2026-04-26 07:07:00,2Z,-0.000143
2026-04-26 07:07:00,STBL,1.1999999999999999e-05
2026-04-26 07:07:00,GRASS,1.1999999999999999e-05
2026-04-26 07:07:00,JTO,1e-05
2026-04-26 07:07:00,TRUMP,-0.000101
2026-04-26 07:07:00,MNT,1.1999999999999999e-05
2026-04-26 07:07:00,SPX,1.1999999999999999e-05
2026-04-26 07:07:00,POPCAT,1.1999999999999999e-05
2026-04-26 07:07:00,KAITO,-7.000000000000001e-05
2026-04-26 07:07:00,ENA,9e-06
2026-04-26 07:07:00,UNI,1.1999999999999999e-05
2026-04-26 07:07:00,IP,1.1999999999999999e-05
2026-04-26 07:07:00,SKR,-1.9e-05
2026-04-26 07:07:00,WLD,-1e-06
2026-04-26 07:07:00,ASTER,-3.5000000000000004e-05
2026-04-26 07:07:00,SOL,1.1999999999999999e-05
2026-04-26 07:07:00,SYRUP,1.1999999999999999e-05
2026-04-26 07:07:00,BERA,-3.9e-05
2026-04-26 07:07:00,TAO,-2.7000000000000002e-05
2026-04-26 07:07:00,DASH,1.1000000000000001e-05
2026-04-26 07:07:00,MEGA,1.1999999999999999e-05
2026-04-26 07:07:00,DYDX,1.1999999999999999e-05
2026-04-26 07:07:00,EIGEN,-1.6e-05
2026-04-26 07:07:00,LINK,1.1999999999999999e-05
2026-04-26 07:07:00,PUMP,1.1999999999999999e-05
2026-04-26 07:07:00,AVNT,-0.000107
2026-04-26 07:07:00,OP,5e-06
2026-04-26 07:07:00,WIF,1.1999999999999999e-05
2026-04-26 07:07:00,GMX,-5.4000000000000005e-05
2026-04-26 07:07:00,FIL,2.9999999999999997e-06
2026-04-26 07:07:00,ADA,1.1000000000000001e-05
2026-04-26 07:07:00,LINEA,-2e-05
2026-04-26 07:07:00,XMR,1.1999999999999999e-05
2026-04-26 07:07:00,TRX,-7.7e-05
2026-04-26 07:07:00,ARB,2e-06
2026-04-26 07:07:00,DOGE,1.1999999999999999e-05
2026-04-26 07:07:00,FOGO,-5.7e-05
2026-04-26 07:07:00,ZK,-7.6e-05
2026-04-26 07:07:00,JUP,4e-06
2026-04-26 07:07:00,0G,1.1999999999999999e-05
2026-04-26 07:07:00,YZY,-0.00023199999999999997
2026-04-26 07:07:00,BTC,0.0
2026-04-26 07:07:00,PENDLE,9e-06
2026-04-26 07:07:00,MET,-4.2e-05
2026-04-26 07:07:00,VVV,2.2000000000000003e-05
2026-04-26 07:07:00,RESOLV,1.1999999999999999e-05
2026-04-26 07:07:00,XRP,1e-05
2026-04-26 07:07:00,AXS,-8.7e-05
2026-04-26 07:07:00,APEX,1.1999999999999999e-05
2026-04-26 07:07:00,SEI,8e-06
2026-04-26 07:07:00,TIA,-2.8e-05
2026-04-26 07:07:00,LDO,1.1999999999999999e-05
2026-04-26 07:07:00,LTC,-7e-06
2026-04-26 07:07:00,MORPHO,-0.000137
2026-04-26 07:07:00,ETH,-2e-06
2026-04-26 07:07:00,STABLE,-3.2e-05
2026-04-26 07:07:00,ETHFI,1.1999999999999999e-05
2026-04-26 07:07:00,AERO,1.1999999999999999e-05
2026-04-26 07:07:00,AVAX,1.1999999999999999e-05
2026-04-26 07:07:00,DOT,-1.3e-05
2026-04-26 07:07:00,SKY,1.1999999999999999e-05
2026-04-26 07:07:00,AZTEC,1.1999999999999999e-05
2026-04-26 07:07:00,CRV,-9e-06
2026-04-26 07:07:00,PYTH,1.1999999999999999e-05
2026-04-26 07:07:00,VIRTUAL,1.1999999999999999e-05
2026-04-26 07:07:00,APT,7e-06
2026-04-26 07:07:00,XPL,1.1999999999999999e-05
2026-04-26 07:07:00,AAVE,1.1999999999999999e-05
2026-04-26 07:07:00,NEAR,1.1999999999999999e-05
2026-04-26 07:07:00,SUI,1.1999999999999999e-05
2026-04-26 07:07:00,PENGU,-2.9999999999999997e-06
2026-04-26 07:07:00,ZORA,1.1999999999999999e-05
2026-04-26 07:07:00,MON,1.1999999999999999e-05
2026-04-26 07:07:00,WLFI,-1.3e-05
2026-04-26 08:07:01,ZORA,1.1999999999999999e-05
2026-04-26 08:07:01,DASH,1.1999999999999999e-05
2026-04-26 08:07:01,STABLE,-4e-06
2026-04-26 08:07:01,SOL,1.1999999999999999e-05
2026-04-26 08:07:01,PYTH,1.1999999999999999e-05
2026-04-26 08:07:01,DOGE,1.1999999999999999e-05
2026-04-26 08:07:01,0G,-2.9999999999999997e-06
2026-04-26 08:07:01,MORPHO,-6.1000000000000005e-05
2026-04-26 08:07:01,ZEC,7e-06
2026-04-26 08:07:01,KAITO,-5.3e-05
2026-04-26 08:07:01,AVAX,1.1999999999999999e-05
2026-04-26 08:07:01,LINK,1.1999999999999999e-05
2026-04-26 08:07:01,PUMP,1.1999999999999999e-05
2026-04-26 08:07:01,XRP,-2.9999999999999997e-06
2026-04-26 08:07:01,ENA,1.1999999999999999e-05
2026-04-26 08:07:01,ICP,1.1999999999999999e-05
2026-04-26 08:07:01,APT,1.1999999999999999e-05
2026-04-26 08:07:01,BCH,1.1999999999999999e-05
2026-04-26 08:07:01,TRUMP,-0.000165
2026-04-26 08:07:01,BERA,-1.8e-05
2026-04-26 08:07:01,APEX,1.1999999999999999e-05
2026-04-26 08:07:01,ASTER,-3.8e-05
2026-04-26 08:07:01,TIA,-2e-06
2026-04-26 08:07:01,PENGU,1.1000000000000001e-05
2026-04-26 08:07:01,BNB,1.1999999999999999e-05
2026-04-26 08:07:01,WLFI,-2.3999999999999997e-05
2026-04-26 08:07:01,TAO,-9e-06
2026-04-26 08:07:01,NEAR,1.1999999999999999e-05
2026-04-26 08:07:01,MNT,1.1999999999999999e-05
2026-04-26 08:07:01,SKY,-7e-06
2026-04-26 08:07:01,SPX,1.1999999999999999e-05
2026-04-26 08:07:01,YZY,-0.0012989999999999998
2026-04-26 08:07:01,FIL,-4e-06
2026-04-26 08:07:01,XPL,1.1999999999999999e-05
2026-04-26 08:07:01,TON,-2.6e-05
2026-04-26 08:07:01,UNI,1.1999999999999999e-05
2026-04-26 08:07:01,FARTCOIN,1.1999999999999999e-05
2026-04-26 08:07:01,2Z,-4.7999999999999994e-05
2026-04-26 08:07:01,AERO,1.1999999999999999e-05
2026-04-26 08:07:01,ZK,-2e-05
2026-04-26 08:07:01,SEI,1.1999999999999999e-05
2026-04-26 08:07:01,CRV,1.1000000000000001e-05
2026-04-26 08:07:01,ETH,2e-06
2026-04-26 08:07:01,DYDX,1.1999999999999999e-05
2026-04-26 08:07:01,ETHFI,1.1999999999999999e-05
2026-04-26 08:07:01,ARB,1.1000000000000001e-05
2026-04-26 08:07:01,HBAR,1.1999999999999999e-05
2026-04-26 08:07:01,EIGEN,-2.9999999999999997e-06
2026-04-26 08:07:01,PAXG,1.1999999999999999e-05
2026-04-26 08:07:01,VVV,2.8e-05
2026-04-26 08:07:01,SUI,1.1999999999999999e-05
2026-04-26 08:07:01,TRX,-3.1e-05
2026-04-26 08:07:01,AVNT,-3.9e-05
2026-04-26 08:07:01,AZTEC,1.1999999999999999e-05
2026-04-26 08:07:01,GRASS,1.1999999999999999e-05
2026-04-26 08:07:01,ONDO,1.1999999999999999e-05
2026-04-26 08:07:01,DOT,1.1000000000000001e-05
2026-04-26 08:07:01,MEGA,1.1999999999999999e-05
2026-04-26 08:07:01,JUP,-1.1000000000000001e-05
2026-04-26 08:07:01,SYRUP,1.1999999999999999e-05
2026-04-26 08:07:01,LINEA,1.1999999999999999e-05
2026-04-26 08:07:01,POL,1.1999999999999999e-05
2026-04-26 08:07:01,PROVE,-0.000117
2026-04-26 08:07:01,GMX,1.1999999999999999e-05
2026-04-26 08:07:01,HYPE,1.1999999999999999e-05
2026-04-26 08:07:01,JTO,-7.5e-05
2026-04-26 08:07:01,ADA,1.1999999999999999e-05
2026-04-26 08:07:01,MET,-2.9999999999999997e-06
2026-04-26 08:07:01,LIT,1.1999999999999999e-05
2026-04-26 08:07:01,POPCAT,1.1999999999999999e-05
2026-04-26 08:07:01,S,-1.7e-05
2026-04-26 08:07:01,SKR,7e-06
2026-04-26 08:07:01,STBL,1.1999999999999999e-05
2026-04-26 08:07:01,AXS,-1.7e-05
2026-04-26 08:07:01,WLD,1e-05
2026-04-26 08:07:01,RESOLV,1.1999999999999999e-05
2026-04-26 08:07:01,OP,-1.3e-05
2026-04-26 08:07:01,FOGO,-7.2e-05
2026-04-26 08:07:01,IP,1.1999999999999999e-05
2026-04-26 08:07:01,XLM,1.1999999999999999e-05
2026-04-26 08:07:01,MON,-6.5e-05
2026-04-26 08:07:01,XMR,1.1999999999999999e-05
2026-04-26 08:07:01,CHIP,1.1999999999999999e-05
2026-04-26 08:07:01,LTC,1e-05
2026-04-26 08:07:01,BTC,2e-06
2026-04-26 08:07:01,CC,1.1999999999999999e-05
2026-04-26 08:07:01,LDO,1.1999999999999999e-05
2026-04-26 08:07:01,VIRTUAL,1.1999999999999999e-05
2026-04-26 08:07:01,PENDLE,1.1999999999999999e-05
2026-04-26 08:07:01,WIF,4e-06
2026-04-26 08:07:01,ZRO,1.1999999999999999e-05
2026-04-26 08:07:01,STRK,1.1999999999999999e-05
2026-04-26 08:07:01,AAVE,1.1999999999999999e-05
2026-04-26 09:07:00,AZTEC,1.1999999999999999e-05
2026-04-26 09:07:00,MNT,1.1999999999999999e-05
2026-04-26 09:07:00,SKR,1.1000000000000001e-05
2026-04-26 09:07:00,TIA,-1.5e-05
2026-04-26 09:07:00,STABLE,-8.4e-05
2026-04-26 09:07:00,WIF,-2.5e-05
2026-04-26 09:07:00,STBL,1.1999999999999999e-05
2026-04-26 09:07:00,AAVE,1.1999999999999999e-05
2026-04-26 09:07:00,TRX,-3.7000000000000005e-05
2026-04-26 09:07:00,MORPHO,-6.7e-05
2026-04-26 09:07:00,LIT,1.1999999999999999e-05
2026-04-26 09:07:00,SUI,1e-06
2026-04-26 09:07:00,POL,1.1999999999999999e-05
2026-04-26 09:07:00,DOT,1.1999999999999999e-05
2026-04-26 09:07:00,CHIP,1.1999999999999999e-05
2026-04-26 09:07:00,ZRO,1.1999999999999999e-05
2026-04-26 09:07:00,PUMP,1.1999999999999999e-05
2026-04-26 09:07:00,KAITO,7e-06
2026-04-26 09:07:00,GMX,1.1999999999999999e-05
2026-04-26 09:07:00,ADA,2.9999999999999997e-06
2026-04-26 09:07:00,LINK,1.1999999999999999e-05
2026-04-26 09:07:00,S,1.1999999999999999e-05
2026-04-26 09:07:00,FARTCOIN,1.1999999999999999e-05
2026-04-26 09:07:00,GRASS,1.1999999999999999e-05
2026-04-26 09:07:00,BERA,-5.7999999999999994e-05
2026-04-26 09:07:00,TRUMP,-0.000121
2026-04-26 09:07:00,JUP,-4e-05
2026-04-26 09:07:00,SOL,9e-06
2026-04-26 09:07:00,ETH,-9e-06
2026-04-26 09:07:00,SYRUP,1.1999999999999999e-05
2026-04-26 09:07:00,MON,-6.9e-05
2026-04-26 09:07:00,BTC,-1.3e-05
2026-04-26 09:07:00,ICP,1.1999999999999999e-05
2026-04-26 09:07:00,NEAR,1.1999999999999999e-05
2026-04-26 09:07:00,PYTH,1.1999999999999999e-05
2026-04-26 09:07:00,MEGA,1.1999999999999999e-05
2026-04-26 09:07:00,PENDLE,1.1999999999999999e-05
2026-04-26 09:07:00,SEI,1.1999999999999999e-05
2026-04-26 09:07:00,BNB,8e-06
2026-04-26 09:07:00,PROVE,-4e-05
2026-04-26 09:07:00,POPCAT,1.1999999999999999e-05
2026-04-26 09:07:00,LDO,1.1999999999999999e-05
2026-04-26 09:07:00,HBAR,1.1999999999999999e-05
2026-04-26 09:07:00,VIRTUAL,1.1999999999999999e-05
2026-04-26 09:07:00,XPL,1.1999999999999999e-05
2026-04-26 09:07:00,VVV,1.1999999999999999e-05
2026-04-26 09:07:00,TON,-3.4e-05
2026-04-26 09:07:00,AERO,1.1999999999999999e-05
2026-04-26 09:07:00,TAO,-2.3e-05
2026-04-26 09:07:00,HYPE,1.1000000000000001e-05
2026-04-26 09:07:00,LTC,1.1999999999999999e-05
2026-04-26 09:07:00,DYDX,1.1999999999999999e-05
2026-04-26 09:07:00,ETHFI,1.1999999999999999e-05
2026-04-26 09:07:00,RESOLV,1.1999999999999999e-05
2026-04-26 09:07:00,LINEA,1.1999999999999999e-05
2026-04-26 09:07:00,FIL,1.1999999999999999e-05
2026-04-26 09:07:00,AXS,-0.000131
2026-04-26 09:07:00,MET,-2.5e-05
2026-04-26 09:07:00,WLFI,1.1999999999999999e-05
2026-04-26 09:07:00,APT,1.1999999999999999e-05
2026-04-26 09:07:00,ENA,1.1999999999999999e-05
2026-04-26 09:07:00,2Z,-8.3e-05
2026-04-26 09:07:00,JTO,-0.000137
2026-04-26 09:07:00,ARB,1.1000000000000001e-05
2026-04-26 09:07:00,ASTER,-4.4999999999999996e-05
2026-04-26 09:07:00,SPX,1.1999999999999999e-05
2026-04-26 09:07:00,DOGE,1.1999999999999999e-05
2026-04-26 09:07:00,ZK,8e-06
2026-04-26 09:07:00,XRP,-9e-06
2026-04-26 09:07:00,0G,-2.9999999999999997e-06
2026-04-26 09:07:00,WLD,-5.999999999999999e-06
2026-04-26 09:07:00,AVAX,1.1999999999999999e-05
2026-04-26 09:07:00,ZEC,1e-06
2026-04-26 09:07:00,PENGU,1.1999999999999999e-05
2026-04-26 09:07:00,IP,1.1999999999999999e-05
2026-04-26 09:07:00,FOGO,2.9999999999999997e-06
2026-04-26 09:07:00,STRK,-2.3e-05
2026-04-26 09:07:00,EIGEN,2.9999999999999997e-06
2026-04-26 09:07:00,SKY,1.1999999999999999e-05
2026-04-26 09:07:00,ZORA,1.1999999999999999e-05
2026-04-26 09:07:00,ONDO,1.1999999999999999e-05
2026-04-26 09:07:00,APEX,1.1999999999999999e-05
2026-04-26 09:07:00,BCH,1.1999999999999999e-05
2026-04-26 09:07:00,PAXG,1.1999999999999999e-05
2026-04-26 09:07:00,OP,-3.8e-05
2026-04-26 09:07:00,CRV,1.1999999999999999e-05
2026-04-26 09:07:00,YZY,-0.000961
2026-04-26 09:07:00,XMR,1.1999999999999999e-05
2026-04-26 09:07:00,AVNT,-1e-06
2026-04-26 09:07:00,DASH,1.1999999999999999e-05
2026-04-26 09:07:00,UNI,1.1999999999999999e-05
2026-04-26 09:07:00,XLM,1.1999999999999999e-05
2026-04-26 09:07:00,CC,1.1999999999999999e-05
2026-04-26 10:07:00,AZTEC,1.1999999999999999e-05
2026-04-26 10:07:00,STABLE,2.9999999999999997e-06
2026-04-26 10:07:00,ZORA,1.1999999999999999e-05
2026-04-26 10:07:00,UNI,1.1999999999999999e-05
2026-04-26 10:07:00,SPX,1.1999999999999999e-05
2026-04-26 10:07:00,ZRO,1.1999999999999999e-05
2026-04-26 10:07:00,BERA,0.0
2026-04-26 10:07:00,PYTH,1.1999999999999999e-05
2026-04-26 10:07:00,POL,1.1999999999999999e-05
2026-04-26 10:07:00,HBAR,1.1999999999999999e-05
2026-04-26 10:07:00,DASH,1.1999999999999999e-05
2026-04-26 10:07:00,XLM,1.1999999999999999e-05
2026-04-26 10:07:00,NEAR,1.1999999999999999e-05
2026-04-26 10:07:00,TRX,7e-06
2026-04-26 10:07:00,XMR,1.1999999999999999e-05
2026-04-26 10:07:00,OP,-1.1999999999999999e-05
2026-04-26 10:07:00,BTC,-1e-05
2026-04-26 10:07:00,SEI,1.1999999999999999e-05
2026-04-26 10:07:00,YZY,-0.000973
2026-04-26 10:07:00,LIT,1.1999999999999999e-05
2026-04-26 10:07:00,TRUMP,-9.8e-05
2026-04-26 10:07:00,MET,-3e-05
2026-04-26 10:07:00,GRASS,1.1999999999999999e-05
2026-04-26 10:07:00,AVAX,1.1999999999999999e-05
2026-04-26 10:07:00,DYDX,1.1999999999999999e-05
2026-04-26 10:07:00,ONDO,1.1999999999999999e-05
2026-04-26 10:07:00,LTC,1.1999999999999999e-05
2026-04-26 10:07:00,WLFI,1e-05
2026-04-26 10:07:00,STRK,-5e-06
2026-04-26 10:07:00,SUI,1.1999999999999999e-05
2026-04-26 10:07:00,2Z,-0.000106
2026-04-26 10:07:00,TON,-2.3999999999999997e-05
2026-04-26 10:07:00,LINK,1.1999999999999999e-05
2026-04-26 10:07:00,MEGA,1.1999999999999999e-05
2026-04-26 10:07:00,RESOLV,1.1999999999999999e-05
2026-04-26 10:07:00,DOGE,1.1999999999999999e-05
2026-04-26 10:07:00,ENA,1.1999999999999999e-05
2026-04-26 10:07:00,MORPHO,-7.400000000000001e-05
2026-04-26 10:07:00,XPL,5e-06
2026-04-26 10:07:00,WIF,-1.1000000000000001e-05
2026-04-26 10:07:00,PAXG,1.1999999999999999e-05
2026-04-26 10:07:00,MON,-0.0001
2026-04-26 10:07:00,ZEC,4e-06
2026-04-26 10:07:00,BCH,1.1999999999999999e-05
2026-04-26 10:07:00,LINEA,1.1999999999999999e-05
2026-04-26 10:07:00,ASTER,5e-06
2026-04-26 10:07:00,LDO,1.1999999999999999e-05
2026-04-26 10:07:00,SYRUP,1.1999999999999999e-05
2026-04-26 10:07:00,PROVE,-8.3e-05
2026-04-26 10:07:00,PENGU,1e-06
2026-04-26 10:07:00,ADA,1.1000000000000001e-05
2026-04-26 10:07:00,PUMP,1.1999999999999999e-05
2026-04-26 10:07:00,CC,1.1999999999999999e-05
2026-04-26 10:07:00,AXS,-2.6e-05
2026-04-26 10:07:00,FOGO,-5.9e-05
2026-04-26 10:07:00,POPCAT,1.1999999999999999e-05
2026-04-26 10:07:00,SKR,-2e-06
2026-04-26 10:07:00,ARB,1.1999999999999999e-05
2026-04-26 10:07:00,AAVE,1.1999999999999999e-05
2026-04-26 10:07:00,APT,1.1999999999999999e-05
2026-04-26 10:07:00,EIGEN,1.1999999999999999e-05
2026-04-26 10:07:00,IP,1.1999999999999999e-05
2026-04-26 10:07:00,GMX,1.1999999999999999e-05
2026-04-26 10:07:00,STBL,1.1999999999999999e-05
2026-04-26 10:07:00,ZK,2e-06
2026-04-26 10:07:00,CRV,-1.6e-05
2026-04-26 10:07:00,JTO,-8e-06
2026-04-26 10:07:00,ETH,-5.999999999999999e-06
2026-04-26 10:07:00,ICP,1.1999999999999999e-05
2026-04-26 10:07:00,HYPE,1.1999999999999999e-05
2026-04-26 10:07:00,VVV,1.5e-05
2026-04-26 10:07:00,FARTCOIN,1.1999999999999999e-05
2026-04-26 10:07:00,WLD,-1e-06
2026-04-26 10:07:00,MNT,1.1999999999999999e-05
2026-04-26 10:07:00,CHIP,1.1000000000000001e-05
2026-04-26 10:07:00,APEX,1.1999999999999999e-05
2026-04-26 10:07:00,FIL,1.1999999999999999e-05
2026-04-26 10:07:00,KAITO,1e-05
2026-04-26 10:07:00,JUP,-1.1000000000000001e-05
2026-04-26 10:07:00,AERO,1.1999999999999999e-05
2026-04-26 10:07:00,SKY,1.1999999999999999e-05
2026-04-26 10:07:00,PENDLE,1.1999999999999999e-05
2026-04-26 10:07:00,TIA,-2.2000000000000003e-05
2026-04-26 10:07:00,SOL,1.1999999999999999e-05
2026-04-26 10:07:00,VIRTUAL,1.1999999999999999e-05
2026-04-26 10:07:00,DOT,1.1999999999999999e-05
2026-04-26 10:07:00,AVNT,-0.00023099999999999998
2026-04-26 10:07:00,S,-4.3e-05
2026-04-26 10:07:00,BNB,8e-06
2026-04-26 10:07:00,XRP,-7e-06
2026-04-26 10:07:00,0G,-4.2e-05
2026-04-26 10:07:00,TAO,-1.6e-05
2026-04-26 10:07:00,ETHFI,1.1999999999999999e-05
2026-04-26 11:07:01,MON,-6.7e-05
2026-04-26 11:07:01,2Z,-0.000138
2026-04-26 11:07:01,TIA,-5.999999999999999e-06
2026-04-26 11:07:01,JTO,1.1999999999999999e-05
2026-04-26 11:07:01,SPX,1.1999999999999999e-05
2026-04-26 11:07:01,STBL,1.1999999999999999e-05
2026-04-26 11:07:01,ZORA,1.1999999999999999e-05
2026-04-26 11:07:01,PYTH,1.1999999999999999e-05
2026-04-26 11:07:01,AXS,-3.6e-05
2026-04-26 11:07:01,ASTER,-7e-06
2026-04-26 11:07:01,HYPE,1.1999999999999999e-05
2026-04-26 11:07:01,POPCAT,1.1999999999999999e-05
2026-04-26 11:07:01,ONDO,1.1999999999999999e-05
2026-04-26 11:07:01,DYDX,1.1999999999999999e-05
2026-04-26 11:07:01,LDO,1.1999999999999999e-05
2026-04-26 11:07:01,SOL,1.1999999999999999e-05
2026-04-26 11:07:01,YZY,-0.000167
2026-04-26 11:07:01,CRV,-1.8e-05
2026-04-26 11:07:01,GMX,1.1999999999999999e-05
2026-04-26 11:07:01,ZK,-3.1e-05
2026-04-26 11:07:01,LTC,1.1999999999999999e-05
2026-04-26 11:07:01,FIL,1.1999999999999999e-05
2026-04-26 11:07:01,AZTEC,1.1999999999999999e-05
2026-04-26 11:07:01,APT,1.1999999999999999e-05
2026-04-26 11:07:01,TRUMP,-0.000147
2026-04-26 11:07:01,XLM,1.1999999999999999e-05
2026-04-26 11:07:01,TRX,0.0
2026-04-26 11:07:01,MNT,1.1999999999999999e-05
2026-04-26 11:07:01,S,2e-06
2026-04-26 11:07:01,AAVE,1.1999999999999999e-05
2026-04-26 11:07:01,RESOLV,1e-05
2026-04-26 11:07:01,ETHFI,1.1999999999999999e-05
2026-04-26 11:07:01,SEI,1.1999999999999999e-05
2026-04-26 11:07:01,STRK,-2.3999999999999997e-05
2026-04-26 11:07:01,XPL,1.1999999999999999e-05
2026-04-26 11:07:01,BERA,-7.5e-05
2026-04-26 11:07:01,IP,1.1999999999999999e-05
2026-04-26 11:07:01,ENA,1.1999999999999999e-05
2026-04-26 11:07:01,MET,2.9999999999999997e-06
2026-04-26 11:07:01,0G,1.1999999999999999e-05
2026-04-26 11:07:01,AERO,1.1999999999999999e-05
2026-04-26 11:07:01,CC,1.1999999999999999e-05
2026-04-26 11:07:01,XMR,1.1999999999999999e-05
2026-04-26 11:07:01,JUP,5e-06
2026-04-26 11:07:01,ADA,1.1999999999999999e-05
2026-04-26 11:07:01,WIF,-5e-06
2026-04-26 11:07:01,BNB,-2e-06
2026-04-26 11:07:01,WLFI,-6.5e-05
2026-04-26 11:07:01,LIT,1.1999999999999999e-05
2026-04-26 11:07:01,STABLE,-2.3e-05
2026-04-26 11:07:01,POL,1.1999999999999999e-05
2026-04-26 11:07:01,SKR,9e-06
2026-04-26 11:07:01,TAO,1.1999999999999999e-05
2026-04-26 11:07:01,AVAX,1.1999999999999999e-05
2026-04-26 11:07:01,PAXG,1.1999999999999999e-05
2026-04-26 11:07:01,KAITO,5e-06
2026-04-26 11:07:01,BTC,-5e-06
2026-04-26 11:07:01,CHIP,-5.3e-05
2026-04-26 11:07:01,ZRO,1.1999999999999999e-05
2026-04-26 11:07:01,PROVE,-5.6e-05
2026-04-26 11:07:01,SYRUP,1.1999999999999999e-05
2026-04-26 11:07:01,PUMP,1.1999999999999999e-05
2026-04-26 11:07:01,OP,-1.1999999999999999e-05
2026-04-26 11:07:01,ETH,4e-06
2026-04-26 11:07:01,LINEA,1.1999999999999999e-05
2026-04-26 11:07:01,FARTCOIN,1.1999999999999999e-05
2026-04-26 11:07:01,GRASS,1.1999999999999999e-05
2026-04-26 11:07:01,AVNT,-0.00020899999999999998
2026-04-26 11:07:01,WLD,2.9999999999999997e-06
2026-04-26 11:07:01,UNI,1.1999999999999999e-05
2026-04-26 11:07:01,APEX,1.1999999999999999e-05
2026-04-26 11:07:01,LINK,1.1999999999999999e-05
2026-04-26 11:07:01,VVV,1.1999999999999999e-05
2026-04-26 11:07:01,NEAR,1.1999999999999999e-05
2026-04-26 11:07:01,ARB,1.1999999999999999e-05
2026-04-26 11:07:01,TON,9e-06
2026-04-26 11:07:01,DASH,1.1999999999999999e-05
2026-04-26 11:07:01,XRP,4e-06
2026-04-26 11:07:01,SKY,1.1999999999999999e-05
2026-04-26 11:07:01,HBAR,1.1999999999999999e-05
2026-04-26 11:07:01,PENGU,1.1000000000000001e-05
2026-04-26 11:07:01,MORPHO,-0.000144
2026-04-26 11:07:01,ZEC,5e-06
2026-04-26 11:07:01,PENDLE,7e-06
2026-04-26 11:07:01,ICP,1.1999999999999999e-05
2026-04-26 11:07:01,EIGEN,1.1999999999999999e-05
2026-04-26 11:07:01,FOGO,-6.5e-05
2026-04-26 11:07:01,BCH,1.1999999999999999e-05
2026-04-26 11:07:01,DOT,7e-06
2026-04-26 11:07:01,SUI,1.1999999999999999e-05
2026-04-26 11:07:01,MEGA,1.1999999999999999e-05
2026-04-26 11:07:01,VIRTUAL,1.1999999999999999e-05
2026-04-26 11:07:01,DOGE,1.1999999999999999e-05
2026-04-26 12:07:00,ZK,-2.3e-05
2026-04-26 12:07:00,OP,1.1000000000000001e-05
2026-04-26 12:07:00,ZEC,1.1999999999999999e-05
2026-04-26 12:07:00,SEI,1.1999999999999999e-05
2026-04-26 12:07:00,ICP,1.1999999999999999e-05
2026-04-26 12:07:00,HBAR,1.1999999999999999e-05
2026-04-26 12:07:00,ASTER,-1.3e-05
2026-04-26 12:07:00,ZORA,1.1999999999999999e-05
2026-04-26 12:07:00,XMR,1.1999999999999999e-05
2026-04-26 12:07:00,SKR,-8.4e-05
2026-04-26 12:07:00,JTO,1.1999999999999999e-05
2026-04-26 12:07:00,DASH,1.1999999999999999e-05
2026-04-26 12:07:00,MNT,1.1999999999999999e-05
2026-04-26 12:07:00,WIF,-2.9999999999999997e-06
2026-04-26 12:07:00,0G,4e-06
2026-04-26 12:07:00,BCH,1.1999999999999999e-05
2026-04-26 12:07:00,EIGEN,2.9999999999999997e-06
2026-04-26 12:07:00,MEGA,1.1999999999999999e-05
2026-04-26 12:07:00,MET,1.1999999999999999e-05
2026-04-26 12:07:00,ADA,1.1999999999999999e-05
2026-04-26 12:07:00,PUMP,1.1999999999999999e-05
2026-04-26 12:07:00,HYPE,1.1999999999999999e-05
2026-04-26 12:07:00,PENGU,2e-06
2026-04-26 12:07:00,STRK,-2e-06
2026-04-26 12:07:00,POL,1.1999999999999999e-05
2026-04-26 12:07:00,RESOLV,1.1999999999999999e-05
2026-04-26 12:07:00,ARB,1.1999999999999999e-05
2026-04-26 12:07:00,YZY,-0.000878
2026-04-26 12:07:00,CRV,1.1999999999999999e-05
2026-04-26 12:07:00,LINEA,1.1999999999999999e-05
2026-04-26 12:07:00,BNB,4e-06
2026-04-26 12:07:00,IP,1.1999999999999999e-05
2026-04-26 12:07:00,2Z,-0.000138
2026-04-26 12:07:00,JUP,-2e-06
2026-04-26 12:07:00,STBL,1.1999999999999999e-05
2026-04-26 12:07:00,FIL,1.1999999999999999e-05
2026-04-26 12:07:00,BERA,4e-06
2026-04-26 12:07:00,PAXG,1.1999999999999999e-05
2026-04-26 12:07:00,LINK,1.1999999999999999e-05
2026-04-26 12:07:00,XRP,0.0
2026-04-26 12:07:00,DYDX,1.1999999999999999e-05
2026-04-26 12:07:00,DOT,1.1999999999999999e-05
2026-04-26 12:07:00,APEX,1.1999999999999999e-05
2026-04-26 12:07:00,TAO,1.1999999999999999e-05
2026-04-26 12:07:00,TON,4e-06
2026-04-26 12:07:00,XLM,1.1999999999999999e-05
2026-04-26 12:07:00,LDO,1.1999999999999999e-05
2026-04-26 12:07:00,CC,1.1999999999999999e-05
2026-04-26 12:07:00,SYRUP,1.1999999999999999e-05
2026-04-26 12:07:00,AXS,1e-05
2026-04-26 12:07:00,ETH,-2.9999999999999997e-06
2026-04-26 12:07:00,VVV,1.1999999999999999e-05
2026-04-26 12:07:00,TRUMP,-0.000241
2026-04-26 12:07:00,SUI,1.1999999999999999e-05
2026-04-26 12:07:00,AERO,-0.000154
2026-04-26 12:07:00,MORPHO,-8.999999999999999e-05
2026-04-26 12:07:00,KAITO,1.1999999999999999e-05
2026-04-26 12:07:00,POPCAT,1.1999999999999999e-05
2026-04-26 12:07:00,PYTH,1.1999999999999999e-05
2026-04-26 12:07:00,DOGE,1.1999999999999999e-05
2026-04-26 12:07:00,SOL,1.1999999999999999e-05
2026-04-26 12:07:00,S,2e-06
2026-04-26 12:07:00,TIA,-2e-06
2026-04-26 12:07:00,PROVE,-8.099999999999999e-05
2026-04-26 12:07:00,XPL,1.1999999999999999e-05
2026-04-26 12:07:00,WLFI,0.0
2026-04-26 12:07:00,NEAR,1.1999999999999999e-05
2026-04-26 12:07:00,VIRTUAL,1.1999999999999999e-05
2026-04-26 12:07:00,MON,-4.6e-05
2026-04-26 12:07:00,APT,1.1999999999999999e-05
2026-04-26 12:07:00,FARTCOIN,1.1999999999999999e-05
2026-04-26 12:07:00,LIT,1.1999999999999999e-05
2026-04-26 12:07:00,TRX,-4.2e-05
2026-04-26 12:07:00,ENA,1.1999999999999999e-05
2026-04-26 12:07:00,LTC,1.1999999999999999e-05
2026-04-26 12:07:00,GRASS,1.1999999999999999e-05
2026-04-26 12:07:00,AAVE,1.1999999999999999e-05
2026-04-26 12:07:00,PENDLE,1.1999999999999999e-05
2026-04-26 12:07:00,WLD,5e-06
2026-04-26 12:07:00,CHIP,-3.6e-05
2026-04-26 12:07:00,AVNT,2e-06
2026-04-26 12:07:00,SKY,1.1999999999999999e-05
2026-04-26 12:07:00,ONDO,1.1999999999999999e-05
2026-04-26 12:07:00,UNI,1.1999999999999999e-05
2026-04-26 12:07:00,SPX,1.1999999999999999e-05
2026-04-26 12:07:00,AZTEC,-5e-06
2026-04-26 12:07:00,ZRO,1.1999999999999999e-05
2026-04-26 12:07:00,FOGO,5e-06
2026-04-26 12:07:00,BTC,-5e-06
2026-04-26 12:07:00,STABLE,-7.400000000000001e-05
2026-04-26 12:07:00,ETHFI,1.1999999999999999e-05
2026-04-26 12:07:00,GMX,1e-05
2026-04-26 12:07:00,AVAX,1.1999999999999999e-05
2026-04-26 13:07:00,HYPE,1.1999999999999999e-05
2026-04-26 13:07:00,AZTEC,-2e-05
2026-04-26 13:07:00,IP,-1e-05
2026-04-26 13:07:00,WLD,-2.3999999999999997e-05
2026-04-26 13:07:00,MNT,1.1999999999999999e-05
2026-04-26 13:07:00,PROVE,-5.7999999999999994e-05
2026-04-26 13:07:00,PENGU,1.1000000000000001e-05
2026-04-26 13:07:00,RESOLV,1.1999999999999999e-05
2026-04-26 13:07:00,STRK,-1e-06
2026-04-26 13:07:00,0G,-1.7e-05
2026-04-26 13:07:00,ASTER,-5.6e-05
2026-04-26 13:07:00,ENA,1.1999999999999999e-05
2026-04-26 13:07:00,SKR,2.3999999999999997e-05
2026-04-26 13:07:00,HBAR,1.1999999999999999e-05
2026-04-26 13:07:00,SKY,1.1999999999999999e-05
2026-04-26 13:07:00,STABLE,-4.7000000000000004e-05
2026-04-26 13:07:00,SUI,1.1999999999999999e-05
2026-04-26 13:07:00,UNI,1.1999999999999999e-05
2026-04-26 13:07:00,ETH,-4e-06
2026-04-26 13:07:00,ZEC,1.1999999999999999e-05
2026-04-26 13:07:00,APEX,1.1999999999999999e-05
2026-04-26 13:07:00,PAXG,1.1999999999999999e-05
2026-04-26 13:07:00,TIA,-4e-06
2026-04-26 13:07:00,AXS,-1.9e-05
2026-04-26 13:07:00,FIL,1.1999999999999999e-05
2026-04-26 13:07:00,WLFI,-3.6e-05
2026-04-26 13:07:00,BNB,0.0
2026-04-26 13:07:00,MON,-6.7e-05
2026-04-26 13:07:00,XRP,-1.1000000000000001e-05
2026-04-26 13:07:00,WIF,1e-05
2026-04-26 13:07:00,ZRO,1.1999999999999999e-05
2026-04-26 13:07:00,ICP,1.1999999999999999e-05
2026-04-26 13:07:00,ETHFI,1.1999999999999999e-05
2026-04-26 13:07:00,APT,1.1999999999999999e-05
2026-04-26 13:07:00,DASH,1.1999999999999999e-05
2026-04-26 13:07:00,XPL,-3.6e-05
2026-04-26 13:07:00,NEAR,1.1999999999999999e-05
2026-04-26 13:07:00,S,9e-06
2026-04-26 13:07:00,FARTCOIN,1.1999999999999999e-05
2026-04-26 13:07:00,ARB,-1.1000000000000001e-05
2026-04-26 13:07:00,FOGO,-5.9e-05
2026-04-26 13:07:00,AAVE,1.1999999999999999e-05
2026-04-26 13:07:00,2Z,-8.3e-05
2026-04-26 13:07:00,OP,0.0
2026-04-26 13:07:00,BTC,-8e-06
2026-04-26 13:07:00,LINEA,1.1999999999999999e-05
2026-04-26 13:07:00,JUP,1e-05
2026-04-26 13:07:00,CRV,1.1999999999999999e-05
2026-04-26 13:07:00,MEGA,1.1999999999999999e-05
2026-04-26 13:07:00,TON,-3e-05
2026-04-26 13:07:00,TRX,-2.8999999999999997e-05
2026-04-26 13:07:00,AVNT,1.1999999999999999e-05
2026-04-26 13:07:00,LDO,1.1999999999999999e-05
2026-04-26 13:07:00,JTO,1e-05
2026-04-26 13:07:00,TAO,-4e-05
2026-04-26 13:07:00,DYDX,1.1999999999999999e-05
2026-04-26 13:07:00,EIGEN,-3.2e-05
2026-04-26 13:07:00,POPCAT,1.1999999999999999e-05
2026-04-26 13:07:00,BERA,-3.9e-05
2026-04-26 13:07:00,SPX,1.1999999999999999e-05
2026-04-26 13:07:00,ZORA,1.1999999999999999e-05
2026-04-26 13:07:00,VVV,1.1999999999999999e-05
2026-04-26 13:07:00,SOL,8e-06
2026-04-26 13:07:00,PYTH,1.1999999999999999e-05
2026-04-26 13:07:00,TRUMP,-0.000212
2026-04-26 13:07:00,GRASS,1.1999999999999999e-05
2026-04-26 13:07:00,LIT,1.1999999999999999e-05
2026-04-26 13:07:00,POL,1.1999999999999999e-05
2026-04-26 13:07:00,CHIP,-0.000194
2026-04-26 13:07:00,XMR,1.1999999999999999e-05
2026-04-26 13:07:00,ONDO,1.1999999999999999e-05
2026-04-26 13:07:00,PENDLE,1.1999999999999999e-05
2026-04-26 13:07:00,SEI,1.1999999999999999e-05
2026-04-26 13:07:00,DOT,1.1999999999999999e-05
2026-04-26 13:07:00,LTC,1.1999999999999999e-05
2026-04-26 13:07:00,CC,1.1999999999999999e-05
2026-04-26 13:07:00,AVAX,1.1999999999999999e-05
2026-04-26 13:07:00,STBL,1.1999999999999999e-05
2026-04-26 13:07:00,KAITO,-3.2e-05
2026-04-26 13:07:00,SYRUP,1.1999999999999999e-05
2026-04-26 13:07:00,VIRTUAL,1.1999999999999999e-05
2026-04-26 13:07:00,ZK,-4.1e-05
2026-04-26 13:07:00,MORPHO,-8.999999999999999e-05
2026-04-26 13:07:00,AERO,-9.900000000000001e-05
2026-04-26 13:07:00,BCH,1.1999999999999999e-05
2026-04-26 13:07:00,PUMP,1.1999999999999999e-05
2026-04-26 13:07:00,DOGE,1.1999999999999999e-05
2026-04-26 13:07:00,YZY,-0.000891
2026-04-26 13:07:00,GMX,5e-06
2026-04-26 13:07:00,LINK,1.1999999999999999e-05
2026-04-26 13:07:00,XLM,1.1999999999999999e-05
2026-04-26 13:07:00,MET,1.1999999999999999e-05
2026-04-26 13:07:00,ADA,1.1999999999999999e-05
2026-04-26 14:07:00,APT,1.1999999999999999e-05
2026-04-26 14:07:00,WLFI,-3.9e-05
2026-04-26 14:07:00,MNT,1.1999999999999999e-05
2026-04-26 14:07:00,PAXG,1.1999999999999999e-05
2026-04-26 14:07:00,BTC,0.0
2026-04-26 14:07:00,TIA,-8e-06
2026-04-26 14:07:00,GMX,5.999999999999999e-06
2026-04-26 14:07:00,UNI,1.1999999999999999e-05
2026-04-26 14:07:00,ADA,1.1999999999999999e-05
2026-04-26 14:07:00,2Z,-7.5e-05
2026-04-26 14:07:00,AVAX,1.1999999999999999e-05
2026-04-26 14:07:00,YZY,-0.001338
2026-04-26 14:07:00,ZEC,1.1999999999999999e-05
2026-04-26 14:07:00,0G,2e-06
2026-04-26 14:07:00,LTC,1.1999999999999999e-05
2026-04-26 14:07:00,CRV,1.1999999999999999e-05
2026-04-26 14:07:00,PENDLE,1.1999999999999999e-05
2026-04-26 14:07:00,LDO,1.1999999999999999e-05
2026-04-26 14:07:00,MET,1.1999999999999999e-05
2026-04-26 14:07:00,DOGE,1.1999999999999999e-05
2026-04-26 14:07:00,PYTH,1.1999999999999999e-05
2026-04-26 14:07:00,ETHFI,1.1999999999999999e-05
2026-04-26 14:07:00,ONDO,1.1999999999999999e-05
2026-04-26 14:07:00,TRX,-2.1e-05
2026-04-26 14:07:00,XLM,1.1000000000000001e-05
2026-04-26 14:07:00,VVV,4.1e-05
2026-04-26 14:07:00,BCH,1.1999999999999999e-05
2026-04-26 14:07:00,AVNT,1.1999999999999999e-05
2026-04-26 14:07:00,XMR,1.1999999999999999e-05
2026-04-26 14:07:00,SKY,1.1999999999999999e-05
2026-04-26 14:07:00,DYDX,1.1999999999999999e-05
2026-04-26 14:07:00,XPL,-7e-06
2026-04-26 14:07:00,EIGEN,2e-06
2026-04-26 14:07:00,TRUMP,-0.000103
2026-04-26 14:07:00,FOGO,-1.1999999999999999e-05
2026-04-26 14:07:00,CC,-2.2000000000000003e-05
2026-04-26 14:07:00,GRASS,1.1999999999999999e-05
2026-04-26 14:07:00,ZORA,1.1999999999999999e-05
2026-04-26 14:07:00,AAVE,1.1999999999999999e-05
2026-04-26 14:07:00,MORPHO,-8.099999999999999e-05
2026-04-26 14:07:00,ETH,-1.1999999999999999e-05
2026-04-26 14:07:00,ICP,5e-06
2026-04-26 14:07:00,IP,1.1999999999999999e-05
2026-04-26 14:07:00,JUP,-1e-05
2026-04-26 14:07:00,JTO,-8e-06
2026-04-26 14:07:00,POL,1.1999999999999999e-05
2026-04-26 14:07:00,XRP,-4e-06
2026-04-26 14:07:00,STRK,-1.5e-05
2026-04-26 14:07:00,HYPE,8e-06
2026-04-26 14:07:00,PROVE,-5.4000000000000005e-05
2026-04-26 14:07:00,SEI,1.1999999999999999e-05
2026-04-26 14:07:00,VIRTUAL,1.1999999999999999e-05
2026-04-26 14:07:00,ZK,-1.3e-05
2026-04-26 14:07:00,AXS,7e-06
2026-04-26 14:07:00,AERO,-0.000156
2026-04-26 14:07:00,TAO,-1.5e-05
2026-04-26 14:07:00,MEGA,1.1999999999999999e-05
2026-04-26 14:07:00,SKR,1.1999999999999999e-05
2026-04-26 14:07:00,KAITO,-2.1e-05
2026-04-26 14:07:00,NEAR,1.1999999999999999e-05
2026-04-26 14:07:00,RESOLV,1.1999999999999999e-05
2026-04-26 14:07:00,PUMP,1.1999999999999999e-05
2026-04-26 14:07:00,SYRUP,1.1999999999999999e-05
2026-04-26 14:07:00,WIF,1.1999999999999999e-05
2026-04-26 14:07:00,TON,-7e-06
2026-04-26 14:07:00,SOL,2e-06
2026-04-26 14:07:00,APEX,1.1999999999999999e-05
2026-04-26 14:07:00,S,-1.4e-05
2026-04-26 14:07:00,BNB,0.0
2026-04-26 14:07:00,PENGU,2e-06
2026-04-26 14:07:00,ARB,-2.9999999999999997e-06
2026-04-26 14:07:00,STABLE,-0.000154
2026-04-26 14:07:00,FIL,1.1999999999999999e-05
2026-04-26 14:07:00,ASTER,-1.8e-05
2026-04-26 14:07:00,HBAR,1.1999999999999999e-05
2026-04-26 14:07:00,WLD,-4.9e-05
2026-04-26 14:07:00,CHIP,-0.000115
2026-04-26 14:07:00,ENA,1.1999999999999999e-05
2026-04-26 14:07:00,POPCAT,1.1999999999999999e-05
2026-04-26 14:07:00,LINK,1.1999999999999999e-05
2026-04-26 14:07:00,MON,-4e-05
2026-04-26 14:07:00,FARTCOIN,1.1999999999999999e-05
2026-04-26 14:07:00,AZTEC,1.1999999999999999e-05
2026-04-26 14:07:00,LINEA,1.1999999999999999e-05
2026-04-26 14:07:00,LIT,1.1999999999999999e-05
2026-04-26 14:07:00,OP,1.1000000000000001e-05
2026-04-26 14:07:00,STBL,1.1999999999999999e-05
2026-04-26 14:07:00,SUI,8e-06
2026-04-26 14:07:00,BERA,-6.4e-05
2026-04-26 14:07:00,ZRO,1.1999999999999999e-05
2026-04-26 14:07:00,DASH,1.1999999999999999e-05
2026-04-26 14:07:00,SPX,1.1999999999999999e-05
2026-04-26 14:07:00,DOT,1.1999999999999999e-05
2026-04-26 15:07:00,DYDX,1.1999999999999999e-05
2026-04-26 15:07:00,ZEC,8e-06
2026-04-26 15:07:00,GMX,-1.4e-05
2026-04-26 15:07:00,ICP,1.1999999999999999e-05
2026-04-26 15:07:00,FIL,1.1999999999999999e-05
2026-04-26 15:07:00,AAVE,1.1999999999999999e-05
2026-04-26 15:07:00,HYPE,1.1999999999999999e-05
2026-04-26 15:07:00,PENGU,-7e-06
2026-04-26 15:07:00,SKR,1.1999999999999999e-05
2026-04-26 15:07:00,HBAR,1.1999999999999999e-05
2026-04-26 15:07:00,KAITO,-2.8e-05
2026-04-26 15:07:00,VIRTUAL,1.1999999999999999e-05
2026-04-26 15:07:00,STBL,1.1999999999999999e-05
2026-04-26 15:07:00,TRX,-3.1e-05
2026-04-26 15:07:00,WLFI,2.9999999999999997e-06
2026-04-26 15:07:00,DOT,1.1999999999999999e-05
2026-04-26 15:07:00,ONDO,1.1999999999999999e-05
2026-04-26 15:07:00,S,-7e-06
2026-04-26 15:07:00,AZTEC,1.1999999999999999e-05
2026-04-26 15:07:00,VVV,1.3e-05
2026-04-26 15:07:00,CHIP,-9e-06
2026-04-26 15:07:00,PAXG,1.1999999999999999e-05
2026-04-26 15:07:00,STRK,-3.2e-05
2026-04-26 15:07:00,JUP,9e-06
2026-04-26 15:07:00,NEAR,1.1999999999999999e-05
2026-04-26 15:07:00,LINEA,1e-05
2026-04-26 15:07:00,MET,1.1999999999999999e-05
2026-04-26 15:07:00,ARB,1.1999999999999999e-05
2026-04-26 15:07:00,UNI,1.1999999999999999e-05
2026-04-26 15:07:00,MEGA,1.1999999999999999e-05
2026-04-26 15:07:00,SPX,1.1999999999999999e-05
2026-04-26 15:07:00,APEX,1.1999999999999999e-05
2026-04-26 15:07:00,LDO,1.1999999999999999e-05
2026-04-26 15:07:00,XRP,5.999999999999999e-06
2026-04-26 15:07:00,PYTH,1.1999999999999999e-05
2026-04-26 15:07:00,ETHFI,1.1999999999999999e-05
2026-04-26 15:07:00,CRV,1.1000000000000001e-05
2026-04-26 15:07:00,MORPHO,-3.7000000000000005e-05
2026-04-26 15:07:00,BNB,-7e-06
2026-04-26 15:07:00,TRUMP,-0.000111
2026-04-26 15:07:00,WIF,0.0
2026-04-26 15:07:00,LTC,1.1999999999999999e-05
2026-04-26 15:07:00,OP,5.999999999999999e-06
2026-04-26 15:07:00,POL,1.1999999999999999e-05
2026-04-26 15:07:00,AVAX,1.1999999999999999e-05
2026-04-26 15:07:00,STABLE,-0.000161
2026-04-26 15:07:00,BCH,1.1999999999999999e-05
2026-04-26 15:07:00,EIGEN,7e-06
2026-04-26 15:07:00,RESOLV,1.1999999999999999e-05
2026-04-26 15:07:00,TAO,9e-06
2026-04-26 15:07:00,FARTCOIN,1.1999999999999999e-05
2026-04-26 15:07:00,SUI,1.1999999999999999e-05
2026-04-26 15:07:00,XMR,1.1999999999999999e-05
2026-04-26 15:07:00,2Z,-0.000126
2026-04-26 15:07:00,MON,-4.4000000000000006e-05
2026-04-26 15:07:00,ENA,1.1999999999999999e-05
2026-04-26 15:07:00,GRASS,1.1999999999999999e-05
2026-04-26 15:07:00,MNT,1.1999999999999999e-05
2026-04-26 15:07:00,ETH,-2e-06
2026-04-26 15:07:00,CC,1.1999999999999999e-05
2026-04-26 15:07:00,WLD,-3.7000000000000005e-05
2026-04-26 15:07:00,FOGO,5.999999999999999e-06
2026-04-26 15:07:00,ZK,-2e-06
2026-04-26 15:07:00,ASTER,-6.9e-05
2026-04-26 15:07:00,POPCAT,1.1999999999999999e-05
2026-04-26 15:07:00,LIT,1.1999999999999999e-05
2026-04-26 15:07:00,XPL,7e-06
2026-04-26 15:07:00,ADA,1.1999999999999999e-05
2026-04-26 15:07:00,LINK,1.1999999999999999e-05
2026-04-26 15:07:00,PROVE,-3.9e-05
2026-04-26 15:07:00,AVNT,1.1999999999999999e-05
2026-04-26 15:07:00,ZRO,1.1999999999999999e-05
2026-04-26 15:07:00,AXS,-1.5e-05
2026-04-26 15:07:00,APT,1.1999999999999999e-05
2026-04-26 15:07:00,ZORA,1.1999999999999999e-05
2026-04-26 15:07:00,IP,1.1999999999999999e-05
2026-04-26 15:07:00,DASH,1.1999999999999999e-05
2026-04-26 15:07:00,SYRUP,1.1999999999999999e-05
2026-04-26 15:07:00,JTO,-5e-06
2026-04-26 15:07:00,SEI,1.1999999999999999e-05
2026-04-26 15:07:00,AERO,-2.8e-05
2026-04-26 15:07:00,TON,-1.8e-05
2026-04-26 15:07:00,0G,-2.8e-05
2026-04-26 15:07:00,SKY,1.1999999999999999e-05
2026-04-26 15:07:00,BTC,0.0
2026-04-26 15:07:00,YZY,-0.000423
2026-04-26 15:07:00,BERA,-5.7999999999999994e-05
2026-04-26 15:07:00,PENDLE,-4e-06
2026-04-26 15:07:00,XLM,1.1999999999999999e-05
2026-04-26 15:07:00,PUMP,1.1999999999999999e-05
2026-04-26 15:07:00,DOGE,1.1999999999999999e-05
2026-04-26 15:07:00,SOL,-1.1999999999999999e-05
2026-04-26 15:07:00,TIA,-2.1e-05
2026-04-26 16:07:00,APEX,1.1999999999999999e-05
2026-04-26 16:07:00,EIGEN,-2.9999999999999997e-06
2026-04-26 16:07:00,AVNT,1.1999999999999999e-05
2026-04-26 16:07:00,AXS,5e-06
2026-04-26 16:07:00,VIRTUAL,1.1999999999999999e-05
2026-04-26 16:07:00,WLD,-5e-05
2026-04-26 16:07:00,BERA,0.0
2026-04-26 16:07:00,CHIP,-0.000182
2026-04-26 16:07:00,BCH,1.1999999999999999e-05
2026-04-26 16:07:00,MET,1.1999999999999999e-05
2026-04-26 16:07:00,FOGO,-1.6e-05
2026-04-26 16:07:00,ARB,-2e-06
2026-04-26 16:07:00,PROVE,-6.3e-05
2026-04-26 16:07:00,ENA,1e-05
2026-04-26 16:07:00,LDO,1.1999999999999999e-05
2026-04-26 16:07:00,POPCAT,1.1999999999999999e-05
2026-04-26 16:07:00,OP,8e-06
2026-04-26 16:07:00,JTO,9e-06
2026-04-26 16:07:00,KAITO,1e-05
2026-04-26 16:07:00,STABLE,-0.00015900000000000002
2026-04-26 16:07:00,0G,9e-06
2026-04-26 16:07:00,SEI,1.1999999999999999e-05
2026-04-26 16:07:00,WLFI,-5e-06
2026-04-26 16:07:00,LINK,1.1999999999999999e-05
2026-04-26 16:07:00,UNI,1.1999999999999999e-05
2026-04-26 16:07:00,POL,1.1999999999999999e-05
2026-04-26 16:07:00,SYRUP,1.1999999999999999e-05
2026-04-26 16:07:00,MEGA,1.1999999999999999e-05
2026-04-26 16:07:00,YZY,-0.0007530000000000001
2026-04-26 16:07:00,2Z,-8.2e-05
2026-04-26 16:07:00,ETHFI,1.1999999999999999e-05
2026-04-26 16:07:00,NEAR,1.1999999999999999e-05
2026-04-26 16:07:00,ZRO,1.1999999999999999e-05
2026-04-26 16:07:00,TON,-3.2e-05
2026-04-26 16:07:00,TRX,-4.7999999999999994e-05
2026-04-26 16:07:00,ICP,1.1999999999999999e-05
2026-04-26 16:07:00,SKR,1.1999999999999999e-05
2026-04-26 16:07:00,AVAX,1.1999999999999999e-05
2026-04-26 16:07:00,TIA,-2.3999999999999997e-05
2026-04-26 16:07:00,FIL,-2.7000000000000002e-05
2026-04-26 16:07:00,IP,1.1999999999999999e-05
2026-04-26 16:07:00,ASTER,-4.6e-05
2026-04-26 16:07:00,AAVE,1.1999999999999999e-05
2026-04-26 16:07:00,ZORA,1.1999999999999999e-05
2026-04-26 16:07:00,RESOLV,1.1999999999999999e-05
2026-04-26 16:07:00,AERO,7e-06
2026-04-26 16:07:00,SKY,1.1999999999999999e-05
2026-04-26 16:07:00,VVV,1.6e-05
2026-04-26 16:07:00,DYDX,1.1999999999999999e-05
2026-04-26 16:07:00,CRV,5.999999999999999e-06
2026-04-26 16:07:00,XPL,-1e-06
2026-04-26 16:07:00,SUI,-1e-06
2026-04-26 16:07:00,TAO,1.1999999999999999e-05
2026-04-26 16:07:00,TRUMP,-8.999999999999999e-05
2026-04-26 16:07:00,JUP,1e-06
2026-04-26 16:07:00,LIT,1.1999999999999999e-05
2026-04-26 16:07:00,MORPHO,-3.2e-05
2026-04-26 16:07:00,DASH,1.1999999999999999e-05
2026-04-26 16:07:00,XLM,1.1999999999999999e-05
2026-04-26 16:07:00,XRP,-4e-06
2026-04-26 16:07:00,ZK,-2.5e-05
2026-04-26 16:07:00,LINEA,0.0
2026-04-26 16:07:00,WIF,5.999999999999999e-06
2026-04-26 16:07:00,HYPE,1e-05
2026-04-26 16:07:00,STBL,1.1999999999999999e-05
2026-04-26 16:07:00,SOL,-4e-06
2026-04-26 16:07:00,MON,-1.3e-05
2026-04-26 16:07:00,BNB,-1.7e-05
2026-04-26 16:07:00,DOGE,1.1999999999999999e-05
2026-04-26 16:07:00,PENGU,-1.6e-05
2026-04-26 16:07:00,ZEC,-8e-06
2026-04-26 16:07:00,CC,1.1999999999999999e-05
2026-04-26 16:07:00,AZTEC,1.1999999999999999e-05
2026-04-26 16:07:00,GRASS,1.1999999999999999e-05
2026-04-26 16:07:00,APT,-1.1000000000000001e-05
2026-04-26 16:07:00,PYTH,1.1999999999999999e-05
2026-04-26 16:07:00,DOT,0.0
2026-04-26 16:07:00,ETH,5.999999999999999e-06
2026-04-26 16:07:00,BTC,-7e-06
2026-04-26 16:07:00,FARTCOIN,1.1999999999999999e-05
2026-04-26 16:07:00,GMX,1.1000000000000001e-05
2026-04-26 16:07:00,STRK,-2e-05
2026-04-26 16:07:00,ONDO,1.1999999999999999e-05
2026-04-26 16:07:00,MNT,1.1999999999999999e-05
2026-04-26 16:07:00,XMR,1.1999999999999999e-05
2026-04-26 16:07:00,LTC,1.1999999999999999e-05
2026-04-26 16:07:00,PUMP,1.1999999999999999e-05
2026-04-26 16:07:00,SPX,1.1999999999999999e-05
2026-04-26 16:07:00,S,9e-06
2026-04-26 16:07:00,PAXG,1.1999999999999999e-05
2026-04-26 16:07:00,ADA,1.1999999999999999e-05
2026-04-26 16:07:00,HBAR,2.9999999999999997e-06
2026-04-26 16:07:00,PENDLE,1.1999999999999999e-05
2026-04-26 17:07:00,LTC,1.1999999999999999e-05
2026-04-26 17:07:00,VIRTUAL,1.1999999999999999e-05
2026-04-26 17:07:00,ONDO,1.1999999999999999e-05
2026-04-26 17:07:00,JTO,-7e-06
2026-04-26 17:07:00,BCH,1.1999999999999999e-05
2026-04-26 17:07:00,PENGU,0.0
2026-04-26 17:07:00,AXS,7e-06
2026-04-26 17:07:00,STABLE,-0.000107
2026-04-26 17:07:00,DOT,1.1999999999999999e-05
2026-04-26 17:07:00,CRV,5.999999999999999e-06
2026-04-26 17:07:00,OP,1.1999999999999999e-05
2026-04-26 17:07:00,ZEC,1.1999999999999999e-05
2026-04-26 17:07:00,PENDLE,1.1999999999999999e-05
2026-04-26 17:07:00,ZORA,1.1999999999999999e-05
2026-04-26 17:07:00,XPL,1e-05
2026-04-26 17:07:00,ADA,1.1999999999999999e-05
2026-04-26 17:07:00,TON,1.1000000000000001e-05
2026-04-26 17:07:00,PYTH,1.1999999999999999e-05
2026-04-26 17:07:00,TRUMP,-4.2e-05
2026-04-26 17:07:00,ETHFI,1.1999999999999999e-05
2026-04-26 17:07:00,SKY,1.1999999999999999e-05
2026-04-26 17:07:00,LINEA,-1e-06
2026-04-26 17:07:00,BTC,7e-06
2026-04-26 17:07:00,AVNT,-8.800000000000001e-05
2026-04-26 17:07:00,NEAR,1.1999999999999999e-05
2026-04-26 17:07:00,POL,1.1999999999999999e-05
2026-04-26 17:07:00,2Z,-0.00010200000000000001
2026-04-26 17:07:00,YZY,-0.000546
2026-04-26 17:07:00,SOL,-5.999999999999999e-06
2026-04-26 17:07:00,BERA,-5.4999999999999995e-05
2026-04-26 17:07:00,AAVE,1.1999999999999999e-05
2026-04-26 17:07:00,ICP,1.1999999999999999e-05
2026-04-26 17:07:00,MEGA,1.1999999999999999e-05
2026-04-26 17:07:00,ETH,-5e-06
2026-04-26 17:07:00,SYRUP,1.1999999999999999e-05
2026-04-26 17:07:00,PAXG,1.1999999999999999e-05
2026-04-26 17:07:00,RESOLV,1.1999999999999999e-05
2026-04-26 17:07:00,VVV,1.6e-05
2026-04-26 17:07:00,SEI,1.1999999999999999e-05
2026-04-26 17:07:00,IP,-2.3999999999999997e-05
2026-04-26 17:07:00,DASH,1.1999999999999999e-05
2026-04-26 17:07:00,POPCAT,1.1999999999999999e-05
2026-04-26 17:07:00,AZTEC,1.1999999999999999e-05
2026-04-26 17:07:00,HBAR,-2e-06
2026-04-26 17:07:00,CC,1.1999999999999999e-05
2026-04-26 17:07:00,MON,-4.4000000000000006e-05
2026-04-26 17:07:00,CHIP,-0.00035000000000000005
2026-04-26 17:07:00,XMR,1.1999999999999999e-05
2026-04-26 17:07:00,ARB,1.1999999999999999e-05
2026-04-26 17:07:00,ZK,-7e-06
2026-04-26 17:07:00,UNI,1.1999999999999999e-05
2026-04-26 17:07:00,STBL,1.1999999999999999e-05
2026-04-26 17:07:00,MET,1.1999999999999999e-05
2026-04-26 17:07:00,0G,-1.9e-05
2026-04-26 17:07:00,XRP,-2e-06
2026-04-26 17:07:00,STRK,-3.4e-05
2026-04-26 17:07:00,ENA,4e-06
2026-04-26 17:07:00,WLFI,0.0
2026-04-26 17:07:00,GRASS,1.1999999999999999e-05
2026-04-26 17:07:00,HYPE,1.1999999999999999e-05
2026-04-26 17:07:00,TRX,-1.3e-05
2026-04-26 17:07:00,TIA,-1.8e-05
2026-04-26 17:07:00,SPX,1.1999999999999999e-05
2026-04-26 17:07:00,DOGE,1.1999999999999999e-05
2026-04-26 17:07:00,FOGO,1.1999999999999999e-05
2026-04-26 17:07:00,APT,1.1999999999999999e-05
2026-04-26 17:07:00,FIL,-5.999999999999999e-06
2026-04-26 17:07:00,MNT,1.1999999999999999e-05
2026-04-26 17:07:00,GMX,1.1999999999999999e-05
2026-04-26 17:07:00,TAO,1.1999999999999999e-05
2026-04-26 17:07:00,XLM,1.1999999999999999e-05
2026-04-26 17:07:00,KAITO,1.1999999999999999e-05
2026-04-26 17:07:00,SUI,1.1999999999999999e-05
2026-04-26 17:07:00,AERO,1.1999999999999999e-05
2026-04-26 17:07:00,PUMP,1.1999999999999999e-05
2026-04-26 17:07:00,LINK,1.1999999999999999e-05
2026-04-26 17:07:00,LDO,1.1999999999999999e-05
2026-04-26 17:07:00,ZRO,1.1999999999999999e-05
2026-04-26 17:07:00,LIT,1.1999999999999999e-05
2026-04-26 17:07:00,JUP,1e-05
2026-04-26 17:07:00,S,1.1999999999999999e-05
2026-04-26 17:07:00,ASTER,-9e-06
2026-04-26 17:07:00,SKR,1e-05
2026-04-26 17:07:00,WLD,-2.3e-05
2026-04-26 17:07:00,EIGEN,1.1999999999999999e-05
2026-04-26 17:07:00,WIF,1e-05
2026-04-26 17:07:00,AVAX,1.1999999999999999e-05
2026-04-26 17:07:00,APEX,1.1999999999999999e-05
2026-04-26 17:07:00,DYDX,1.1999999999999999e-05
2026-04-26 17:07:00,MORPHO,-5.1000000000000006e-05
2026-04-26 17:07:00,FARTCOIN,1.1999999999999999e-05
2026-04-26 17:07:00,PROVE,-5.4999999999999995e-05
2026-04-26 17:07:00,BNB,-1.3e-05
2026-04-26 18:07:00,ASTER,5.999999999999999e-06
2026-04-26 18:07:00,AVAX,1.1999999999999999e-05
2026-04-26 18:07:00,PENGU,-1.5e-05
2026-04-26 18:07:00,0G,-3.3e-05
2026-04-26 18:07:00,AERO,4e-06
2026-04-26 18:07:00,BCH,1.1999999999999999e-05
2026-04-26 18:07:00,ENA,1.1999999999999999e-05
2026-04-26 18:07:00,SKR,1e-06
2026-04-26 18:07:00,SKY,1.1999999999999999e-05
2026-04-26 18:07:00,STRK,-4.7000000000000004e-05
2026-04-26 18:07:00,APEX,1.1999999999999999e-05
2026-04-26 18:07:00,CRV,-3.1e-05
2026-04-26 18:07:00,SPX,1.1999999999999999e-05
2026-04-26 18:07:00,XRP,-2.8e-05
2026-04-26 18:07:00,WLD,-3.5000000000000004e-05
2026-04-26 18:07:00,ONDO,1.1999999999999999e-05
2026-04-26 18:07:00,AVNT,-0.000854
2026-04-26 18:07:00,TON,1.1999999999999999e-05
2026-04-26 18:07:00,GMX,-4.4000000000000006e-05
2026-04-26 18:07:00,UNI,1.1999999999999999e-05
2026-04-26 18:07:00,YZY,-0.001022
2026-04-26 18:07:00,MORPHO,-6.7e-05
2026-04-26 18:07:00,MET,2e-06
2026-04-26 18:07:00,BNB,-2.8e-05
2026-04-26 18:07:00,LDO,1.1999999999999999e-05
2026-04-26 18:07:00,GRASS,1.1999999999999999e-05
2026-04-26 18:07:00,ZRO,1.1999999999999999e-05
2026-04-26 18:07:00,ETH,-1.4e-05
2026-04-26 18:07:00,LINK,1.1999999999999999e-05
2026-04-26 18:07:00,KAITO,4e-06
2026-04-26 18:07:00,SYRUP,1.1999999999999999e-05
2026-04-26 18:07:00,SUI,0.0
2026-04-26 18:07:00,ZEC,1.1999999999999999e-05
2026-04-26 18:07:00,SOL,-1e-06
2026-04-26 18:07:00,LTC,1.1000000000000001e-05
2026-04-26 18:07:00,MEGA,1.1999999999999999e-05
2026-04-26 18:07:00,CC,1.1999999999999999e-05
2026-04-26 18:07:00,ZK,1.1999999999999999e-05
2026-04-26 18:07:00,XMR,1.1999999999999999e-05
2026-04-26 18:07:00,POPCAT,1.1999999999999999e-05
2026-04-26 18:07:00,AXS,1.1999999999999999e-05
2026-04-26 18:07:00,TIA,-5e-05
2026-04-26 18:07:00,ARB,1e-05
2026-04-26 18:07:00,DOT,0.0
2026-04-26 18:07:00,MNT,1.1999999999999999e-05
2026-04-26 18:07:00,XLM,1.1999999999999999e-05
2026-04-26 18:07:00,PAXG,1.1999999999999999e-05
2026-04-26 18:07:00,DASH,-6.9e-05
2026-04-26 18:07:00,S,-3e-05
2026-04-26 18:07:00,ETHFI,1.1999999999999999e-05
2026-04-26 18:07:00,TRUMP,-4e-05
2026-04-26 18:07:00,FIL,-2.6e-05
2026-04-26 18:07:00,FARTCOIN,1.1999999999999999e-05
2026-04-26 18:07:00,2Z,-8.7e-05
2026-04-26 18:07:00,PROVE,-8.6e-05
2026-04-26 18:07:00,EIGEN,1.1000000000000001e-05
2026-04-26 18:07:00,PENDLE,1.1999999999999999e-05
2026-04-26 18:07:00,ZORA,1.1999999999999999e-05
2026-04-26 18:07:00,DOGE,1.1999999999999999e-05
2026-04-26 18:07:00,STABLE,-0.000123
2026-04-26 18:07:00,APT,5e-06
2026-04-26 18:07:00,OP,0.0
2026-04-26 18:07:00,JUP,-4.7000000000000004e-05
2026-04-26 18:07:00,POL,7e-06
2026-04-26 18:07:00,XPL,1.1999999999999999e-05
2026-04-26 18:07:00,IP,-7.400000000000001e-05
2026-04-26 18:07:00,VVV,1.1999999999999999e-05
2026-04-26 18:07:00,SEI,1.1999999999999999e-05
2026-04-26 18:07:00,MON,-3.4e-05
2026-04-26 18:07:00,LIT,1.1999999999999999e-05
2026-04-26 18:07:00,TRX,-2.3e-05
2026-04-26 18:07:00,WLFI,0.0
2026-04-26 18:07:00,JTO,-3.4e-05
2026-04-26 18:07:00,CHIP,-0.000328
2026-04-26 18:07:00,AAVE,1.1999999999999999e-05
2026-04-26 18:07:00,ADA,-2e-06
2026-04-26 18:07:00,ICP,4e-06
2026-04-26 18:07:00,PYTH,1.1999999999999999e-05
2026-04-26 18:07:00,BTC,-1e-06
2026-04-26 18:07:00,RESOLV,-8.2e-05
2026-04-26 18:07:00,TAO,1.1999999999999999e-05
2026-04-26 18:07:00,FOGO,1.1999999999999999e-05
2026-04-26 18:07:00,AZTEC,1.1999999999999999e-05
2026-04-26 18:07:00,LINEA,-4e-06
2026-04-26 18:07:00,VIRTUAL,0.0
2026-04-26 18:07:00,STBL,1.1999999999999999e-05
2026-04-26 18:07:00,NEAR,1.1999999999999999e-05
2026-04-26 18:07:00,PUMP,1.1999999999999999e-05
2026-04-26 18:07:00,HBAR,1.1999999999999999e-05
2026-04-26 18:07:00,HYPE,5.999999999999999e-06
2026-04-26 18:07:00,DYDX,1.1999999999999999e-05
2026-04-26 18:07:00,WIF,-2.8999999999999997e-05
2026-04-26 18:07:00,BERA,-0.000136
2026-04-26 19:07:00,CC,1.1999999999999999e-05
2026-04-26 19:07:00,ICP,1.1999999999999999e-05
2026-04-26 19:07:00,TON,8e-06
2026-04-26 19:07:00,0G,-2.8e-05
2026-04-26 19:07:00,SEI,1.1999999999999999e-05
2026-04-26 19:07:00,IP,-6.1000000000000005e-05
2026-04-26 19:07:00,WLFI,-1e-06
2026-04-26 19:07:00,ZK,1.1999999999999999e-05
2026-04-26 19:07:00,PROVE,-7.5e-05
2026-04-26 19:07:00,JUP,-1.8e-05
2026-04-26 19:07:00,PUMP,1.1999999999999999e-05
2026-04-26 19:07:00,EIGEN,4e-06
2026-04-26 19:07:00,SPX,1.1999999999999999e-05
2026-04-26 19:07:00,CRV,5.999999999999999e-06
2026-04-26 19:07:00,BERA,-5.999999999999999e-06
2026-04-26 19:07:00,GMX,-6.2e-05
2026-04-26 19:07:00,XLM,1.1999999999999999e-05
2026-04-26 19:07:00,MET,1.1000000000000001e-05
2026-04-26 19:07:00,TIA,-4.2e-05
2026-04-26 19:07:00,DASH,1e-05
2026-04-26 19:07:00,TAO,1.1999999999999999e-05
2026-04-26 19:07:00,CHIP,-0.0005099999999999999
2026-04-26 19:07:00,OP,-4e-06
2026-04-26 19:07:00,LDO,2e-06
2026-04-26 19:07:00,LINEA,5.999999999999999e-06
2026-04-26 19:07:00,ADA,-4e-06
2026-04-26 19:07:00,ASTER,-5.7999999999999994e-05
2026-04-26 19:07:00,BTC,-1.3e-05
2026-04-26 19:07:00,AZTEC,1.1999999999999999e-05
2026-04-26 19:07:00,S,-7.6e-05
2026-04-26 19:07:00,XRP,-2.1e-05
2026-04-26 19:07:00,LINK,1.1999999999999999e-05
2026-04-26 19:07:00,FARTCOIN,1.1999999999999999e-05
2026-04-26 19:07:00,SOL,-1e-06
2026-04-26 19:07:00,BNB,-2.3e-05
2026-04-26 19:07:00,AXS,1.1999999999999999e-05
2026-04-26 19:07:00,POL,1.1999999999999999e-05
2026-04-26 19:07:00,ENA,1.1999999999999999e-05
2026-04-26 19:07:00,FOGO,1.1999999999999999e-05
2026-04-26 19:07:00,XPL,-3.4e-05
2026-04-26 19:07:00,POPCAT,1.1999999999999999e-05
2026-04-26 19:07:00,MEGA,1.1999999999999999e-05
2026-04-26 19:07:00,ZORA,1.1999999999999999e-05
2026-04-26 19:07:00,MNT,1.1999999999999999e-05
2026-04-26 19:07:00,HYPE,0.0
2026-04-26 19:07:00,AVAX,1.1999999999999999e-05
2026-04-26 19:07:00,BCH,1.1999999999999999e-05
2026-04-26 19:07:00,WLD,-2e-05
2026-04-26 19:07:00,NEAR,1.1999999999999999e-05
2026-04-26 19:07:00,JTO,-3.4e-05
2026-04-26 19:07:00,YZY,-0.000784
2026-04-26 19:07:00,AERO,-3.9e-05
2026-04-26 19:07:00,DOT,-5e-06
2026-04-26 19:07:00,GRASS,1.1999999999999999e-05
2026-04-26 19:07:00,STBL,1.1999999999999999e-05
2026-04-26 19:07:00,HBAR,1.1000000000000001e-05
2026-04-26 19:07:00,ONDO,1.1999999999999999e-05
2026-04-26 19:07:00,TRUMP,-1.3e-05
2026-04-26 19:07:00,TRX,-4.3e-05
2026-04-26 19:07:00,AAVE,1.1999999999999999e-05
2026-04-26 19:07:00,VVV,0.000186
2026-04-26 19:07:00,SKR,1.1999999999999999e-05
2026-04-26 19:07:00,FIL,-3.8e-05
2026-04-26 19:07:00,MON,-3.9e-05
2026-04-26 19:07:00,SUI,1.1000000000000001e-05
2026-04-26 19:07:00,ZRO,1.1999999999999999e-05
2026-04-26 19:07:00,SYRUP,1.1999999999999999e-05
2026-04-26 19:07:00,2Z,-0.000145
2026-04-26 19:07:00,STABLE,-0.00010899999999999999
2026-04-26 19:07:00,WIF,-1.4e-05
2026-04-26 19:07:00,VIRTUAL,1.1000000000000001e-05
2026-04-26 19:07:00,ETHFI,1.1999999999999999e-05
2026-04-26 19:07:00,MORPHO,2.9999999999999997e-06
2026-04-26 19:07:00,STRK,-4.4000000000000006e-05
2026-04-26 19:07:00,KAITO,-1.8e-05
2026-04-26 19:07:00,LTC,5.999999999999999e-06
2026-04-26 19:07:00,APEX,1.1999999999999999e-05
2026-04-26 19:07:00,PENGU,-2.5e-05
2026-04-26 19:07:00,XMR,1.1999999999999999e-05
2026-04-26 19:07:00,PAXG,1.1999999999999999e-05
2026-04-26 19:07:00,PENDLE,1.1999999999999999e-05
2026-04-26 19:07:00,RESOLV,-2.3e-05
2026-04-26 19:07:00,SKY,1.1999999999999999e-05
2026-04-26 19:07:00,PYTH,1.1999999999999999e-05
2026-04-26 19:07:00,DYDX,1.1999999999999999e-05
2026-04-26 19:07:00,AVNT,-0.000259
2026-04-26 19:07:00,ETH,-1.9e-05
2026-04-26 19:07:00,APT,-1.5e-05
2026-04-26 19:07:00,ARB,-5.999999999999999e-06
2026-04-26 19:07:00,UNI,1.1999999999999999e-05
2026-04-26 19:07:00,LIT,1.1999999999999999e-05
2026-04-26 19:07:00,DOGE,1.1999999999999999e-05
2026-04-26 19:07:00,ZEC,1.1999999999999999e-05
2026-04-26 20:07:01,APEX,1.1999999999999999e-05
2026-04-26 20:07:01,ZEC,7e-06
2026-04-26 20:07:01,POL,1.1999999999999999e-05
2026-04-26 20:07:01,PROVE,-0.000117
2026-04-26 20:07:01,XRP,-1.6e-05
2026-04-26 20:07:01,ZORA,1.1999999999999999e-05
2026-04-26 20:07:01,FOGO,1.1999999999999999e-05
2026-04-26 20:07:01,APT,-1.6e-05
2026-04-26 20:07:01,ONDO,1.1999999999999999e-05
2026-04-26 20:07:01,LDO,1.1999999999999999e-05
2026-04-26 20:07:01,AVNT,-6.3e-05
2026-04-26 20:07:01,SKY,1.1999999999999999e-05
2026-04-26 20:07:01,0G,4e-06
2026-04-26 20:07:01,STABLE,-6.4e-05
2026-04-26 20:07:01,SEI,1.1999999999999999e-05
2026-04-26 20:07:01,XPL,8e-06
2026-04-26 20:07:01,ETH,1.1000000000000001e-05
2026-04-26 20:07:01,STBL,1.1999999999999999e-05
2026-04-26 20:07:01,IP,-3.4e-05
2026-04-26 20:07:01,OP,5e-06
2026-04-26 20:07:01,ICP,1.1999999999999999e-05
2026-04-26 20:07:01,DOGE,1.1999999999999999e-05
2026-04-26 20:07:01,WIF,-3.1e-05
2026-04-26 20:07:01,SUI,1.1999999999999999e-05
2026-04-26 20:07:01,MORPHO,1e-05
2026-04-26 20:07:01,MON,-1e-06
2026-04-26 20:07:01,SPX,1.1999999999999999e-05
2026-04-26 20:07:01,PYTH,1.1999999999999999e-05
2026-04-26 20:07:01,NEAR,1.1999999999999999e-05
2026-04-26 20:07:01,DASH,1.1999999999999999e-05
2026-04-26 20:07:01,VIRTUAL,1.1999999999999999e-05
2026-04-26 20:07:01,KAITO,-2.6e-05
2026-04-26 20:07:01,GMX,-4e-05
2026-04-26 20:07:01,PUMP,1.1999999999999999e-05
2026-04-26 20:07:01,LINEA,7e-06
2026-04-26 20:07:01,FARTCOIN,1.1999999999999999e-05
2026-04-26 20:07:01,JUP,-3.4e-05
2026-04-26 20:07:01,GRASS,1.1999999999999999e-05
2026-04-26 20:07:01,AZTEC,1.1999999999999999e-05
2026-04-26 20:07:01,BERA,-7e-06
2026-04-26 20:07:01,DYDX,1.1999999999999999e-05
2026-04-26 20:07:01,SOL,8e-06
2026-04-26 20:07:01,HBAR,1.1999999999999999e-05
2026-04-26 20:07:01,2Z,-4e-05
2026-04-26 20:07:01,BCH,1.1999999999999999e-05
2026-04-26 20:07:01,VVV,9.599999999999999e-05
2026-04-26 20:07:01,LTC,1.1999999999999999e-05
2026-04-26 20:07:01,EIGEN,0.0
2026-04-26 20:07:01,LIT,1.1999999999999999e-05
2026-04-26 20:07:01,XLM,1.1999999999999999e-05
2026-04-26 20:07:01,MNT,1.1999999999999999e-05
2026-04-26 20:07:01,YZY,-0.000724
2026-04-26 20:07:01,TON,2.9999999999999997e-06
2026-04-26 20:07:01,PENDLE,1.1999999999999999e-05
2026-04-26 20:07:01,ENA,9e-06
2026-04-26 20:07:01,MEGA,1.1999999999999999e-05
2026-04-26 20:07:01,CHIP,-0.000105
2026-04-26 20:07:01,JTO,-2.2000000000000003e-05
2026-04-26 20:07:01,HYPE,5.999999999999999e-06
2026-04-26 20:07:01,BTC,9e-06
2026-04-26 20:07:01,MET,5e-06
2026-04-26 20:07:01,SKR,1.1999999999999999e-05
2026-04-26 20:07:01,ARB,0.0
2026-04-26 20:07:01,UNI,1.1999999999999999e-05
2026-04-26 20:07:01,AVAX,1.1999999999999999e-05
2026-04-26 20:07:01,ASTER,-6.6e-05
2026-04-26 20:07:01,BNB,-8e-06
2026-04-26 20:07:01,ZK,1e-06
2026-04-26 20:07:01,PENGU,1.1999999999999999e-05
2026-04-26 20:07:01,TRX,-3.3e-05
2026-04-26 20:07:01,LINK,1.1999999999999999e-05
2026-04-26 20:07:01,AAVE,1.1999999999999999e-05
2026-04-26 20:07:01,TAO,1.1999999999999999e-05
2026-04-26 20:07:01,PAXG,1.1999999999999999e-05
2026-04-26 20:07:01,DOT,1e-05
2026-04-26 20:07:01,AERO,1e-05
2026-04-26 20:07:01,ETHFI,1.1999999999999999e-05
2026-04-26 20:07:01,FIL,-7e-06
2026-04-26 20:07:01,TIA,-2.7000000000000002e-05
2026-04-26 20:07:01,WLFI,-1.6e-05
2026-04-26 20:07:01,XMR,1.1999999999999999e-05
2026-04-26 20:07:01,CC,1.1000000000000001e-05
2026-04-26 20:07:01,WLD,-1.5e-05
2026-04-26 20:07:01,S,5.999999999999999e-06
2026-04-26 20:07:01,AXS,1.1999999999999999e-05
2026-04-26 20:07:01,ADA,1e-06
2026-04-26 20:07:01,STRK,-2.6e-05
2026-04-26 20:07:01,TRUMP,-4.2e-05
2026-04-26 20:07:01,RESOLV,-8.2e-05
2026-04-26 20:07:01,SYRUP,1.1999999999999999e-05
2026-04-26 20:07:01,CRV,-1.4e-05
2026-04-26 20:07:01,ZRO,1.1999999999999999e-05
2026-04-26 20:07:01,POPCAT,1.1999999999999999e-05
2026-04-26 21:07:00,EIGEN,-2.7000000000000002e-05
2026-04-26 21:07:00,LTC,5.999999999999999e-06
2026-04-26 21:07:00,AAVE,1.1999999999999999e-05
2026-04-26 21:07:00,PENDLE,1.1999999999999999e-05
2026-04-26 21:07:00,ARB,-1.6e-05
2026-04-26 21:07:00,PUMP,1.1000000000000001e-05
2026-04-26 21:07:00,LINEA,-1.9e-05
2026-04-26 21:07:00,LIT,1.1999999999999999e-05
2026-04-26 21:07:00,DYDX,1.1999999999999999e-05
2026-04-26 21:07:00,XRP,-3.5000000000000004e-05
2026-04-26 21:07:00,MON,1e-06
2026-04-26 21:07:00,GMX,-5.7e-05
2026-04-26 21:07:00,APT,-2.3999999999999997e-05
2026-04-26 21:07:00,RESOLV,-3.7000000000000005e-05
2026-04-26 21:07:00,PROVE,-4e-05
2026-04-26 21:07:00,SEI,1.1999999999999999e-05
2026-04-26 21:07:00,ETH,7e-06
2026-04-26 21:07:00,TAO,4e-06
2026-04-26 21:07:00,CRV,1.1000000000000001e-05
2026-04-26 21:07:00,AZTEC,1.1999999999999999e-05
2026-04-26 21:07:00,MORPHO,1.1000000000000001e-05
2026-04-26 21:07:00,FARTCOIN,1.1999999999999999e-05
2026-04-26 21:07:00,LINK,1.1999999999999999e-05
2026-04-26 21:07:00,ENA,-1.1999999999999999e-05
2026-04-26 21:07:00,ETHFI,1.1999999999999999e-05
2026-04-26 21:07:00,SUI,1.1999999999999999e-05
2026-04-26 21:07:00,BCH,1.1999999999999999e-05
2026-04-26 21:07:00,PAXG,1.1999999999999999e-05
2026-04-26 21:07:00,BTC,7e-06
2026-04-26 21:07:00,ZEC,1.1999999999999999e-05
2026-04-26 21:07:00,STABLE,-0.00015
2026-04-26 21:07:00,SKY,1.1999999999999999e-05
2026-04-26 21:07:00,ZORA,1.1999999999999999e-05
2026-04-26 21:07:00,SPX,1.1999999999999999e-05
2026-04-26 21:07:00,BNB,-1.9e-05
2026-04-26 21:07:00,SYRUP,1.1999999999999999e-05
2026-04-26 21:07:00,POL,1.1999999999999999e-05
2026-04-26 21:07:00,MEGA,1.1999999999999999e-05
2026-04-26 21:07:00,MNT,1.1999999999999999e-05
2026-04-26 21:07:00,BERA,-5.2e-05
2026-04-26 21:07:00,AERO,1.1999999999999999e-05
2026-04-26 21:07:00,ADA,-2.8e-05
2026-04-26 21:07:00,AVAX,1.1999999999999999e-05
2026-04-26 21:07:00,PYTH,1.1999999999999999e-05
2026-04-26 21:07:00,STRK,-4.1e-05
2026-04-26 21:07:00,TIA,-3.9e-05
2026-04-26 21:07:00,XLM,1.1999999999999999e-05
2026-04-26 21:07:00,JTO,-1e-06
2026-04-26 21:07:00,PENGU,1.1999999999999999e-05
2026-04-26 21:07:00,HBAR,-5e-06
2026-04-26 21:07:00,0G,-2.5e-05
2026-04-26 21:07:00,TON,1.1999999999999999e-05
2026-04-26 21:07:00,YZY,-0.001007
2026-04-26 21:07:00,ICP,-1e-06
2026-04-26 21:07:00,NEAR,1.1999999999999999e-05
2026-04-26 21:07:00,ONDO,1.1999999999999999e-05
2026-04-26 21:07:00,JUP,-4.2e-05
2026-04-26 21:07:00,SKR,1.1999999999999999e-05
2026-04-26 21:07:00,APEX,1.1999999999999999e-05
2026-04-26 21:07:00,ASTER,-3.8e-05
2026-04-26 21:07:00,CC,1.1999999999999999e-05
2026-04-26 21:07:00,FIL,-2.8999999999999997e-05
2026-04-26 21:07:00,MET,2.9999999999999997e-06
2026-04-26 21:07:00,DOGE,1.1999999999999999e-05
2026-04-26 21:07:00,POPCAT,1.1999999999999999e-05
2026-04-26 21:07:00,DOT,0.0
2026-04-26 21:07:00,WIF,-5.2e-05
2026-04-26 21:07:00,2Z,-5.9e-05
2026-04-26 21:07:00,GRASS,1.1999999999999999e-05
2026-04-26 21:07:00,TRX,-3.6e-05
2026-04-26 21:07:00,WLD,-5.6e-05
2026-04-26 21:07:00,ZK,-4e-06
2026-04-26 21:07:00,WLFI,-3.7000000000000005e-05
2026-04-26 21:07:00,VIRTUAL,1.1999999999999999e-05
2026-04-26 21:07:00,LDO,1.1999999999999999e-05
2026-04-26 21:07:00,TRUMP,-1.6e-05
2026-04-26 21:07:00,SOL,1.1999999999999999e-05
2026-04-26 21:07:00,KAITO,-3.4e-05
2026-04-26 21:07:00,DASH,5.999999999999999e-06
2026-04-26 21:07:00,STBL,1.1999999999999999e-05
2026-04-26 21:07:00,IP,1e-05
2026-04-26 21:07:00,FOGO,1.1999999999999999e-05
2026-04-26 21:07:00,UNI,1.1999999999999999e-05
2026-04-26 21:07:00,S,-1e-05
2026-04-26 21:07:00,OP,-1.7e-05
2026-04-26 21:07:00,XPL,-2.1e-05
2026-04-26 21:07:00,VVV,1.7e-05
2026-04-26 21:07:00,AVNT,-0.000124
2026-04-26 21:07:00,AXS,1.1999999999999999e-05
2026-04-26 21:07:00,ZRO,1.1999999999999999e-05
2026-04-26 21:07:00,XMR,1.1999999999999999e-05
2026-04-26 21:07:00,CHIP,-0.000111
2026-04-26 21:07:00,HYPE,-3.1e-05
2026-04-26 22:07:00,XPL,-2.6e-05
2026-04-26 22:07:00,2Z,-8e-05
2026-04-26 22:07:00,BTC,1.1000000000000001e-05
2026-04-26 22:07:00,AVAX,1.1999999999999999e-05
2026-04-26 22:07:00,SPX,1.1999999999999999e-05
2026-04-26 22:07:00,DOGE,1.1999999999999999e-05
2026-04-26 22:07:00,LTC,1.1999999999999999e-05
2026-04-26 22:07:00,SYRUP,1.1999999999999999e-05
2026-04-26 22:07:00,WLFI,5e-06
2026-04-26 22:07:00,WLD,-4e-05
2026-04-26 22:07:00,ZORA,1.1999999999999999e-05
2026-04-26 22:07:00,POL,1.1999999999999999e-05
2026-04-26 22:07:00,VIRTUAL,-1e-06
2026-04-26 22:07:00,FARTCOIN,1.1999999999999999e-05
2026-04-26 22:07:00,FOGO,1.1999999999999999e-05
2026-04-26 22:07:00,ZEC,1.1000000000000001e-05
2026-04-26 22:07:00,MON,1.1999999999999999e-05
2026-04-26 22:07:00,ICP,1.1999999999999999e-05
2026-04-26 22:07:00,AAVE,1.1999999999999999e-05
2026-04-26 22:07:00,TRUMP,-4.4000000000000006e-05
2026-04-26 22:07:00,IP,-5.4999999999999995e-05
2026-04-26 22:07:00,MORPHO,1.1999999999999999e-05
2026-04-26 22:07:00,CRV,1.1999999999999999e-05
2026-04-26 22:07:00,AERO,1.1999999999999999e-05
2026-04-26 22:07:00,SEI,1.1999999999999999e-05
2026-04-26 22:07:00,ARB,-2e-05
2026-04-26 22:07:00,GRASS,1.1999999999999999e-05
2026-04-26 22:07:00,TAO,1.1999999999999999e-05
2026-04-26 22:07:00,DOT,2e-06
2026-04-26 22:07:00,ZK,-2e-05
2026-04-26 22:07:00,DYDX,1.1999999999999999e-05
2026-04-26 22:07:00,LIT,1.1999999999999999e-05
2026-04-26 22:07:00,JTO,-3.5000000000000004e-05
2026-04-26 22:07:00,SOL,1.1999999999999999e-05
2026-04-26 22:07:00,POPCAT,1.1999999999999999e-05
2026-04-26 22:07:00,VVV,5.9e-05
2026-04-26 22:07:00,ADA,-1.1999999999999999e-05
2026-04-26 22:07:00,FIL,-5.999999999999999e-06
2026-04-26 22:07:00,STBL,1.1999999999999999e-05
2026-04-26 22:07:00,AXS,-5.1000000000000006e-05
2026-04-26 22:07:00,LINEA,7e-06
2026-04-26 22:07:00,WIF,-1.1999999999999999e-05
2026-04-26 22:07:00,TIA,-4.1e-05
2026-04-26 22:07:00,OP,1.1000000000000001e-05
2026-04-26 22:07:00,APT,9e-06
2026-04-26 22:07:00,0G,7e-06
2026-04-26 22:07:00,PAXG,-4e-06
2026-04-26 22:07:00,S,7e-06
2026-04-26 22:07:00,XRP,9e-06
2026-04-26 22:07:00,TON,1.1999999999999999e-05
2026-04-26 22:07:00,NEAR,1.1999999999999999e-05
2026-04-26 22:07:00,PROVE,-6.4e-05
2026-04-26 22:07:00,AVNT,-0.000402
2026-04-26 22:07:00,ETHFI,1.1999999999999999e-05
2026-04-26 22:07:00,ETH,9e-06
2026-04-26 22:07:00,BERA,-0.000118
2026-04-26 22:07:00,SKR,5e-06
2026-04-26 22:07:00,PUMP,1.1000000000000001e-05
2026-04-26 22:07:00,UNI,1.1999999999999999e-05
2026-04-26 22:07:00,XLM,1.1999999999999999e-05
2026-04-26 22:07:00,HYPE,-1e-05
2026-04-26 22:07:00,BCH,1.1999999999999999e-05
2026-04-26 22:07:00,DASH,-2.7000000000000002e-05
2026-04-26 22:07:00,STABLE,-0.00016
2026-04-26 22:07:00,MEGA,1.1999999999999999e-05
2026-04-26 22:07:00,RESOLV,-3e-05
2026-04-26 22:07:00,HBAR,-2.1e-05
2026-04-26 22:07:00,GMX,-7.2e-05
2026-04-26 22:07:00,ONDO,1.1999999999999999e-05
2026-04-26 22:07:00,EIGEN,-2.9999999999999997e-06
2026-04-26 22:07:00,CHIP,-2.8e-05
2026-04-26 22:07:00,ENA,9e-06
2026-04-26 22:07:00,STRK,-5e-05
2026-04-26 22:07:00,TRX,-4.4999999999999996e-05
2026-04-26 22:07:00,KAITO,-2.7000000000000002e-05
2026-04-26 22:07:00,ZRO,1.1999999999999999e-05
2026-04-26 22:07:00,SKY,1.1999999999999999e-05
2026-04-26 22:07:00,MNT,1.1999999999999999e-05
2026-04-26 22:07:00,LINK,1.1999999999999999e-05
2026-04-26 22:07:00,MET,-1.1000000000000001e-05
2026-04-26 22:07:00,PENDLE,1.1999999999999999e-05
2026-04-26 22:07:00,APEX,1.1999999999999999e-05
2026-04-26 22:07:00,SUI,1.1999999999999999e-05
2026-04-26 22:07:00,JUP,-4.1e-05
2026-04-26 22:07:00,YZY,-0.000891
2026-04-26 22:07:00,ASTER,7e-06
2026-04-26 22:07:00,XMR,2.3999999999999997e-05
2026-04-26 22:07:00,BNB,-4e-06
2026-04-26 22:07:00,PYTH,1.1999999999999999e-05
2026-04-26 22:07:00,AZTEC,1.1999999999999999e-05
2026-04-26 22:07:00,LDO,1.1999999999999999e-05
2026-04-26 22:07:00,PENGU,1.1999999999999999e-05
2026-04-26 22:07:00,CC,1.1999999999999999e-05
2026-04-26 23:07:01,ETH,1.1000000000000001e-05
2026-04-26 23:07:01,SYRUP,1.1999999999999999e-05
2026-04-26 23:07:01,ICP,1.1999999999999999e-05
2026-04-26 23:07:01,XPL,2e-06
2026-04-26 23:07:01,JUP,-7.900000000000001e-05
2026-04-26 23:07:01,UNI,1.1999999999999999e-05
2026-04-26 23:07:01,SKR,-7.7e-05
2026-04-26 23:07:01,TIA,-4.4000000000000006e-05
2026-04-26 23:07:01,PYTH,1.1999999999999999e-05
2026-04-26 23:07:01,STABLE,-4.7999999999999994e-05
2026-04-26 23:07:01,LINEA,1.1999999999999999e-05
2026-04-26 23:07:01,FOGO,-3.3e-05
2026-04-26 23:07:01,WLFI,-2.5e-05
2026-04-26 23:07:01,MEGA,1.1999999999999999e-05
2026-04-26 23:07:01,SUI,-2e-06
2026-04-26 23:07:01,SOL,1.1999999999999999e-05
2026-04-26 23:07:01,APEX,1.1999999999999999e-05
2026-04-26 23:07:01,TRUMP,-6.4e-05
2026-04-26 23:07:01,0G,-9.599999999999999e-05
2026-04-26 23:07:01,HBAR,7e-06
2026-04-26 23:07:01,CHIP,-0.000119
2026-04-26 23:07:01,WLD,-6.1000000000000005e-05
2026-04-26 23:07:01,AAVE,1.1999999999999999e-05
2026-04-26 23:07:01,PUMP,1.1000000000000001e-05
2026-04-26 23:07:01,JTO,-6.1000000000000005e-05
2026-04-26 23:07:01,TON,-1.1999999999999999e-05
2026-04-26 23:07:01,DASH,1.1999999999999999e-05
2026-04-26 23:07:01,DYDX,1.1999999999999999e-05
2026-04-26 23:07:01,SKY,1.1999999999999999e-05
2026-04-26 23:07:01,NEAR,1.1999999999999999e-05
2026-04-26 23:07:01,BCH,1.1999999999999999e-05
2026-04-26 23:07:01,STRK,-1.8e-05
2026-04-26 23:07:01,BNB,-1.1000000000000001e-05
2026-04-26 23:07:01,TAO,0.0
2026-04-26 23:07:01,BTC,5e-06
2026-04-26 23:07:01,BERA,-0.00010899999999999999
2026-04-26 23:07:01,POPCAT,1.1999999999999999e-05
2026-04-26 23:07:01,XRP,5.999999999999999e-06
2026-04-26 23:07:01,ZEC,1.1000000000000001e-05
2026-04-26 23:07:01,HYPE,1e-05
2026-04-26 23:07:01,LIT,1.1999999999999999e-05
2026-04-26 23:07:01,AZTEC,1.1999999999999999e-05
2026-04-26 23:07:01,LTC,1e-06
2026-04-26 23:07:01,CRV,1e-05
2026-04-26 23:07:01,DOGE,1.1999999999999999e-05
2026-04-26 23:07:01,2Z,-8.6e-05
2026-04-26 23:07:01,ADA,-3.6e-05
2026-04-26 23:07:01,POL,1.1999999999999999e-05
2026-04-26 23:07:01,PENDLE,1.1999999999999999e-05
2026-04-26 23:07:01,EIGEN,7e-06
2026-04-26 23:07:01,VVV,1.1999999999999999e-05
2026-04-26 23:07:01,APT,1.1999999999999999e-05
2026-04-26 23:07:01,ASTER,-1.1999999999999999e-05
2026-04-26 23:07:01,RESOLV,-4.2e-05
2026-04-26 23:07:01,KAITO,-2.3e-05
2026-04-26 23:07:01,AVAX,1.1999999999999999e-05
2026-04-26 23:07:01,MNT,1.1999999999999999e-05
2026-04-26 23:07:01,GMX,-8.3e-05
2026-04-26 23:07:01,VIRTUAL,-1.5e-05
2026-04-26 23:07:01,MON,1.1999999999999999e-05
2026-04-26 23:07:01,PAXG,-1.1999999999999999e-05
2026-04-26 23:07:01,ZORA,1.1999999999999999e-05
2026-04-26 23:07:01,CC,1.1999999999999999e-05
2026-04-26 23:07:01,AVNT,-0.000342
2026-04-26 23:07:01,LINK,1.1999999999999999e-05
2026-04-26 23:07:01,STBL,1.1999999999999999e-05
2026-04-26 23:07:01,ARB,-2.6e-05
2026-04-26 23:07:01,OP,0.0
2026-04-26 23:07:01,PROVE,-9.3e-05
2026-04-26 23:07:01,ZRO,1.1999999999999999e-05
2026-04-26 23:07:01,AXS,-2.8e-05
2026-04-26 23:07:01,GRASS,1.1999999999999999e-05
2026-04-26 23:07:01,FARTCOIN,1.1999999999999999e-05
2026-04-26 23:07:01,XLM,1.1999999999999999e-05
2026-04-26 23:07:01,WIF,-4.1e-05
2026-04-26 23:07:01,IP,-4.7999999999999994e-05
2026-04-26 23:07:01,ONDO,1.1999999999999999e-05
2026-04-26 23:07:01,FIL,-1e-05
2026-04-26 23:07:01,S,-5.7e-05
2026-04-26 23:07:01,LDO,1e-05
2026-04-26 23:07:01,ETHFI,1.1999999999999999e-05
2026-04-26 23:07:01,YZY,-0.0012540000000000001
2026-04-26 23:07:01,ZK,-1.8e-05
2026-04-26 23:07:01,AERO,1.1999999999999999e-05
2026-04-26 23:07:01,TRX,-4e-05
2026-04-26 23:07:01,SEI,1.1999999999999999e-05
2026-04-26 23:07:01,MET,1.1000000000000001e-05
2026-04-26 23:07:01,XMR,1.1999999999999999e-05
2026-04-26 23:07:01,PENGU,1.1999999999999999e-05
2026-04-26 23:07:01,MORPHO,-3.9e-05
2026-04-26 23:07:01,DOT,-1e-05
2026-04-26 23:07:01,ENA,0.0
2026-04-26 23:07:01,SPX,-2e-06
2026-04-27 00:07:00,LINEA,1.1999999999999999e-05
2026-04-27 00:07:00,TAO,0.0
2026-04-27 00:07:00,ZORA,1.1999999999999999e-05
2026-04-27 00:07:00,STBL,1.1999999999999999e-05
2026-04-27 00:07:00,MNT,1.1999999999999999e-05
2026-04-27 00:07:00,SEI,1.1999999999999999e-05
2026-04-27 00:07:00,ENA,1.1999999999999999e-05
2026-04-27 00:07:00,EIGEN,1.1999999999999999e-05
2026-04-27 00:07:00,AXS,-5.4000000000000005e-05
2026-04-27 00:07:00,FOGO,-1.4e-05
2026-04-27 00:07:00,XPL,7e-06
2026-04-27 00:07:00,AVAX,1.1999999999999999e-05
2026-04-27 00:07:00,XRP,1.1999999999999999e-05
2026-04-27 00:07:00,ZEC,1.1999999999999999e-05
2026-04-27 00:07:00,TRX,-7.400000000000001e-05
2026-04-27 00:07:00,POPCAT,1.1999999999999999e-05
2026-04-27 00:07:00,APEX,1.1999999999999999e-05
2026-04-27 00:07:00,PENDLE,1.1999999999999999e-05
2026-04-27 00:07:00,PENGU,1.1999999999999999e-05
2026-04-27 00:07:00,TON,7e-06
2026-04-27 00:07:00,PROVE,-9.2e-05
2026-04-27 00:07:00,0G,-0.0005920000000000001
2026-04-27 00:07:00,DASH,1.1999999999999999e-05
2026-04-27 00:07:00,OP,-9e-06
2026-04-27 00:07:00,BERA,-0.000124
2026-04-27 00:07:00,AAVE,1.1999999999999999e-05
2026-04-27 00:07:00,POL,1.1999999999999999e-05
2026-04-27 00:07:00,TIA,-2.2000000000000003e-05
2026-04-27 00:07:00,SUI,-7e-06
2026-04-27 00:07:00,SOL,1.1999999999999999e-05
2026-04-27 00:07:00,BTC,1.1000000000000001e-05
2026-04-27 00:07:00,2Z,-6.1000000000000005e-05
2026-04-27 00:07:00,MEGA,1.1999999999999999e-05
2026-04-27 00:07:00,HYPE,1.1999999999999999e-05
2026-04-27 00:07:00,AVNT,-0.000678
2026-04-27 00:07:00,SYRUP,1.1999999999999999e-05
2026-04-27 00:07:00,CHIP,-5.9e-05
2026-04-27 00:07:00,LIT,1.1999999999999999e-05
2026-04-27 00:07:00,GMX,-2.2000000000000003e-05
2026-04-27 00:07:00,KAITO,-3.8e-05
2026-04-27 00:07:00,ARB,-4e-06
2026-04-27 00:07:00,LDO,1.1000000000000001e-05
2026-04-27 00:07:00,PYTH,1.1999999999999999e-05
2026-04-27 00:07:00,DOGE,1e-05
2026-04-27 00:07:00,MET,1.1999999999999999e-05
2026-04-27 00:07:00,FIL,-8e-06
2026-04-27 00:07:00,STABLE,-5.7e-05
2026-04-27 00:07:00,VVV,6e-05
2026-04-27 00:07:00,DOT,-2.9999999999999997e-06
2026-04-27 00:07:00,JTO,-4.7999999999999994e-05
2026-04-27 00:07:00,XLM,1.1999999999999999e-05
2026-04-27 00:07:00,WIF,-7.8e-05
2026-04-27 00:07:00,LINK,1.1999999999999999e-05
2026-04-27 00:07:00,SKR,1e-05
2026-04-27 00:07:00,XMR,1.1999999999999999e-05
2026-04-27 00:07:00,CRV,1.1999999999999999e-05
2026-04-27 00:07:00,ADA,-7e-06
2026-04-27 00:07:00,MON,1.1999999999999999e-05
2026-04-27 00:07:00,ZRO,1.1999999999999999e-05
2026-04-27 00:07:00,ONDO,1.1999999999999999e-05
2026-04-27 00:07:00,MORPHO,7e-06
2026-04-27 00:07:00,ICP,1.1999999999999999e-05
2026-04-27 00:07:00,DYDX,1.1999999999999999e-05
2026-04-27 00:07:00,WLFI,-3.8e-05
2026-04-27 00:07:00,ETHFI,1.1999999999999999e-05
2026-04-27 00:07:00,STRK,-5e-06
2026-04-27 00:07:00,TRUMP,-1.9e-05
2026-04-27 00:07:00,YZY,-0.0010639999999999998
2026-04-27 00:07:00,IP,-3.4e-05
2026-04-27 00:07:00,APT,1.1999999999999999e-05
2026-04-27 00:07:00,VIRTUAL,1.1000000000000001e-05
2026-04-27 00:07:00,JUP,-5.3e-05
2026-04-27 00:07:00,UNI,1.1999999999999999e-05
2026-04-27 00:07:00,PAXG,-2.2000000000000003e-05
2026-04-27 00:07:00,GRASS,1.1999999999999999e-05
2026-04-27 00:07:00,NEAR,1.1999999999999999e-05
2026-04-27 00:07:00,SPX,1.1999999999999999e-05
2026-04-27 00:07:00,AERO,1.1999999999999999e-05
2026-04-27 00:07:00,BCH,1.1999999999999999e-05
2026-04-27 00:07:00,S,-1.4e-05
2026-04-27 00:07:00,RESOLV,7e-06
2026-04-27 00:07:00,HBAR,9e-06
2026-04-27 00:07:00,ASTER,-2.9999999999999997e-06
2026-04-27 00:07:00,AZTEC,1.1999999999999999e-05
2026-04-27 00:07:00,LTC,1.1999999999999999e-05
2026-04-27 00:07:00,BNB,2e-06
2026-04-27 00:07:00,ETH,1.1000000000000001e-05
2026-04-27 00:07:00,CC,1.1999999999999999e-05
2026-04-27 00:07:00,WLD,-6.5e-05
2026-04-27 00:07:00,PUMP,1.1999999999999999e-05
2026-04-27 00:07:00,FARTCOIN,1.1999999999999999e-05
2026-04-27 00:07:00,ZK,-2.8999999999999997e-05
2026-04-27 00:07:00,SKY,1.1999999999999999e-05
2026-04-27 01:07:00,JTO,1e-05
2026-04-27 01:07:00,WLD,-2.2000000000000003e-05
2026-04-27 01:07:00,SKR,1.1999999999999999e-05
2026-04-27 01:07:00,PUMP,1.1999999999999999e-05
2026-04-27 01:07:00,AAVE,1.1999999999999999e-05
2026-04-27 01:07:00,SEI,1.1999999999999999e-05
2026-04-27 01:07:00,PAXG,-2e-06
2026-04-27 01:07:00,VVV,8.9e-05
2026-04-27 01:07:00,TRUMP,1.1000000000000001e-05
2026-04-27 01:07:00,DOT,4e-06
2026-04-27 01:07:00,YZY,-0.000581
2026-04-27 01:07:00,SUI,1.1999999999999999e-05
2026-04-27 01:07:00,LINEA,1.1999999999999999e-05
2026-04-27 01:07:00,FIL,9e-06
2026-04-27 01:07:00,LTC,1.1000000000000001e-05
2026-04-27 01:07:00,AZTEC,1.1999999999999999e-05
2026-04-27 01:07:00,APT,1.1999999999999999e-05
2026-04-27 01:07:00,MON,1.1999999999999999e-05
2026-04-27 01:07:00,CRV,1.1999999999999999e-05
2026-04-27 01:07:00,ETHFI,1.1999999999999999e-05
2026-04-27 01:07:00,DOGE,1.1000000000000001e-05
2026-04-27 01:07:00,PENDLE,1.1999999999999999e-05
2026-04-27 01:07:00,POL,1.1999999999999999e-05
2026-04-27 01:07:00,ASTER,8e-06
2026-04-27 01:07:00,XRP,1.1999999999999999e-05
2026-04-27 01:07:00,IP,-5.6e-05
2026-04-27 01:07:00,TIA,-1.3e-05
2026-04-27 01:07:00,CC,1.1999999999999999e-05
2026-04-27 01:07:00,NEAR,1.1999999999999999e-05
2026-04-27 01:07:00,MNT,1.1999999999999999e-05
2026-04-27 01:07:00,PENGU,1.1999999999999999e-05
2026-04-27 01:07:00,FARTCOIN,1.1999999999999999e-05
2026-04-27 01:07:00,AVAX,1.1999999999999999e-05
2026-04-27 01:07:00,UNI,1.1999999999999999e-05
2026-04-27 01:07:00,APEX,1.1999999999999999e-05
2026-04-27 01:07:00,LINK,1.1999999999999999e-05
2026-04-27 01:07:00,BNB,1e-05
2026-04-27 01:07:00,STABLE,-8.800000000000001e-05
2026-04-27 01:07:00,AXS,7e-06
2026-04-27 01:07:00,BTC,1.1999999999999999e-05
2026-04-27 01:07:00,SYRUP,1.1999999999999999e-05
2026-04-27 01:07:00,ADA,1.1999999999999999e-05
2026-04-27 01:07:00,STRK,-2.9999999999999997e-06
2026-04-27 01:07:00,GRASS,1.1999999999999999e-05
2026-04-27 01:07:00,AERO,1.1999999999999999e-05
2026-04-27 01:07:00,WLFI,-1.3e-05
2026-04-27 01:07:00,TRX,-2.6e-05
2026-04-27 01:07:00,XPL,1.1999999999999999e-05
2026-04-27 01:07:00,ZK,-2.5e-05
2026-04-27 01:07:00,LIT,1.1999999999999999e-05
2026-04-27 01:07:00,XLM,1.1999999999999999e-05
2026-04-27 01:07:00,TON,-4e-05
2026-04-27 01:07:00,TAO,1.1000000000000001e-05
2026-04-27 01:07:00,JUP,-1.1999999999999999e-05
2026-04-27 01:07:00,ZRO,1.1999999999999999e-05
2026-04-27 01:07:00,VIRTUAL,1.1999999999999999e-05
2026-04-27 01:07:00,MEGA,1.1999999999999999e-05
2026-04-27 01:07:00,ENA,1.1999999999999999e-05
2026-04-27 01:07:00,GMX,1e-05
2026-04-27 01:07:00,STBL,1.1999999999999999e-05
2026-04-27 01:07:00,KAITO,-5.999999999999999e-06
2026-04-27 01:07:00,FOGO,1.1999999999999999e-05
2026-04-27 01:07:00,BERA,-2.3e-05
2026-04-27 01:07:00,AVNT,-0.000123
2026-04-27 01:07:00,ONDO,1.1999999999999999e-05
2026-04-27 01:07:00,S,1e-05
2026-04-27 01:07:00,WIF,-6e-05
2026-04-27 01:07:00,HBAR,0.0
2026-04-27 01:07:00,PYTH,1.1999999999999999e-05
2026-04-27 01:07:00,ZEC,1.1999999999999999e-05
2026-04-27 01:07:00,ICP,-2.3e-05
2026-04-27 01:07:00,ETH,1.1999999999999999e-05
2026-04-27 01:07:00,PROVE,-4.7000000000000004e-05
2026-04-27 01:07:00,2Z,-6.9e-05
2026-04-27 01:07:00,RESOLV,1.1999999999999999e-05
2026-04-27 01:07:00,MORPHO,1.1999999999999999e-05
2026-04-27 01:07:00,0G,-0.0027329999999999998
2026-04-27 01:07:00,SPX,-5.6e-05
2026-04-27 01:07:00,XMR,1.1999999999999999e-05
2026-04-27 01:07:00,POPCAT,1.1999999999999999e-05
2026-04-27 01:07:00,SKY,1.1999999999999999e-05
2026-04-27 01:07:00,ZORA,1.1999999999999999e-05
2026-04-27 01:07:00,HYPE,7e-06
2026-04-27 01:07:00,CHIP,-8.9e-05
2026-04-27 01:07:00,BCH,1.1999999999999999e-05
2026-04-27 01:07:00,ARB,1e-05
2026-04-27 01:07:00,MET,1.1999999999999999e-05
2026-04-27 01:07:00,DYDX,1.1999999999999999e-05
2026-04-27 01:07:00,LDO,1.1999999999999999e-05
2026-04-27 01:07:00,OP,1e-05
2026-04-27 01:07:00,DASH,1.1999999999999999e-05
2026-04-27 01:07:00,EIGEN,1.1999999999999999e-05
2026-04-27 01:07:00,SOL,1.1999999999999999e-05
2026-04-27 02:07:00,MORPHO,1.1999999999999999e-05
2026-04-27 02:07:00,KAITO,1.1999999999999999e-05
2026-04-27 02:07:00,LTC,1.1999999999999999e-05
2026-04-27 02:07:00,NEAR,1.1999999999999999e-05
2026-04-27 02:07:00,MET,1.1999999999999999e-05
2026-04-27 02:07:00,MON,1.1999999999999999e-05
2026-04-27 02:07:00,ASTER,1.1999999999999999e-05
2026-04-27 02:07:00,WLFI,-4e-06
2026-04-27 02:07:00,JUP,8e-06
2026-04-27 02:07:00,BNB,0.0
2026-04-27 02:07:00,TON,-1e-06
2026-04-27 02:07:00,ADA,1.1999999999999999e-05
2026-04-27 02:07:00,FARTCOIN,1.1999999999999999e-05
2026-04-27 02:07:00,LIT,1.1999999999999999e-05
2026-04-27 02:07:00,MNT,1.1999999999999999e-05
2026-04-27 02:07:00,PROVE,-6.9e-05
2026-04-27 02:07:00,XRP,1.1999999999999999e-05
2026-04-27 02:07:00,AZTEC,1.1999999999999999e-05
2026-04-27 02:07:00,S,1.1999999999999999e-05
2026-04-27 02:07:00,FIL,5.999999999999999e-06
2026-04-27 02:07:00,POL,1.1999999999999999e-05
2026-04-27 02:07:00,MEGA,1.1999999999999999e-05
2026-04-27 02:07:00,YZY,-0.000226
2026-04-27 02:07:00,PAXG,1.1000000000000001e-05
2026-04-27 02:07:00,CRV,1.1999999999999999e-05
2026-04-27 02:07:00,WLD,-3.5000000000000004e-05
2026-04-27 02:07:00,STRK,-2.9999999999999997e-06
2026-04-27 02:07:00,IP,-2.9999999999999997e-06
2026-04-27 02:07:00,ENA,1.1999999999999999e-05
2026-04-27 02:07:00,ZRO,1.1999999999999999e-05
2026-04-27 02:07:00,PYTH,1.1999999999999999e-05
2026-04-27 02:07:00,TIA,-2.6e-05
2026-04-27 02:07:00,ZEC,1.1999999999999999e-05
2026-04-27 02:07:00,SUI,1.1999999999999999e-05
2026-04-27 02:07:00,ETH,1.1999999999999999e-05
2026-04-27 02:07:00,DOGE,1.1999999999999999e-05
2026-04-27 02:07:00,ETHFI,1.1999999999999999e-05
2026-04-27 02:07:00,JTO,-7e-06
2026-04-27 02:07:00,PUMP,1.1999999999999999e-05
2026-04-27 02:07:00,ZORA,1.1999999999999999e-05
2026-04-27 02:07:00,AERO,1.1999999999999999e-05
2026-04-27 02:07:00,ZK,-7e-06
2026-04-27 02:07:00,SYRUP,1.1999999999999999e-05
2026-04-27 02:07:00,SOL,1.1999999999999999e-05
2026-04-27 02:07:00,DYDX,1.1999999999999999e-05
2026-04-27 02:07:00,LDO,1.1999999999999999e-05
2026-04-27 02:07:00,UNI,1.1999999999999999e-05
2026-04-27 02:07:00,APT,5e-06
2026-04-27 02:07:00,TRX,-2.7000000000000002e-05
2026-04-27 02:07:00,GRASS,1.1999999999999999e-05
2026-04-27 02:07:00,BCH,1.1999999999999999e-05
2026-04-27 02:07:00,SKR,1.1999999999999999e-05
2026-04-27 02:07:00,TRUMP,1.1999999999999999e-05
2026-04-27 02:07:00,CC,1.1999999999999999e-05
2026-04-27 02:07:00,DOT,1.1000000000000001e-05
2026-04-27 02:07:00,XLM,1.1999999999999999e-05
2026-04-27 02:07:00,LINEA,8e-06
2026-04-27 02:07:00,AXS,-6.7e-05
2026-04-27 02:07:00,XMR,1.1999999999999999e-05
2026-04-27 02:07:00,AVAX,1.1999999999999999e-05
2026-04-27 02:07:00,SPX,-5e-06
2026-04-27 02:07:00,TAO,1.1999999999999999e-05
2026-04-27 02:07:00,0G,-0.00035200000000000005
2026-04-27 02:07:00,VIRTUAL,1.1999999999999999e-05
2026-04-27 02:07:00,HYPE,1.1999999999999999e-05
2026-04-27 02:07:00,SEI,1.1999999999999999e-05
2026-04-27 02:07:00,XPL,1.1999999999999999e-05
2026-04-27 02:07:00,POPCAT,1.1999999999999999e-05
2026-04-27 02:07:00,ARB,1.1000000000000001e-05
2026-04-27 02:07:00,PENGU,1.1999999999999999e-05
2026-04-27 02:07:00,BTC,1.1999999999999999e-05
2026-04-27 02:07:00,LINK,1.1999999999999999e-05
2026-04-27 02:07:00,STBL,1.1999999999999999e-05
2026-04-27 02:07:00,ONDO,1.1999999999999999e-05
2026-04-27 02:07:00,STABLE,-0.000304
2026-04-27 02:07:00,APEX,1.1999999999999999e-05
2026-04-27 02:07:00,WIF,5e-06
2026-04-27 02:07:00,AVNT,-1e-06
2026-04-27 02:07:00,AAVE,1.1999999999999999e-05
2026-04-27 02:07:00,VVV,9.8e-05
2026-04-27 02:07:00,2Z,-0.00014000000000000001
2026-04-27 02:07:00,HBAR,-2.9999999999999997e-06
2026-04-27 02:07:00,CHIP,4e-06
2026-04-27 02:07:00,FOGO,1.1999999999999999e-05
2026-04-27 02:07:00,RESOLV,1.1999999999999999e-05
2026-04-27 02:07:00,GMX,1.1999999999999999e-05
2026-04-27 02:07:00,BERA,1e-05
2026-04-27 02:07:00,OP,-5.999999999999999e-06
2026-04-27 02:07:00,PENDLE,1.1999999999999999e-05
2026-04-27 02:07:00,EIGEN,1.1999999999999999e-05
2026-04-27 02:07:00,SKY,1.1999999999999999e-05
2026-04-27 02:07:00,ICP,1.1000000000000001e-05
2026-04-27 02:07:00,DASH,1.1999999999999999e-05
2026-04-27 03:07:00,CC,-2e-06
2026-04-27 03:07:00,ENA,1.1999999999999999e-05
2026-04-27 03:07:00,WLFI,-3.5000000000000004e-05
2026-04-27 03:07:00,SOL,1.1999999999999999e-05
2026-04-27 03:07:00,YZY,0.0
2026-04-27 03:07:00,KAITO,1.1999999999999999e-05
2026-04-27 03:07:00,STABLE,-0.000115
2026-04-27 03:07:00,S,1e-05
2026-04-27 03:07:00,AVAX,1.1999999999999999e-05
2026-04-27 03:07:00,ZORA,1.1999999999999999e-05
2026-04-27 03:07:00,APEX,1.1999999999999999e-05
2026-04-27 03:07:00,GMX,1.1999999999999999e-05
2026-04-27 03:07:00,VIRTUAL,1.1999999999999999e-05
2026-04-27 03:07:00,ARB,-1e-06
2026-04-27 03:07:00,APT,1.1000000000000001e-05
2026-04-27 03:07:00,ETH,1.1999999999999999e-05
2026-04-27 03:07:00,FARTCOIN,1.1999999999999999e-05
2026-04-27 03:07:00,CRV,1.1999999999999999e-05
2026-04-27 03:07:00,LINK,1.1999999999999999e-05
2026-04-27 03:07:00,PAXG,1.1999999999999999e-05
2026-04-27 03:07:00,JTO,-1.6e-05
2026-04-27 03:07:00,HBAR,4e-06
2026-04-27 03:07:00,PROVE,-0.000112
2026-04-27 03:07:00,AZTEC,1.1999999999999999e-05
2026-04-27 03:07:00,ADA,1.1999999999999999e-05
2026-04-27 03:07:00,NEAR,1.1999999999999999e-05
2026-04-27 03:07:00,OP,1e-06
2026-04-27 03:07:00,GRASS,1.1999999999999999e-05
2026-04-27 03:07:00,MEGA,1.1999999999999999e-05
2026-04-27 03:07:00,AXS,-0.000124
2026-04-27 03:07:00,TRX,-6.9e-05
2026-04-27 03:07:00,FOGO,1.1999999999999999e-05
2026-04-27 03:07:00,CHIP,-0.000104
2026-04-27 03:07:00,ETHFI,1.1999999999999999e-05
2026-04-27 03:07:00,SPX,1e-05
2026-04-27 03:07:00,LTC,1.1999999999999999e-05
2026-04-27 03:07:00,WIF,8e-06
2026-04-27 03:07:00,ZRO,1.1999999999999999e-05
2026-04-27 03:07:00,WLD,-9e-06
2026-04-27 03:07:00,SUI,1.1999999999999999e-05
2026-04-27 03:07:00,ZK,4e-06
2026-04-27 03:07:00,SYRUP,1.1999999999999999e-05
2026-04-27 03:07:00,IP,-5e-06
2026-04-27 03:07:00,STBL,1.1999999999999999e-05
2026-04-27 03:07:00,MNT,1.1999999999999999e-05
2026-04-27 03:07:00,XMR,0.000115
2026-04-27 03:07:00,MON,1.1999999999999999e-05
2026-04-27 03:07:00,FIL,-1.1999999999999999e-05
2026-04-27 03:07:00,BTC,5.999999999999999e-06
2026-04-27 03:07:00,PUMP,1.1999999999999999e-05
2026-04-27 03:07:00,MORPHO,1.1999999999999999e-05
2026-04-27 03:07:00,SKY,1.1999999999999999e-05
2026-04-27 03:07:00,EIGEN,-2.6e-05
2026-04-27 03:07:00,0G,-8e-06
2026-04-27 03:07:00,TIA,-2e-05
2026-04-27 03:07:00,2Z,-7.5e-05
2026-04-27 03:07:00,LDO,1.1999999999999999e-05
2026-04-27 03:07:00,ICP,1.1999999999999999e-05
2026-04-27 03:07:00,LIT,1.1999999999999999e-05
2026-04-27 03:07:00,DASH,1.1999999999999999e-05
2026-04-27 03:07:00,RESOLV,-2.3999999999999997e-05
2026-04-27 03:07:00,PYTH,1.1999999999999999e-05
2026-04-27 03:07:00,PENDLE,1.1999999999999999e-05
2026-04-27 03:07:00,DYDX,1.1999999999999999e-05
2026-04-27 03:07:00,ONDO,1.1999999999999999e-05
2026-04-27 03:07:00,TRUMP,1.1999999999999999e-05
2026-04-27 03:07:00,AERO,1.1999999999999999e-05
2026-04-27 03:07:00,HYPE,1.1000000000000001e-05
2026-04-27 03:07:00,UNI,1.1999999999999999e-05
2026-04-27 03:07:00,DOGE,1.1999999999999999e-05
2026-04-27 03:07:00,SEI,1.1999999999999999e-05
2026-04-27 03:07:00,ZEC,-1.8e-05
2026-04-27 03:07:00,XPL,1.1999999999999999e-05
2026-04-27 03:07:00,PENGU,1.1999999999999999e-05
2026-04-27 03:07:00,BNB,1e-06
2026-04-27 03:07:00,TAO,1.1999999999999999e-05
2026-04-27 03:07:00,SKR,1.1999999999999999e-05
2026-04-27 03:07:00,XRP,1.1999999999999999e-05
2026-04-27 03:07:00,VVV,8.7e-05
2026-04-27 03:07:00,DOT,1.1000000000000001e-05
2026-04-27 03:07:00,LINEA,8e-06
2026-04-27 03:07:00,POL,1.1999999999999999e-05
2026-04-27 03:07:00,POPCAT,1.1999999999999999e-05
2026-04-27 03:07:00,BERA,1.1999999999999999e-05
2026-04-27 03:07:00,BCH,1.1999999999999999e-05
2026-04-27 03:07:00,AVNT,-2.7000000000000002e-05
2026-04-27 03:07:00,XLM,1.1999999999999999e-05
2026-04-27 03:07:00,ASTER,1e-05
2026-04-27 03:07:00,JUP,-7e-06
2026-04-27 03:07:00,TON,1e-05
2026-04-27 03:07:00,AAVE,1.1999999999999999e-05
2026-04-27 03:07:00,STRK,5.999999999999999e-06
2026-04-27 03:07:00,MET,9e-06
2026-04-27 04:07:01,FIL,9e-06
2026-04-27 04:07:01,WIF,1e-05
2026-04-27 04:07:01,PENGU,2.9999999999999997e-06
2026-04-27 04:07:01,LIT,1.1999999999999999e-05
2026-04-27 04:07:01,AXS,-3.6e-05
2026-04-27 04:07:01,ETH,2.9999999999999997e-06
2026-04-27 04:07:01,LDO,1.1999999999999999e-05
2026-04-27 04:07:01,IP,5e-06
2026-04-27 04:07:01,ZRO,1.1999999999999999e-05
2026-04-27 04:07:01,S,-1e-05
2026-04-27 04:07:01,OP,-5.3e-05
2026-04-27 04:07:01,UNI,1.1999999999999999e-05
2026-04-27 04:07:01,STRK,1.1000000000000001e-05
2026-04-27 04:07:01,POPCAT,1.1999999999999999e-05
2026-04-27 04:07:01,DOT,1.1999999999999999e-05
2026-04-27 04:07:01,SOL,1.1999999999999999e-05
2026-04-27 04:07:01,PAXG,1.1999999999999999e-05
2026-04-27 04:07:01,GMX,1.1999999999999999e-05
2026-04-27 04:07:01,AVNT,-7.400000000000001e-05
2026-04-27 04:07:01,CC,-3.9e-05
2026-04-27 04:07:01,XPL,1.1999999999999999e-05
2026-04-27 04:07:01,STABLE,0.0
2026-04-27 04:07:01,JUP,-5.999999999999999e-06
2026-04-27 04:07:01,MNT,1.1999999999999999e-05
2026-04-27 04:07:01,BCH,1.1999999999999999e-05
2026-04-27 04:07:01,DOGE,1.1999999999999999e-05
2026-04-27 04:07:01,ADA,1.1999999999999999e-05
2026-04-27 04:07:01,2Z,-1.9e-05
2026-04-27 04:07:01,ASTER,-1.4e-05
2026-04-27 04:07:01,ZORA,1.1999999999999999e-05
2026-04-27 04:07:01,TIA,-3.1e-05
2026-04-27 04:07:01,FOGO,1.1999999999999999e-05
2026-04-27 04:07:01,SKR,1.1999999999999999e-05
2026-04-27 04:07:01,AAVE,1.1999999999999999e-05
2026-04-27 04:07:01,VVV,5.6e-05
2026-04-27 04:07:01,TRUMP,1.1999999999999999e-05
2026-04-27 04:07:01,MET,1.1999999999999999e-05
2026-04-27 04:07:01,BERA,1.1999999999999999e-05
2026-04-27 04:07:01,TON,-2.2000000000000003e-05
2026-04-27 04:07:01,AVAX,1.1999999999999999e-05
2026-04-27 04:07:01,PYTH,1.1999999999999999e-05
2026-04-27 04:07:01,DASH,-2.7000000000000002e-05
2026-04-27 04:07:01,VIRTUAL,1.1999999999999999e-05
2026-04-27 04:07:01,HYPE,1.1999999999999999e-05
2026-04-27 04:07:01,FARTCOIN,1.1999999999999999e-05
2026-04-27 04:07:01,AZTEC,1.1999999999999999e-05
2026-04-27 04:07:01,PUMP,1.1999999999999999e-05
2026-04-27 04:07:01,EIGEN,7e-06
2026-04-27 04:07:01,ENA,-1.3e-05
2026-04-27 04:07:01,ARB,2.9999999999999997e-06
2026-04-27 04:07:01,MON,1.1999999999999999e-05
2026-04-27 04:07:01,ONDO,1.1999999999999999e-05
2026-04-27 04:07:01,CHIP,-0.001138
2026-04-27 04:07:01,BTC,-2.9999999999999997e-06
2026-04-27 04:07:01,APT,1.1999999999999999e-05
2026-04-27 04:07:01,TRX,-2.3e-05
2026-04-27 04:07:01,KAITO,1.1999999999999999e-05
2026-04-27 04:07:01,WLD,-4e-06
2026-04-27 04:07:01,BNB,8e-06
2026-04-27 04:07:01,0G,-9e-06
2026-04-27 04:07:01,ETHFI,1.1999999999999999e-05
2026-04-27 04:07:01,SKY,1.1999999999999999e-05
2026-04-27 04:07:01,APEX,1.1999999999999999e-05
2026-04-27 04:07:01,SUI,1.1999999999999999e-05
2026-04-27 04:07:01,LINK,1.1999999999999999e-05
2026-04-27 04:07:01,MEGA,1.1999999999999999e-05
2026-04-27 04:07:01,NEAR,1.1999999999999999e-05
2026-04-27 04:07:01,RESOLV,9e-06
2026-04-27 04:07:01,CRV,1.1999999999999999e-05
2026-04-27 04:07:01,POL,1.1999999999999999e-05
2026-04-27 04:07:01,DYDX,2.9999999999999997e-06
2026-04-27 04:07:01,TAO,1.1999999999999999e-05
2026-04-27 04:07:01,SYRUP,1.1999999999999999e-05
2026-04-27 04:07:01,SEI,1.1999999999999999e-05
2026-04-27 04:07:01,PROVE,2.9999999999999997e-06
2026-04-27 04:07:01,AERO,1.1999999999999999e-05
2026-04-27 04:07:01,YZY,1.1999999999999999e-05
2026-04-27 04:07:01,ZK,1.1999999999999999e-05
2026-04-27 04:07:01,ICP,1.1999999999999999e-05
2026-04-27 04:07:01,XLM,2e-06
2026-04-27 04:07:01,XRP,1.1999999999999999e-05
2026-04-27 04:07:01,ZEC,1.1999999999999999e-05
2026-04-27 04:07:01,LINEA,1.1999999999999999e-05
2026-04-27 04:07:01,PENDLE,1.1999999999999999e-05
2026-04-27 04:07:01,LTC,1.1999999999999999e-05
2026-04-27 04:07:01,XMR,3.7000000000000005e-05
2026-04-27 04:07:01,STBL,1.1999999999999999e-05
2026-04-27 04:07:01,GRASS,1.1999999999999999e-05
2026-04-27 04:07:01,HBAR,1.1000000000000001e-05
2026-04-27 04:07:01,SPX,1.1999999999999999e-05
2026-04-27 04:07:01,WLFI,-5.4000000000000005e-05
2026-04-27 04:07:01,JTO,2e-06
2026-04-27 04:07:01,MORPHO,1.1999999999999999e-05
2026-04-27 05:07:00,CC,1.1000000000000001e-05
2026-04-27 05:07:00,ETHFI,1.1999999999999999e-05
2026-04-27 05:07:00,TRUMP,1e-05
2026-04-27 05:07:00,AERO,1.1999999999999999e-05
2026-04-27 05:07:00,WIF,1.1999999999999999e-05
2026-04-27 05:07:00,JTO,-7e-06
2026-04-27 05:07:00,TON,0.0
2026-04-27 05:07:00,STBL,1.1999999999999999e-05
2026-04-27 05:07:00,ZORA,-5.9e-05
2026-04-27 05:07:00,ETH,1.1999999999999999e-05
2026-04-27 05:07:00,JUP,1.1999999999999999e-05
2026-04-27 05:07:00,ENA,5e-06
2026-04-27 05:07:00,OP,-1.5e-05
2026-04-27 05:07:00,BTC,-8e-06
2026-04-27 05:07:00,GMX,1.1999999999999999e-05
2026-04-27 05:07:00,HBAR,1.1999999999999999e-05
2026-04-27 05:07:00,XPL,1.1999999999999999e-05
2026-04-27 05:07:00,STABLE,1.1999999999999999e-05
2026-04-27 05:07:00,ASTER,-1.3e-05
2026-04-27 05:07:00,0G,-0.000208
2026-04-27 05:07:00,XRP,1.1999999999999999e-05
2026-04-27 05:07:00,PUMP,1.1999999999999999e-05
2026-04-27 05:07:00,HYPE,1.1999999999999999e-05
2026-04-27 05:07:00,DOT,1.1999999999999999e-05
2026-04-27 05:07:00,DYDX,1.1999999999999999e-05
2026-04-27 05:07:00,TRX,-1.8e-05
2026-04-27 05:07:00,IP,1.1999999999999999e-05
2026-04-27 05:07:00,EIGEN,1.1999999999999999e-05
2026-04-27 05:07:00,DASH,1.1000000000000001e-05
2026-04-27 05:07:00,SKR,-1.1999999999999999e-05
2026-04-27 05:07:00,SPX,1.1999999999999999e-05
2026-04-27 05:07:00,ZEC,1.1999999999999999e-05
2026-04-27 05:07:00,SKY,1.1999999999999999e-05
2026-04-27 05:07:00,LTC,1.1999999999999999e-05
2026-04-27 05:07:00,FIL,0.0
2026-04-27 05:07:00,ONDO,1.1999999999999999e-05
2026-04-27 05:07:00,PENGU,1.1999999999999999e-05
2026-04-27 05:07:00,ICP,1.1999999999999999e-05
2026-04-27 05:07:00,VIRTUAL,1.1999999999999999e-05
2026-04-27 05:07:00,FARTCOIN,1.1999999999999999e-05
2026-04-27 05:07:00,AVNT,-1.5e-05
2026-04-27 05:07:00,PYTH,1.1999999999999999e-05
2026-04-27 05:07:00,XMR,1.6e-05
2026-04-27 05:07:00,SUI,1.1999999999999999e-05
2026-04-27 05:07:00,MNT,1.1999999999999999e-05
2026-04-27 05:07:00,RESOLV,1.1999999999999999e-05
2026-04-27 05:07:00,BERA,-2e-06
2026-04-27 05:07:00,SOL,1.1999999999999999e-05
2026-04-27 05:07:00,PROVE,-4.2e-05
2026-04-27 05:07:00,FOGO,1.1999999999999999e-05
2026-04-27 05:07:00,GRASS,1.1999999999999999e-05
2026-04-27 05:07:00,TIA,7e-06
2026-04-27 05:07:00,PAXG,1.1999999999999999e-05
2026-04-27 05:07:00,NEAR,1.1999999999999999e-05
2026-04-27 05:07:00,MET,1.1999999999999999e-05
2026-04-27 05:07:00,CRV,1.1999999999999999e-05
2026-04-27 05:07:00,ZRO,1.1999999999999999e-05
2026-04-27 05:07:00,S,-2e-06
2026-04-27 05:07:00,YZY,-0.000269
2026-04-27 05:07:00,STRK,-2e-05
2026-04-27 05:07:00,ZK,1.1999999999999999e-05
2026-04-27 05:07:00,MORPHO,1.1999999999999999e-05
2026-04-27 05:07:00,ADA,1.1999999999999999e-05
2026-04-27 05:07:00,SYRUP,1.1999999999999999e-05
2026-04-27 05:07:00,BNB,8e-06
2026-04-27 05:07:00,SEI,1.1000000000000001e-05
2026-04-27 05:07:00,APEX,1.1999999999999999e-05
2026-04-27 05:07:00,KAITO,8e-06
2026-04-27 05:07:00,2Z,5.999999999999999e-06
2026-04-27 05:07:00,AAVE,1.1999999999999999e-05
2026-04-27 05:07:00,APT,-1e-05
2026-04-27 05:07:00,LIT,1.1999999999999999e-05
2026-04-27 05:07:00,LINK,1.1999999999999999e-05
2026-04-27 05:07:00,POPCAT,1.1999999999999999e-05
2026-04-27 05:07:00,MON,1.1999999999999999e-05
2026-04-27 05:07:00,PENDLE,1.1999999999999999e-05
2026-04-27 05:07:00,LINEA,1.1999999999999999e-05
2026-04-27 05:07:00,CHIP,-0.000797
2026-04-27 05:07:00,UNI,1.1999999999999999e-05
2026-04-27 05:07:00,VVV,0.0001
2026-04-27 05:07:00,AZTEC,1.1999999999999999e-05
2026-04-27 05:07:00,LDO,1.1999999999999999e-05
2026-04-27 05:07:00,AXS,-5.1000000000000006e-05
2026-04-27 05:07:00,POL,1.1999999999999999e-05
2026-04-27 05:07:00,TAO,1.1999999999999999e-05
2026-04-27 05:07:00,ARB,1.1000000000000001e-05
2026-04-27 05:07:00,WLFI,5.999999999999999e-06
2026-04-27 05:07:00,WLD,-2.9999999999999997e-06
2026-04-27 05:07:00,BCH,1.1999999999999999e-05
2026-04-27 05:07:00,MEGA,1.1999999999999999e-05
2026-04-27 05:07:00,AVAX,1.1999999999999999e-05
2026-04-27 05:07:00,DOGE,1.1999999999999999e-05
2026-04-27 05:07:00,XLM,1.1999999999999999e-05
2026-04-27 06:07:01,DOGE,1.1999999999999999e-05
2026-04-27 06:07:01,XLM,1.1999999999999999e-05
2026-04-27 06:07:01,HBAR,-3.2e-05
2026-04-27 06:07:01,AERO,-2.3999999999999997e-05
2026-04-27 06:07:01,AVAX,1.1999999999999999e-05
2026-04-27 06:07:01,NEAR,1.1999999999999999e-05
2026-04-27 06:07:01,XPL,1.1999999999999999e-05
2026-04-27 06:07:01,ADA,-4e-06
2026-04-27 06:07:01,POL,1.1999999999999999e-05
2026-04-27 06:07:01,TIA,4e-06
2026-04-27 06:07:01,ENA,-2.3e-05
2026-04-27 06:07:01,VVV,8.800000000000001e-05
2026-04-27 06:07:01,SKY,1.1999999999999999e-05
2026-04-27 06:07:01,RESOLV,1.1999999999999999e-05
2026-04-27 06:07:01,ZORA,-6.2e-05
2026-04-27 06:07:01,MET,1.1999999999999999e-05
2026-04-27 06:07:01,CHIP,-0.000442
2026-04-27 06:07:01,IP,-5.7e-05
2026-04-27 06:07:01,DOT,-4e-05
2026-04-27 06:07:01,SOL,1.1999999999999999e-05
2026-04-27 06:07:01,BNB,0.0
2026-04-27 06:07:01,WIF,5e-06
2026-04-27 06:07:01,LIT,1.1999999999999999e-05
2026-04-27 06:07:01,ETH,1.1999999999999999e-05
2026-04-27 06:07:01,AAVE,1.1999999999999999e-05
2026-04-27 06:07:01,APT,0.0
2026-04-27 06:07:01,LINEA,1.1999999999999999e-05
2026-04-27 06:07:01,TRX,2e-06
2026-04-27 06:07:01,JTO,4e-06
2026-04-27 06:07:01,TRUMP,1.1999999999999999e-05
2026-04-27 06:07:01,OP,1.1000000000000001e-05
2026-04-27 06:07:01,STRK,-2e-06
2026-04-27 06:07:01,SKR,-1.5e-05
2026-04-27 06:07:01,ZEC,1.1999999999999999e-05
2026-04-27 06:07:01,LINK,1.1999999999999999e-05
2026-04-27 06:07:01,ARB,1.1999999999999999e-05
2026-04-27 06:07:01,ICP,-6.1000000000000005e-05
2026-04-27 06:07:01,ASTER,-5.7999999999999994e-05
2026-04-27 06:07:01,POPCAT,1.1999999999999999e-05
2026-04-27 06:07:01,ZRO,1.1999999999999999e-05
2026-04-27 06:07:01,TON,-2.7000000000000002e-05
2026-04-27 06:07:01,ZK,-2.6e-05
2026-04-27 06:07:01,UNI,1.1999999999999999e-05
2026-04-27 06:07:01,XRP,-2e-06
2026-04-27 06:07:01,TAO,1.1999999999999999e-05
2026-04-27 06:07:01,DASH,-1.8e-05
2026-04-27 06:07:01,ONDO,1.1999999999999999e-05
2026-04-27 06:07:01,WLFI,9e-06
2026-04-27 06:07:01,LDO,2e-06
2026-04-27 06:07:01,SPX,1.1999999999999999e-05
2026-04-27 06:07:01,APEX,1.1999999999999999e-05
2026-04-27 06:07:01,XMR,1.1999999999999999e-05
2026-04-27 06:07:01,CRV,1.1999999999999999e-05
2026-04-27 06:07:01,BCH,1.1999999999999999e-05
2026-04-27 06:07:01,HYPE,1.1999999999999999e-05
2026-04-27 06:07:01,PENGU,1.1999999999999999e-05
2026-04-27 06:07:01,PYTH,1.1999999999999999e-05
2026-04-27 06:07:01,MNT,-2.9999999999999997e-06
2026-04-27 06:07:01,GMX,1.1999999999999999e-05
2026-04-27 06:07:01,MON,1.1999999999999999e-05
2026-04-27 06:07:01,STABLE,1.1999999999999999e-05
2026-04-27 06:07:01,EIGEN,1.1999999999999999e-05
2026-04-27 06:07:01,0G,-0.000499
2026-04-27 06:07:01,VIRTUAL,1.1000000000000001e-05
2026-04-27 06:07:01,YZY,-0.001085
2026-04-27 06:07:01,BTC,-4e-06
2026-04-27 06:07:01,SEI,1.1999999999999999e-05
2026-04-27 06:07:01,BERA,-8.4e-05
2026-04-27 06:07:01,CC,1.1999999999999999e-05
2026-04-27 06:07:01,FIL,0.0
2026-04-27 06:07:01,2Z,-1.7e-05
2026-04-27 06:07:01,FOGO,1.1999999999999999e-05
2026-04-27 06:07:01,PUMP,1.1999999999999999e-05
2026-04-27 06:07:01,MORPHO,0.0
2026-04-27 06:07:01,PROVE,-8.5e-05
2026-04-27 06:07:01,LTC,0.0
2026-04-27 06:07:01,MEGA,1.1999999999999999e-05
2026-04-27 06:07:01,AZTEC,-7.5e-05
2026-04-27 06:07:01,FARTCOIN,1.1999999999999999e-05
2026-04-27 06:07:01,ETHFI,1.1999999999999999e-05
2026-04-27 06:07:01,DYDX,1.1999999999999999e-05
2026-04-27 06:07:01,PAXG,1.1999999999999999e-05
2026-04-27 06:07:01,AVNT,-1e-06
2026-04-27 06:07:01,STBL,1.1999999999999999e-05
2026-04-27 06:07:01,JUP,1.1999999999999999e-05
2026-04-27 06:07:01,GRASS,1.1999999999999999e-05
2026-04-27 06:07:01,S,-1e-06
2026-04-27 06:07:01,SYRUP,1.1999999999999999e-05
2026-04-27 06:07:01,KAITO,1.1999999999999999e-05
2026-04-27 06:07:01,AXS,-2.7000000000000002e-05
2026-04-27 06:07:01,SUI,1.1999999999999999e-05
2026-04-27 06:07:01,WLD,-5.9e-05
2026-04-27 06:07:01,PENDLE,1.1999999999999999e-05
2026-04-27 07:07:00,AZTEC,1.1999999999999999e-05
2026-04-27 07:07:00,ASTER,-5e-05
2026-04-27 07:07:00,TAO,1.1999999999999999e-05
2026-04-27 07:07:00,STRK,1e-05
2026-04-27 07:07:00,SYRUP,1.1999999999999999e-05
2026-04-27 07:07:00,MORPHO,-7.6e-05
2026-04-27 07:07:00,ETHFI,1.1999999999999999e-05
2026-04-27 07:07:00,HYPE,1.1999999999999999e-05
2026-04-27 07:07:00,LINEA,-4e-06
2026-04-27 07:07:00,SKR,1.1999999999999999e-05
2026-04-27 07:07:00,OP,1.1000000000000001e-05
2026-04-27 07:07:00,IP,-5e-05
2026-04-27 07:07:00,WLFI,-1.6e-05
2026-04-27 07:07:00,EIGEN,-1.9e-05
2026-04-27 07:07:00,ZORA,-7.1e-05
2026-04-27 07:07:00,MNT,-5e-06
2026-04-27 07:07:00,ADA,-2.7000000000000002e-05
2026-04-27 07:07:00,AVAX,0.0
2026-04-27 07:07:00,HBAR,-3.6e-05
2026-04-27 07:07:00,ZRO,1.1999999999999999e-05
2026-04-27 07:07:00,ETH,0.0
2026-04-27 07:07:00,PENDLE,1.1999999999999999e-05
2026-04-27 07:07:00,SUI,-5e-06
2026-04-27 07:07:00,ARB,2.9999999999999997e-06
2026-04-27 07:07:00,STBL,1.1999999999999999e-05
2026-04-27 07:07:00,WIF,1.1999999999999999e-05
2026-04-27 07:07:00,NEAR,1.1999999999999999e-05
2026-04-27 07:07:00,BCH,1.1999999999999999e-05
2026-04-27 07:07:00,MET,1.1999999999999999e-05
2026-04-27 07:07:00,FARTCOIN,1.1999999999999999e-05
2026-04-27 07:07:00,BERA,-8.7e-05
2026-04-27 07:07:00,JTO,1e-06
2026-04-27 07:07:00,KAITO,1.1999999999999999e-05
2026-04-27 07:07:00,TRUMP,-2.3e-05
2026-04-27 07:07:00,0G,-0.000479
2026-04-27 07:07:00,STABLE,1.1999999999999999e-05
2026-04-27 07:07:00,POPCAT,1.1999999999999999e-05
2026-04-27 07:07:00,WLD,-6.8e-05
2026-04-27 07:07:00,TON,-4.2e-05
2026-04-27 07:07:00,SOL,1.1999999999999999e-05
2026-04-27 07:07:00,LIT,1.1999999999999999e-05
2026-04-27 07:07:00,XPL,1.1999999999999999e-05
2026-04-27 07:07:00,CC,-1.3e-05
2026-04-27 07:07:00,MON,1.1999999999999999e-05
2026-04-27 07:07:00,PENGU,-1.6e-05
2026-04-27 07:07:00,DYDX,1.1999999999999999e-05
2026-04-27 07:07:00,AXS,7e-06
2026-04-27 07:07:00,ICP,-3.5000000000000004e-05
2026-04-27 07:07:00,SEI,1.1999999999999999e-05
2026-04-27 07:07:00,AERO,1.1000000000000001e-05
2026-04-27 07:07:00,2Z,-2.8e-05
2026-04-27 07:07:00,JUP,1.1999999999999999e-05
2026-04-27 07:07:00,POL,1.1000000000000001e-05
2026-04-27 07:07:00,PUMP,1.1999999999999999e-05
2026-04-27 07:07:00,LTC,-2.1e-05
2026-04-27 07:07:00,TRX,2.9999999999999997e-06
2026-04-27 07:07:00,AAVE,1.1999999999999999e-05
2026-04-27 07:07:00,RESOLV,1.1999999999999999e-05
2026-04-27 07:07:00,UNI,1.1999999999999999e-05
2026-04-27 07:07:00,LINK,1.1999999999999999e-05
2026-04-27 07:07:00,VVV,3.4e-05
2026-04-27 07:07:00,XMR,1.1999999999999999e-05
2026-04-27 07:07:00,FIL,-1.9e-05
2026-04-27 07:07:00,LDO,-1e-06
2026-04-27 07:07:00,CHIP,-0.00046899999999999996
2026-04-27 07:07:00,MEGA,1.1999999999999999e-05
2026-04-27 07:07:00,PYTH,1.1999999999999999e-05
2026-04-27 07:07:00,BTC,-4e-06
2026-04-27 07:07:00,BNB,-8e-06
2026-04-27 07:07:00,AVNT,-9e-06
2026-04-27 07:07:00,GMX,-1.3e-05
2026-04-27 07:07:00,GRASS,1.1999999999999999e-05
2026-04-27 07:07:00,XRP,0.0
2026-04-27 07:07:00,ONDO,1.1999999999999999e-05
2026-04-27 07:07:00,DOGE,1.1999999999999999e-05
2026-04-27 07:07:00,FOGO,1.1999999999999999e-05
2026-04-27 07:07:00,ZEC,1.1999999999999999e-05
2026-04-27 07:07:00,XLM,-5e-06
2026-04-27 07:07:00,DOT,-4.1e-05
2026-04-27 07:07:00,S,2.9999999999999997e-06
2026-04-27 07:07:00,ENA,1.1000000000000001e-05
2026-04-27 07:07:00,SKY,1.1999999999999999e-05
2026-04-27 07:07:00,PROVE,-6.1000000000000005e-05
2026-04-27 07:07:00,APT,1.1000000000000001e-05
2026-04-27 07:07:00,TIA,-2.3e-05
2026-04-27 07:07:00,CRV,1.1999999999999999e-05
2026-04-27 07:07:00,VIRTUAL,-2.6e-05
2026-04-27 07:07:00,SPX,1.1999999999999999e-05
2026-04-27 07:07:00,APEX,1.1999999999999999e-05
2026-04-27 07:07:00,YZY,-0.000583
2026-04-27 07:07:00,PAXG,1.1999999999999999e-05
2026-04-27 07:07:00,ZK,0.0
2026-04-27 07:07:00,DASH,1e-05
2026-04-27 08:07:00,APT,1.1999999999999999e-05
2026-04-27 08:07:00,LTC,-1.3e-05
2026-04-27 08:07:00,ONDO,1.1999999999999999e-05
2026-04-27 08:07:00,VIRTUAL,0.0
2026-04-27 08:07:00,AXS,-3.6e-05
2026-04-27 08:07:00,PAXG,1.1999999999999999e-05
2026-04-27 08:07:00,APEX,1.1999999999999999e-05
2026-04-27 08:07:00,AVAX,-1.8e-05
2026-04-27 08:07:00,PENGU,1.1999999999999999e-05
2026-04-27 08:07:00,ETH,-1.3e-05
2026-04-27 08:07:00,CHIP,-0.000224
2026-04-27 08:07:00,AVNT,1.1999999999999999e-05
2026-04-27 08:07:00,PUMP,1.1999999999999999e-05
2026-04-27 08:07:00,ZEC,1.1999999999999999e-05
2026-04-27 08:07:00,WLD,-6.1000000000000005e-05
2026-04-27 08:07:00,LDO,1.1999999999999999e-05
2026-04-27 08:07:00,MON,1.1999999999999999e-05
2026-04-27 08:07:00,STABLE,1.1000000000000001e-05
2026-04-27 08:07:00,GRASS,1.1999999999999999e-05
2026-04-27 08:07:00,POL,1.1999999999999999e-05
2026-04-27 08:07:00,STBL,1.1999999999999999e-05
2026-04-27 08:07:00,FIL,-1.1999999999999999e-05
2026-04-27 08:07:00,ICP,-6.5e-05
2026-04-27 08:07:00,SOL,1.1999999999999999e-05
2026-04-27 08:07:00,LINK,1.1999999999999999e-05
2026-04-27 08:07:00,SEI,1.1999999999999999e-05
2026-04-27 08:07:00,DYDX,1.1999999999999999e-05
2026-04-27 08:07:00,2Z,4e-06
2026-04-27 08:07:00,XLM,-9.400000000000001e-05
2026-04-27 08:07:00,XPL,1.1999999999999999e-05
2026-04-27 08:07:00,KAITO,-2.5e-05
2026-04-27 08:07:00,WLFI,1.1999999999999999e-05
2026-04-27 08:07:00,0G,-0.00026700000000000004
2026-04-27 08:07:00,CC,-4e-06
2026-04-27 08:07:00,AERO,1.1999999999999999e-05
2026-04-27 08:07:00,LIT,1.1999999999999999e-05
2026-04-27 08:07:00,BTC,-1.9e-05
2026-04-27 08:07:00,TRX,-1.6e-05
2026-04-27 08:07:00,TRUMP,-3.6e-05
2026-04-27 08:07:00,STRK,-2.8e-05
2026-04-27 08:07:00,TAO,1.1999999999999999e-05
2026-04-27 08:07:00,ETHFI,1.1999999999999999e-05
2026-04-27 08:07:00,SPX,1e-05
2026-04-27 08:07:00,DASH,1.1999999999999999e-05
2026-04-27 08:07:00,XRP,-1.1000000000000001e-05
2026-04-27 08:07:00,EIGEN,0.0
2026-04-27 08:07:00,TON,-1.1999999999999999e-05
2026-04-27 08:07:00,PROVE,0.0
2026-04-27 08:07:00,HBAR,1e-06
2026-04-27 08:07:00,ZORA,-5.7999999999999994e-05
2026-04-27 08:07:00,UNI,1.1999999999999999e-05
2026-04-27 08:07:00,CRV,1.1999999999999999e-05
2026-04-27 08:07:00,SKR,1e-05
2026-04-27 08:07:00,ASTER,-3.2e-05
2026-04-27 08:07:00,MORPHO,2.9999999999999997e-06
2026-04-27 08:07:00,ARB,1.1000000000000001e-05
2026-04-27 08:07:00,ENA,1.1999999999999999e-05
2026-04-27 08:07:00,XMR,1.1999999999999999e-05
2026-04-27 08:07:00,POPCAT,1.1999999999999999e-05
2026-04-27 08:07:00,BERA,-8.099999999999999e-05
2026-04-27 08:07:00,HYPE,1.1999999999999999e-05
2026-04-27 08:07:00,MEGA,1.1999999999999999e-05
2026-04-27 08:07:00,NEAR,1.1999999999999999e-05
2026-04-27 08:07:00,YZY,-0.000585
2026-04-27 08:07:00,DOGE,1.1999999999999999e-05
2026-04-27 08:07:00,WIF,-1e-06
2026-04-27 08:07:00,LINEA,8e-06
2026-04-27 08:07:00,ZRO,1.1999999999999999e-05
2026-04-27 08:07:00,JTO,-1.3e-05
2026-04-27 08:07:00,ZK,1.1999999999999999e-05
2026-04-27 08:07:00,RESOLV,1.1999999999999999e-05
2026-04-27 08:07:00,PYTH,1.1999999999999999e-05
2026-04-27 08:07:00,ADA,-3e-05
2026-04-27 08:07:00,GMX,1.1999999999999999e-05
2026-04-27 08:07:00,S,1.1000000000000001e-05
2026-04-27 08:07:00,BCH,1.1999999999999999e-05
2026-04-27 08:07:00,PENDLE,1.1999999999999999e-05
2026-04-27 08:07:00,SYRUP,1.1999999999999999e-05
2026-04-27 08:07:00,DOT,-4.2e-05
2026-04-27 08:07:00,MET,1.1999999999999999e-05
2026-04-27 08:07:00,IP,9e-06
2026-04-27 08:07:00,VVV,9.2e-05
2026-04-27 08:07:00,FOGO,1.1999999999999999e-05
2026-04-27 08:07:00,MNT,1.1999999999999999e-05
2026-04-27 08:07:00,FARTCOIN,1.1999999999999999e-05
2026-04-27 08:07:00,AZTEC,-2.3e-05
2026-04-27 08:07:00,SUI,-2.9999999999999997e-06
2026-04-27 08:07:00,TIA,-5e-06
2026-04-27 08:07:00,SKY,1.1999999999999999e-05
2026-04-27 08:07:00,JUP,2e-06
2026-04-27 08:07:00,OP,-2e-06
2026-04-27 08:07:00,BNB,-2.1e-05
2026-04-27 08:07:00,AAVE,1.1999999999999999e-05
2026-04-27 09:07:00,ETHFI,1.1999999999999999e-05
2026-04-27 09:07:00,EIGEN,1.1999999999999999e-05
2026-04-27 09:07:00,XPL,1.1999999999999999e-05
2026-04-27 09:07:00,NEAR,1.1999999999999999e-05
2026-04-27 09:07:00,SPX,1.1999999999999999e-05
2026-04-27 09:07:00,AVNT,1.1999999999999999e-05
2026-04-27 09:07:00,TRX,1e-05
2026-04-27 09:07:00,GMX,1.1999999999999999e-05
2026-04-27 09:07:00,LIT,1.1999999999999999e-05
2026-04-27 09:07:00,FARTCOIN,1.1999999999999999e-05
2026-04-27 09:07:00,ETH,-1e-05
2026-04-27 09:07:00,AAVE,1.1999999999999999e-05
2026-04-27 09:07:00,HBAR,1.1000000000000001e-05
2026-04-27 09:07:00,IP,1.1999999999999999e-05
2026-04-27 09:07:00,VIRTUAL,2.9999999999999997e-06
2026-04-27 09:07:00,STRK,-4.1e-05
2026-04-27 09:07:00,DOGE,1.1999999999999999e-05
2026-04-27 09:07:00,BNB,-4e-06
2026-04-27 09:07:00,DYDX,1.1999999999999999e-05
2026-04-27 09:07:00,AXS,0.0
2026-04-27 09:07:00,GRASS,1.1999999999999999e-05
2026-04-27 09:07:00,TAO,1.1999999999999999e-05
2026-04-27 09:07:00,ZORA,-8.5e-05
2026-04-27 09:07:00,CHIP,-0.000186
2026-04-27 09:07:00,MNT,1.1999999999999999e-05
2026-04-27 09:07:00,MORPHO,5.999999999999999e-06
2026-04-27 09:07:00,ADA,-2.8e-05
2026-04-27 09:07:00,TON,-3.3e-05
2026-04-27 09:07:00,VVV,8.3e-05
2026-04-27 09:07:00,DOT,-3.1e-05
2026-04-27 09:07:00,STBL,1.1999999999999999e-05
2026-04-27 09:07:00,SEI,1.1999999999999999e-05
2026-04-27 09:07:00,RESOLV,1.1999999999999999e-05
2026-04-27 09:07:00,ONDO,1.1999999999999999e-05
2026-04-27 09:07:00,SUI,-2.8999999999999997e-05
2026-04-27 09:07:00,WIF,1e-05
2026-04-27 09:07:00,PAXG,1.1999999999999999e-05
2026-04-27 09:07:00,OP,-1.5e-05
2026-04-27 09:07:00,YZY,-0.000686
2026-04-27 09:07:00,PUMP,1.1999999999999999e-05
2026-04-27 09:07:00,S,1.1999999999999999e-05
2026-04-27 09:07:00,ENA,1.1999999999999999e-05
2026-04-27 09:07:00,XMR,1.1999999999999999e-05
2026-04-27 09:07:00,CC,1.1999999999999999e-05
2026-04-27 09:07:00,APT,1.1999999999999999e-05
2026-04-27 09:07:00,CRV,1.1999999999999999e-05
2026-04-27 09:07:00,BTC,-1.8e-05
2026-04-27 09:07:00,LINEA,1.1999999999999999e-05
2026-04-27 09:07:00,SYRUP,1.1999999999999999e-05
2026-04-27 09:07:00,DASH,1.1999999999999999e-05
2026-04-27 09:07:00,JUP,1.1999999999999999e-05
2026-04-27 09:07:00,ICP,-5.4000000000000005e-05
2026-04-27 09:07:00,AVAX,1.1999999999999999e-05
2026-04-27 09:07:00,PENGU,1.1999999999999999e-05
2026-04-27 09:07:00,SKR,1.1999999999999999e-05
2026-04-27 09:07:00,FIL,-1.9e-05
2026-04-27 09:07:00,BERA,-7.1e-05
2026-04-27 09:07:00,SKY,1.1999999999999999e-05
2026-04-27 09:07:00,PENDLE,1.1999999999999999e-05
2026-04-27 09:07:00,XLM,-5.2e-05
2026-04-27 09:07:00,MEGA,1.1999999999999999e-05
2026-04-27 09:07:00,BCH,1.1999999999999999e-05
2026-04-27 09:07:00,2Z,1.1999999999999999e-05
2026-04-27 09:07:00,ZK,1.1999999999999999e-05
2026-04-27 09:07:00,PYTH,1.1999999999999999e-05
2026-04-27 09:07:00,MET,1.1999999999999999e-05
2026-04-27 09:07:00,MON,1.1000000000000001e-05
2026-04-27 09:07:00,JTO,-1.5e-05
2026-04-27 09:07:00,FOGO,1.1999999999999999e-05
2026-04-27 09:07:00,HYPE,1.1999999999999999e-05
2026-04-27 09:07:00,0G,-0.000477
2026-04-27 09:07:00,WLD,-3e-05
2026-04-27 09:07:00,ZRO,1.1999999999999999e-05
2026-04-27 09:07:00,LTC,-3.5000000000000004e-05
2026-04-27 09:07:00,TRUMP,-3.6e-05
2026-04-27 09:07:00,POL,1e-05
2026-04-27 09:07:00,POPCAT,1.1999999999999999e-05
2026-04-27 09:07:00,LINK,1.1999999999999999e-05
2026-04-27 09:07:00,KAITO,7e-06
2026-04-27 09:07:00,PROVE,1e-05
2026-04-27 09:07:00,UNI,1.1999999999999999e-05
2026-04-27 09:07:00,APEX,1.1999999999999999e-05
2026-04-27 09:07:00,ZEC,1.1999999999999999e-05
2026-04-27 09:07:00,ASTER,-8.800000000000001e-05
2026-04-27 09:07:00,WLFI,1.1999999999999999e-05
2026-04-27 09:07:00,ARB,1.1999999999999999e-05
2026-04-27 09:07:00,SOL,4e-06
2026-04-27 09:07:00,LDO,1.1999999999999999e-05
2026-04-27 09:07:00,TIA,0.0
2026-04-27 09:07:00,AZTEC,2.2000000000000003e-05
2026-04-27 09:07:00,STABLE,-8.9e-05
2026-04-27 09:07:00,AERO,1.1999999999999999e-05
2026-04-27 09:07:00,XRP,-2.3e-05
2026-04-27 10:07:01,JTO,2e-06
2026-04-27 10:07:01,AVAX,1.1999999999999999e-05
2026-04-27 10:07:01,POL,1.1999999999999999e-05
2026-04-27 10:07:01,PENDLE,1.1999999999999999e-05
2026-04-27 10:07:01,JUP,1.1999999999999999e-05
2026-04-27 10:07:01,ETH,-1.3e-05
2026-04-27 10:07:01,AXS,1.1999999999999999e-05
2026-04-27 10:07:01,WLD,-4.7999999999999994e-05
2026-04-27 10:07:01,MNT,1.1999999999999999e-05
2026-04-27 10:07:01,CRV,0.0
2026-04-27 10:07:01,TIA,-2.9999999999999997e-06
2026-04-27 10:07:01,S,-2e-06
2026-04-27 10:07:01,CC,1.1999999999999999e-05
2026-04-27 10:07:01,WIF,1.1999999999999999e-05
2026-04-27 10:07:01,XRP,-9e-06
2026-04-27 10:07:01,TAO,1.1999999999999999e-05
2026-04-27 10:07:01,ADA,-1.6e-05
2026-04-27 10:07:01,FOGO,1.1999999999999999e-05
2026-04-27 10:07:01,ZRO,1.1999999999999999e-05
2026-04-27 10:07:01,APT,1.1999999999999999e-05
2026-04-27 10:07:01,LINK,1.1999999999999999e-05
2026-04-27 10:07:01,IP,1.1999999999999999e-05
2026-04-27 10:07:01,GRASS,1.1999999999999999e-05
2026-04-27 10:07:01,SKY,1.1999999999999999e-05
2026-04-27 10:07:01,STRK,1e-05
2026-04-27 10:07:01,ZORA,-0.000114
2026-04-27 10:07:01,ZEC,1.1999999999999999e-05
2026-04-27 10:07:01,TRX,8e-06
2026-04-27 10:07:01,XMR,3.8e-05
2026-04-27 10:07:01,RESOLV,1.1999999999999999e-05
2026-04-27 10:07:01,AZTEC,-6.2e-05
2026-04-27 10:07:01,EIGEN,1.1000000000000001e-05
2026-04-27 10:07:01,OP,0.0
2026-04-27 10:07:01,SOL,2e-06
2026-04-27 10:07:01,HBAR,1.1999999999999999e-05
2026-04-27 10:07:01,KAITO,1.1999999999999999e-05
2026-04-27 10:07:01,SUI,-1.7e-05
2026-04-27 10:07:01,AERO,1.1999999999999999e-05
2026-04-27 10:07:01,DASH,1.1999999999999999e-05
2026-04-27 10:07:01,STABLE,1.1000000000000001e-05
2026-04-27 10:07:01,VIRTUAL,1.1999999999999999e-05
2026-04-27 10:07:01,LDO,1.1999999999999999e-05
2026-04-27 10:07:01,VVV,1.1999999999999999e-05
2026-04-27 10:07:01,PENGU,1.1999999999999999e-05
2026-04-27 10:07:01,0G,-0.00040300000000000004
2026-04-27 10:07:01,SEI,1.1999999999999999e-05
2026-04-27 10:07:01,ONDO,1.1999999999999999e-05
2026-04-27 10:07:01,SKR,1.1999999999999999e-05
2026-04-27 10:07:01,NEAR,1.1999999999999999e-05
2026-04-27 10:07:01,LTC,-2.7000000000000002e-05
2026-04-27 10:07:01,BCH,1.1999999999999999e-05
2026-04-27 10:07:01,XLM,-5.9e-05
2026-04-27 10:07:01,LINEA,9e-06
2026-04-27 10:07:01,BERA,-4.9e-05
2026-04-27 10:07:01,SPX,1.1999999999999999e-05
2026-04-27 10:07:01,PYTH,1.1999999999999999e-05
2026-04-27 10:07:01,MON,1.1999999999999999e-05
2026-04-27 10:07:01,ICP,-5e-05
2026-04-27 10:07:01,HYPE,9e-06
2026-04-27 10:07:01,FARTCOIN,1.1999999999999999e-05
2026-04-27 10:07:01,BNB,-9e-06
2026-04-27 10:07:01,CHIP,-0.000164
2026-04-27 10:07:01,MORPHO,1.1000000000000001e-05
2026-04-27 10:07:01,TON,-3e-05
2026-04-27 10:07:01,PROVE,1.1999999999999999e-05
2026-04-27 10:07:01,STBL,1.1999999999999999e-05
2026-04-27 10:07:01,POPCAT,1.1999999999999999e-05
2026-04-27 10:07:01,AAVE,1.1999999999999999e-05
2026-04-27 10:07:01,ENA,-1.6e-05
2026-04-27 10:07:01,DYDX,1.1999999999999999e-05
2026-04-27 10:07:01,GMX,1.1999999999999999e-05
2026-04-27 10:07:01,APEX,1.1999999999999999e-05
2026-04-27 10:07:01,BTC,-1e-05
2026-04-27 10:07:01,ETHFI,1.1999999999999999e-05
2026-04-27 10:07:01,XPL,1.1999999999999999e-05
2026-04-27 10:07:01,MET,1.1999999999999999e-05
2026-04-27 10:07:01,AVNT,1.1999999999999999e-05
2026-04-27 10:07:01,MEGA,1.1999999999999999e-05
2026-04-27 10:07:01,ZK,1e-05
2026-04-27 10:07:01,2Z,-1.1000000000000001e-05
2026-04-27 10:07:01,ASTER,-5.3e-05
2026-04-27 10:07:01,LIT,1.1999999999999999e-05
2026-04-27 10:07:01,WLFI,1.1999999999999999e-05
2026-04-27 10:07:01,DOT,8e-06
2026-04-27 10:07:01,FIL,-5e-06
2026-04-27 10:07:01,PUMP,1.1999999999999999e-05
2026-04-27 10:07:01,SYRUP,1.1999999999999999e-05
2026-04-27 10:07:01,PAXG,1.1999999999999999e-05
2026-04-27 10:07:01,ARB,1.1999999999999999e-05
2026-04-27 10:07:01,YZY,-0.000557
2026-04-27 10:07:01,UNI,1.1999999999999999e-05
2026-04-27 10:07:01,DOGE,1.1999999999999999e-05
2026-04-27 10:07:01,TRUMP,-5.4000000000000005e-05
2026-04-27 11:07:00,KAITO,1.1999999999999999e-05
2026-04-27 11:07:00,ETH,1e-06
2026-04-27 11:07:00,MNT,1.1999999999999999e-05
2026-04-27 11:07:00,APT,1.1999999999999999e-05
2026-04-27 11:07:00,RESOLV,-1.1000000000000001e-05
2026-04-27 11:07:00,TRUMP,-6.9e-05
2026-04-27 11:07:00,ASTER,-3.2e-05
2026-04-27 11:07:00,XLM,-6.1000000000000005e-05
2026-04-27 11:07:00,LINEA,1.1999999999999999e-05
2026-04-27 11:07:00,PAXG,1.1999999999999999e-05
2026-04-27 11:07:00,ZRO,1.1999999999999999e-05
2026-04-27 11:07:00,DOT,1.1999999999999999e-05
2026-04-27 11:07:00,STABLE,1.1999999999999999e-05
2026-04-27 11:07:00,AVAX,5.999999999999999e-06
2026-04-27 11:07:00,AVNT,1.1999999999999999e-05
2026-04-27 11:07:00,WIF,-1.1999999999999999e-05
2026-04-27 11:07:00,HBAR,1.1999999999999999e-05
2026-04-27 11:07:00,PUMP,1.1999999999999999e-05
2026-04-27 11:07:00,PYTH,1.1999999999999999e-05
2026-04-27 11:07:00,EIGEN,1.1999999999999999e-05
2026-04-27 11:07:00,LTC,-2.5e-05
2026-04-27 11:07:00,XPL,1.1999999999999999e-05
2026-04-27 11:07:00,ADA,-8e-06
2026-04-27 11:07:00,CHIP,-0.000277
2026-04-27 11:07:00,CC,1.1999999999999999e-05
2026-04-27 11:07:00,2Z,1.1999999999999999e-05
2026-04-27 11:07:00,DOGE,1.1999999999999999e-05
2026-04-27 11:07:00,ZORA,-7.1e-05
2026-04-27 11:07:00,XRP,-1.5e-05
2026-04-27 11:07:00,ONDO,1.1999999999999999e-05
2026-04-27 11:07:00,ICP,-7.1e-05
2026-04-27 11:07:00,TIA,-1e-05
2026-04-27 11:07:00,APEX,1.1999999999999999e-05
2026-04-27 11:07:00,MET,1.1999999999999999e-05
2026-04-27 11:07:00,WLFI,1.1999999999999999e-05
2026-04-27 11:07:00,SPX,1.1999999999999999e-05
2026-04-27 11:07:00,GMX,0.0
2026-04-27 11:07:00,PENGU,4e-06
2026-04-27 11:07:00,HYPE,1.1999999999999999e-05
2026-04-27 11:07:00,DASH,1.1999999999999999e-05
2026-04-27 11:07:00,TON,-7e-06
2026-04-27 11:07:00,TRX,1.1999999999999999e-05
2026-04-27 11:07:00,BNB,0.0
2026-04-27 11:07:00,OP,1.1999999999999999e-05
2026-04-27 11:07:00,UNI,1.1999999999999999e-05
2026-04-27 11:07:00,AZTEC,5.999999999999999e-06
2026-04-27 11:07:00,ARB,1.1999999999999999e-05
2026-04-27 11:07:00,SYRUP,1.1999999999999999e-05
2026-04-27 11:07:00,MORPHO,2.9999999999999997e-06
2026-04-27 11:07:00,AAVE,1.1999999999999999e-05
2026-04-27 11:07:00,SKR,-2.2000000000000003e-05
2026-04-27 11:07:00,TAO,1.1999999999999999e-05
2026-04-27 11:07:00,WLD,-7.400000000000001e-05
2026-04-27 11:07:00,FARTCOIN,1.1999999999999999e-05
2026-04-27 11:07:00,SOL,1.1000000000000001e-05
2026-04-27 11:07:00,YZY,-9.900000000000001e-05
2026-04-27 11:07:00,NEAR,1.1999999999999999e-05
2026-04-27 11:07:00,ETHFI,1.1999999999999999e-05
2026-04-27 11:07:00,CRV,9e-06
2026-04-27 11:07:00,AXS,1.1999999999999999e-05
2026-04-27 11:07:00,FOGO,8e-06
2026-04-27 11:07:00,JTO,-2e-05
2026-04-27 11:07:00,STBL,1.1999999999999999e-05
2026-04-27 11:07:00,VIRTUAL,1.1999999999999999e-05
2026-04-27 11:07:00,FIL,1e-05
2026-04-27 11:07:00,BTC,1e-06
2026-04-27 11:07:00,JUP,1.1999999999999999e-05
2026-04-27 11:07:00,ENA,1.1000000000000001e-05
2026-04-27 11:07:00,SKY,1.1999999999999999e-05
2026-04-27 11:07:00,S,7e-06
2026-04-27 11:07:00,PROVE,-7.6e-05
2026-04-27 11:07:00,LIT,1.1999999999999999e-05
2026-04-27 11:07:00,ZK,-8e-06
2026-04-27 11:07:00,BCH,1.1999999999999999e-05
2026-04-27 11:07:00,MEGA,-0.001934
2026-04-27 11:07:00,SUI,-2e-06
2026-04-27 11:07:00,0G,-0.000433
2026-04-27 11:07:00,LDO,1.1999999999999999e-05
2026-04-27 11:07:00,VVV,1.7e-05
2026-04-27 11:07:00,PENDLE,1.1999999999999999e-05
2026-04-27 11:07:00,LINK,1.1999999999999999e-05
2026-04-27 11:07:00,DYDX,1.1999999999999999e-05
2026-04-27 11:07:00,STRK,-2e-06
2026-04-27 11:07:00,AERO,1.1999999999999999e-05
2026-04-27 11:07:00,MON,5.999999999999999e-06
2026-04-27 11:07:00,ZEC,1.1999999999999999e-05
2026-04-27 11:07:00,BERA,-7.6e-05
2026-04-27 11:07:00,IP,1.1999999999999999e-05
2026-04-27 11:07:00,SEI,1.1999999999999999e-05
2026-04-27 11:07:00,GRASS,1.1999999999999999e-05
2026-04-27 11:07:00,XMR,3.2e-05
2026-04-27 11:07:00,POL,1.1999999999999999e-05
2026-04-27 11:07:00,POPCAT,1.1999999999999999e-05
2026-04-27 12:07:00,BCH,1.1999999999999999e-05
2026-04-27 12:07:00,HBAR,1.1999999999999999e-05
2026-04-27 12:07:00,PROVE,-5.6e-05
2026-04-27 12:07:00,LINK,1.1999999999999999e-05
2026-04-27 12:07:00,BNB,1e-05
2026-04-27 12:07:00,SKY,1.1999999999999999e-05
2026-04-27 12:07:00,MET,1.1999999999999999e-05
2026-04-27 12:07:00,FARTCOIN,1.1999999999999999e-05
2026-04-27 12:07:00,DASH,-2.5e-05
2026-04-27 12:07:00,ONDO,1.1999999999999999e-05
2026-04-27 12:07:00,SOL,2e-06
2026-04-27 12:07:00,TRUMP,-9.7e-05
2026-04-27 12:07:00,AVNT,1.1999999999999999e-05
2026-04-27 12:07:00,ASTER,-3e-05
2026-04-27 12:07:00,XRP,-1.5e-05
2026-04-27 12:07:00,EIGEN,1e-05
2026-04-27 12:07:00,MON,5e-06
2026-04-27 12:07:00,WLFI,1.1999999999999999e-05
2026-04-27 12:07:00,HYPE,-3.4e-05
2026-04-27 12:07:00,XLM,-5.7999999999999994e-05
2026-04-27 12:07:00,MORPHO,-4.7000000000000004e-05
2026-04-27 12:07:00,ENA,1.1999999999999999e-05
2026-04-27 12:07:00,IP,1.1999999999999999e-05
2026-04-27 12:07:00,KAITO,-1.3e-05
2026-04-27 12:07:00,ADA,-2e-05
2026-04-27 12:07:00,TAO,1.1999999999999999e-05
2026-04-27 12:07:00,POL,1.1999999999999999e-05
2026-04-27 12:07:00,PUMP,1.1999999999999999e-05
2026-04-27 12:07:00,XMR,1.7e-05
2026-04-27 12:07:00,SEI,1.1999999999999999e-05
2026-04-27 12:07:00,CC,1.1999999999999999e-05
2026-04-27 12:07:00,SPX,1.1999999999999999e-05
2026-04-27 12:07:00,APEX,1.1999999999999999e-05
2026-04-27 12:07:00,TIA,-1e-06
2026-04-27 12:07:00,MNT,1.1999999999999999e-05
2026-04-27 12:07:00,APT,1.1999999999999999e-05
2026-04-27 12:07:00,ZORA,-0.00010800000000000001
2026-04-27 12:07:00,FOGO,5.999999999999999e-06
2026-04-27 12:07:00,NEAR,1.1999999999999999e-05
2026-04-27 12:07:00,PENDLE,1.1999999999999999e-05
2026-04-27 12:07:00,PAXG,1.1999999999999999e-05
2026-04-27 12:07:00,BTC,-1.1999999999999999e-05
2026-04-27 12:07:00,TON,1.1999999999999999e-05
2026-04-27 12:07:00,BERA,-0.000127
2026-04-27 12:07:00,WIF,-2e-06
2026-04-27 12:07:00,PYTH,1.1999999999999999e-05
2026-04-27 12:07:00,ETH,-1.6e-05
2026-04-27 12:07:00,ETHFI,1.1999999999999999e-05
2026-04-27 12:07:00,SUI,-2.2000000000000003e-05
2026-04-27 12:07:00,LDO,1.1999999999999999e-05
2026-04-27 12:07:00,AVAX,1.1999999999999999e-05
2026-04-27 12:07:00,UNI,1.1999999999999999e-05
2026-04-27 12:07:00,PENGU,-7e-06
2026-04-27 12:07:00,TRX,1.1000000000000001e-05
2026-04-27 12:07:00,SYRUP,1.1999999999999999e-05
2026-04-27 12:07:00,GMX,-4.4000000000000006e-05
2026-04-27 12:07:00,ICP,-2.6e-05
2026-04-27 12:07:00,GRASS,1.1999999999999999e-05
2026-04-27 12:07:00,LINEA,-6.1000000000000005e-05
2026-04-27 12:07:00,CHIP,-8.6e-05
2026-04-27 12:07:00,S,1.1000000000000001e-05
2026-04-27 12:07:00,OP,1.1999999999999999e-05
2026-04-27 12:07:00,DYDX,1.1999999999999999e-05
2026-04-27 12:07:00,STABLE,1.1000000000000001e-05
2026-04-27 12:07:00,JTO,9e-06
2026-04-27 12:07:00,ARB,1.1999999999999999e-05
2026-04-27 12:07:00,DOGE,1.1999999999999999e-05
2026-04-27 12:07:00,SKR,-2.9999999999999997e-06
2026-04-27 12:07:00,ZEC,4e-06
2026-04-27 12:07:00,ZK,-1.7e-05
2026-04-27 12:07:00,MEGA,-0.00043499999999999995
2026-04-27 12:07:00,AAVE,1.1999999999999999e-05
2026-04-27 12:07:00,YZY,-0.000449
2026-04-27 12:07:00,AZTEC,1.1999999999999999e-05
2026-04-27 12:07:00,WLD,-8.7e-05
2026-04-27 12:07:00,AXS,-1.6e-05
2026-04-27 12:07:00,VIRTUAL,1.1999999999999999e-05
2026-04-27 12:07:00,RESOLV,1.1000000000000001e-05
2026-04-27 12:07:00,STBL,1.1999999999999999e-05
2026-04-27 12:07:00,JUP,1.1999999999999999e-05
2026-04-27 12:07:00,CRV,1.1999999999999999e-05
2026-04-27 12:07:00,ZRO,1.1999999999999999e-05
2026-04-27 12:07:00,XPL,1.1999999999999999e-05
2026-04-27 12:07:00,FIL,1.1999999999999999e-05
2026-04-27 12:07:00,AERO,1.1999999999999999e-05
2026-04-27 12:07:00,VVV,1.8e-05
2026-04-27 12:07:00,2Z,1.1999999999999999e-05
2026-04-27 12:07:00,0G,-0.000505
2026-04-27 12:07:00,LIT,1.1999999999999999e-05
2026-04-27 12:07:00,POPCAT,1.1999999999999999e-05
2026-04-27 12:07:00,STRK,1e-05
2026-04-27 12:07:00,DOT,1.1999999999999999e-05
2026-04-27 12:07:00,LTC,-4e-06
2026-04-27 13:07:00,ONDO,1.1999999999999999e-05
2026-04-27 13:07:00,ZORA,-4.3e-05
2026-04-27 13:07:00,MNT,1.1999999999999999e-05
2026-04-27 13:07:00,PUMP,1.1999999999999999e-05
2026-04-27 13:07:00,SEI,1.1999999999999999e-05
2026-04-27 13:07:00,XRP,-8e-06
2026-04-27 13:07:00,RESOLV,1.1999999999999999e-05
2026-04-27 13:07:00,TRUMP,-9.900000000000001e-05
2026-04-27 13:07:00,WLD,-3.5000000000000004e-05
2026-04-27 13:07:00,MET,1.1999999999999999e-05
2026-04-27 13:07:00,WLFI,2.9999999999999997e-06
2026-04-27 13:07:00,YZY,-3.1e-05
2026-04-27 13:07:00,TIA,1.1000000000000001e-05
2026-04-27 13:07:00,ETHFI,1.1999999999999999e-05
2026-04-27 13:07:00,DOT,1.1999999999999999e-05
2026-04-27 13:07:00,ARB,1.1999999999999999e-05
2026-04-27 13:07:00,ETH,-2e-06
2026-04-27 13:07:00,POPCAT,1.1999999999999999e-05
2026-04-27 13:07:00,JUP,-2.9999999999999997e-06
2026-04-27 13:07:00,APEX,1.1999999999999999e-05
2026-04-27 13:07:00,AVAX,1.1999999999999999e-05
2026-04-27 13:07:00,TRX,9e-06
2026-04-27 13:07:00,HBAR,1.1999999999999999e-05
2026-04-27 13:07:00,FARTCOIN,1.1999999999999999e-05
2026-04-27 13:07:00,SUI,-7e-06
2026-04-27 13:07:00,DOGE,1.1999999999999999e-05
2026-04-27 13:07:00,CRV,1.1999999999999999e-05
2026-04-27 13:07:00,MEGA,-0.00028199999999999997
2026-04-27 13:07:00,MON,1.1999999999999999e-05
2026-04-27 13:07:00,STRK,1.1000000000000001e-05
2026-04-27 13:07:00,BNB,1.1000000000000001e-05
2026-04-27 13:07:00,XMR,5.4000000000000005e-05
2026-04-27 13:07:00,BERA,-8.9e-05
2026-04-27 13:07:00,EIGEN,4e-06
2026-04-27 13:07:00,ZEC,2e-06
2026-04-27 13:07:00,PROVE,-2.7000000000000002e-05
2026-04-27 13:07:00,AXS,7e-06
2026-04-27 13:07:00,SPX,1.1999999999999999e-05
2026-04-27 13:07:00,ADA,1e-06
2026-04-27 13:07:00,LTC,-1.8e-05
2026-04-27 13:07:00,IP,1.1999999999999999e-05
2026-04-27 13:07:00,POL,-1.1999999999999999e-05
2026-04-27 13:07:00,HYPE,1e-05
2026-04-27 13:07:00,LINEA,-8.7e-05
2026-04-27 13:07:00,AVNT,1.1999999999999999e-05
2026-04-27 13:07:00,ZRO,1.1999999999999999e-05
2026-04-27 13:07:00,SKY,4e-06
2026-04-27 13:07:00,SKR,-3.3e-05
2026-04-27 13:07:00,TAO,1.1999999999999999e-05
2026-04-27 13:07:00,OP,1.1999999999999999e-05
2026-04-27 13:07:00,2Z,1.1999999999999999e-05
2026-04-27 13:07:00,FIL,2.9999999999999997e-06
2026-04-27 13:07:00,LINK,1.1999999999999999e-05
2026-04-27 13:07:00,PENGU,1.1999999999999999e-05
2026-04-27 13:07:00,0G,-0.000442
2026-04-27 13:07:00,PYTH,1.1999999999999999e-05
2026-04-27 13:07:00,AERO,1.1999999999999999e-05
2026-04-27 13:07:00,FOGO,-1.5e-05
2026-04-27 13:07:00,ENA,1.1999999999999999e-05
2026-04-27 13:07:00,PENDLE,1.1999999999999999e-05
2026-04-27 13:07:00,S,1.1999999999999999e-05
2026-04-27 13:07:00,VVV,1.1999999999999999e-05
2026-04-27 13:07:00,WIF,1.1999999999999999e-05
2026-04-27 13:07:00,KAITO,1.1999999999999999e-05
2026-04-27 13:07:00,PAXG,1.1999999999999999e-05
2026-04-27 13:07:00,BCH,1.1999999999999999e-05
2026-04-27 13:07:00,LDO,1.1999999999999999e-05
2026-04-27 13:07:00,VIRTUAL,1.1999999999999999e-05
2026-04-27 13:07:00,ICP,-5.999999999999999e-06
2026-04-27 13:07:00,AZTEC,1.1999999999999999e-05
2026-04-27 13:07:00,MORPHO,-4e-06
2026-04-27 13:07:00,CHIP,-0.000201
2026-04-27 13:07:00,CC,1.1999999999999999e-05
2026-04-27 13:07:00,ASTER,-3.2e-05
2026-04-27 13:07:00,TON,1.1999999999999999e-05
2026-04-27 13:07:00,ZK,4e-06
2026-04-27 13:07:00,SYRUP,1.1999999999999999e-05
2026-04-27 13:07:00,JTO,-2.9999999999999997e-06
2026-04-27 13:07:00,GRASS,1.1999999999999999e-05
2026-04-27 13:07:00,DASH,-2.3e-05
2026-04-27 13:07:00,XLM,-4.7999999999999994e-05
2026-04-27 13:07:00,STABLE,1.1999999999999999e-05
2026-04-27 13:07:00,DYDX,1.1999999999999999e-05
2026-04-27 13:07:00,APT,1.1999999999999999e-05
2026-04-27 13:07:00,XPL,1.1999999999999999e-05
2026-04-27 13:07:00,SOL,8e-06
2026-04-27 13:07:00,UNI,1.1999999999999999e-05
2026-04-27 13:07:00,LIT,1.1999999999999999e-05
2026-04-27 13:07:00,NEAR,1.1999999999999999e-05
2026-04-27 13:07:00,GMX,-1.6e-05
2026-04-27 13:07:00,STBL,1.1999999999999999e-05
2026-04-27 13:07:00,AAVE,1.1999999999999999e-05
2026-04-27 13:07:00,BTC,-1.9e-05
2026-04-27 14:07:01,BTC,-1.6e-05
2026-04-27 14:07:01,VVV,8.3e-05
2026-04-27 14:07:01,STRK,5.999999999999999e-06
2026-04-27 14:07:01,SEI,1.1999999999999999e-05
2026-04-27 14:07:01,SKR,-1.8e-05
2026-04-27 14:07:01,STABLE,1.1999999999999999e-05
2026-04-27 14:07:01,TRX,1e-05
2026-04-27 14:07:01,ONDO,1.1999999999999999e-05
2026-04-27 14:07:01,LTC,1.1999999999999999e-05
2026-04-27 14:07:01,FIL,1.1000000000000001e-05
2026-04-27 14:07:01,LINK,1.1999999999999999e-05
2026-04-27 14:07:01,XMR,1.1999999999999999e-05
2026-04-27 14:07:01,STBL,1.1999999999999999e-05
2026-04-27 14:07:01,BCH,1.1999999999999999e-05
2026-04-27 14:07:01,0G,-0.00037400000000000004
2026-04-27 14:07:01,MEGA,-1e-06
2026-04-27 14:07:01,BNB,1.1000000000000001e-05
2026-04-27 14:07:01,AAVE,1.1999999999999999e-05
2026-04-27 14:07:01,MON,7e-06
2026-04-27 14:07:01,DASH,-1.9e-05
2026-04-27 14:07:01,FARTCOIN,1.1999999999999999e-05
2026-04-27 14:07:01,WIF,1.1999999999999999e-05
2026-04-27 14:07:01,SUI,1e-05
2026-04-27 14:07:01,CC,1.1999999999999999e-05
2026-04-27 14:07:01,LDO,1.1999999999999999e-05
2026-04-27 14:07:01,ETH,-8e-06
2026-04-27 14:07:01,SOL,5e-06
2026-04-27 14:07:01,CRV,1.1999999999999999e-05
2026-04-27 14:07:01,ADA,9e-06
2026-04-27 14:07:01,AXS,-1.9e-05
2026-04-27 14:07:01,MET,1.1999999999999999e-05
2026-04-27 14:07:01,HBAR,1.1999999999999999e-05
2026-04-27 14:07:01,MORPHO,8e-06
2026-04-27 14:07:01,VIRTUAL,1.1999999999999999e-05
2026-04-27 14:07:01,PUMP,1.1999999999999999e-05
2026-04-27 14:07:01,POL,1.1999999999999999e-05
2026-04-27 14:07:01,ASTER,-3.1e-05
2026-04-27 14:07:01,ZRO,1.1999999999999999e-05
2026-04-27 14:07:01,TRUMP,-8.099999999999999e-05
2026-04-27 14:07:01,PENDLE,1.1999999999999999e-05
2026-04-27 14:07:01,DYDX,1.1999999999999999e-05
2026-04-27 14:07:01,S,1.1000000000000001e-05
2026-04-27 14:07:01,XRP,7e-06
2026-04-27 14:07:01,ZORA,-2.8999999999999997e-05
2026-04-27 14:07:01,TON,1.1999999999999999e-05
2026-04-27 14:07:01,AVNT,1.1999999999999999e-05
2026-04-27 14:07:01,ETHFI,1.1999999999999999e-05
2026-04-27 14:07:01,TAO,1.1999999999999999e-05
2026-04-27 14:07:01,PENGU,1.1999999999999999e-05
2026-04-27 14:07:01,HYPE,1.1999999999999999e-05
2026-04-27 14:07:01,2Z,1.1999999999999999e-05
2026-04-27 14:07:01,EIGEN,1.1000000000000001e-05
2026-04-27 14:07:01,YZY,1.1999999999999999e-05
2026-04-27 14:07:01,SKY,1.1999999999999999e-05
2026-04-27 14:07:01,ZK,9e-06
2026-04-27 14:07:01,ENA,1.1999999999999999e-05
2026-04-27 14:07:01,AERO,1.1999999999999999e-05
2026-04-27 14:07:01,APT,1.1999999999999999e-05
2026-04-27 14:07:01,WLD,-6.6e-05
2026-04-27 14:07:01,APEX,1.1999999999999999e-05
2026-04-27 14:07:01,AVAX,1.1999999999999999e-05
2026-04-27 14:07:01,UNI,1.1999999999999999e-05
2026-04-27 14:07:01,ZEC,2.9999999999999997e-06
2026-04-27 14:07:01,GMX,-1.6e-05
2026-04-27 14:07:01,XPL,1.1999999999999999e-05
2026-04-27 14:07:01,JUP,1.1999999999999999e-05
2026-04-27 14:07:01,ARB,1.1999999999999999e-05
2026-04-27 14:07:01,PAXG,1.1999999999999999e-05
2026-04-27 14:07:01,LIT,1.1999999999999999e-05
2026-04-27 14:07:01,IP,1.1999999999999999e-05
2026-04-27 14:07:01,XLM,-7.400000000000001e-05
2026-04-27 14:07:01,BERA,-0.000104
2026-04-27 14:07:01,SYRUP,1.1999999999999999e-05
2026-04-27 14:07:01,OP,1.1999999999999999e-05
2026-04-27 14:07:01,TIA,1e-05
2026-04-27 14:07:01,POPCAT,1.1999999999999999e-05
2026-04-27 14:07:01,LINEA,5.999999999999999e-06
2026-04-27 14:07:01,KAITO,5e-06
2026-04-27 14:07:01,JTO,1.1999999999999999e-05
2026-04-27 14:07:01,FOGO,1e-05
2026-04-27 14:07:01,DOT,1.1999999999999999e-05
2026-04-27 14:07:01,ICP,9e-06
2026-04-27 14:07:01,PROVE,8e-06
2026-04-27 14:07:01,NEAR,1.1999999999999999e-05
2026-04-27 14:07:01,MNT,1.1999999999999999e-05
2026-04-27 14:07:01,DOGE,1.1999999999999999e-05
2026-04-27 14:07:01,SPX,1.1999999999999999e-05
2026-04-27 14:07:01,AZTEC,1.1999999999999999e-05
2026-04-27 14:07:01,PYTH,1.1999999999999999e-05
2026-04-27 14:07:01,RESOLV,1.1999999999999999e-05
2026-04-27 14:07:01,CHIP,-0.00021700000000000002
2026-04-27 14:07:01,WLFI,1e-06
2026-04-27 14:07:01,GRASS,1.1999999999999999e-05
2026-04-27 15:07:00,STRK,9e-06
2026-04-27 15:07:00,DYDX,1.1999999999999999e-05
2026-04-27 15:07:00,APEX,1.1999999999999999e-05
2026-04-27 15:07:00,YZY,1.1999999999999999e-05
2026-04-27 15:07:00,PROVE,-4.9e-05
2026-04-27 15:07:00,UNI,1.1999999999999999e-05
2026-04-27 15:07:00,RESOLV,1.1999999999999999e-05
2026-04-27 15:07:00,ONDO,1.1999999999999999e-05
2026-04-27 15:07:00,MORPHO,1.1999999999999999e-05
2026-04-27 15:07:00,AERO,1.1999999999999999e-05
2026-04-27 15:07:00,TRUMP,-0.000118
2026-04-27 15:07:00,SKR,-4.7000000000000004e-05
2026-04-27 15:07:00,STBL,1.1999999999999999e-05
2026-04-27 15:07:00,GMX,-4e-06
2026-04-27 15:07:00,MEGA,1.1999999999999999e-05
2026-04-27 15:07:00,BCH,1.1999999999999999e-05
2026-04-27 15:07:00,MET,1.1999999999999999e-05
2026-04-27 15:07:00,LINEA,-2.6e-05
2026-04-27 15:07:00,DOGE,1.1999999999999999e-05
2026-04-27 15:07:00,SOL,5.999999999999999e-06
2026-04-27 15:07:00,WLFI,-1e-06
2026-04-27 15:07:00,PENDLE,1.1999999999999999e-05
2026-04-27 15:07:00,0G,-0.003401
2026-04-27 15:07:00,CHIP,-0.000149
2026-04-27 15:07:00,WIF,9e-06
2026-04-27 15:07:00,PAXG,1.1999999999999999e-05
2026-04-27 15:07:00,DOT,1.1000000000000001e-05
2026-04-27 15:07:00,EIGEN,1.1999999999999999e-05
2026-04-27 15:07:00,XMR,1.1999999999999999e-05
2026-04-27 15:07:00,GRASS,1.1999999999999999e-05
2026-04-27 15:07:00,LINK,1.1999999999999999e-05
2026-04-27 15:07:00,ASTER,-4e-06
2026-04-27 15:07:00,BERA,-8.2e-05
2026-04-27 15:07:00,SKY,1.1999999999999999e-05
2026-04-27 15:07:00,ICP,-8e-06
2026-04-27 15:07:00,PYTH,1.1999999999999999e-05
2026-04-27 15:07:00,ZK,1.1999999999999999e-05
2026-04-27 15:07:00,VIRTUAL,1.1999999999999999e-05
2026-04-27 15:07:00,AVNT,-7e-06
2026-04-27 15:07:00,HYPE,5e-06
2026-04-27 15:07:00,WLD,-7.000000000000001e-05
2026-04-27 15:07:00,IP,1.1999999999999999e-05
2026-04-27 15:07:00,PENGU,1.1999999999999999e-05
2026-04-27 15:07:00,MON,2e-06
2026-04-27 15:07:00,SYRUP,1.1999999999999999e-05
2026-04-27 15:07:00,SPX,-2.1e-05
2026-04-27 15:07:00,TIA,8e-06
2026-04-27 15:07:00,ETH,-2.7000000000000002e-05
2026-04-27 15:07:00,OP,1.1999999999999999e-05
2026-04-27 15:07:00,ZORA,-8.6e-05
2026-04-27 15:07:00,FARTCOIN,1.1999999999999999e-05
2026-04-27 15:07:00,NEAR,1.1999999999999999e-05
2026-04-27 15:07:00,STABLE,7e-06
2026-04-27 15:07:00,LDO,1.1999999999999999e-05
2026-04-27 15:07:00,TAO,1.1999999999999999e-05
2026-04-27 15:07:00,SUI,1.1999999999999999e-05
2026-04-27 15:07:00,PUMP,1.1999999999999999e-05
2026-04-27 15:07:00,BTC,-5e-06
2026-04-27 15:07:00,APT,1.1999999999999999e-05
2026-04-27 15:07:00,CC,-1.3e-05
2026-04-27 15:07:00,KAITO,1.1999999999999999e-05
2026-04-27 15:07:00,FOGO,-1.8e-05
2026-04-27 15:07:00,AZTEC,-3.2e-05
2026-04-27 15:07:00,ARB,1.1999999999999999e-05
2026-04-27 15:07:00,BNB,1.1999999999999999e-05
2026-04-27 15:07:00,CRV,1.1999999999999999e-05
2026-04-27 15:07:00,ZEC,1.1999999999999999e-05
2026-04-27 15:07:00,AAVE,1.1999999999999999e-05
2026-04-27 15:07:00,2Z,1.1000000000000001e-05
2026-04-27 15:07:00,POL,1.1999999999999999e-05
2026-04-27 15:07:00,ZRO,1.1999999999999999e-05
2026-04-27 15:07:00,VVV,1.3e-05
2026-04-27 15:07:00,HBAR,1.1999999999999999e-05
2026-04-27 15:07:00,TRX,1.1999999999999999e-05
2026-04-27 15:07:00,LTC,1.1999999999999999e-05
2026-04-27 15:07:00,ADA,1.1999999999999999e-05
2026-04-27 15:07:00,TON,1.1999999999999999e-05
2026-04-27 15:07:00,ENA,1.1999999999999999e-05
2026-04-27 15:07:00,JTO,8e-06
2026-04-27 15:07:00,XRP,1e-06
2026-04-27 15:07:00,AVAX,1.1999999999999999e-05
2026-04-27 15:07:00,XPL,-1e-06
2026-04-27 15:07:00,FIL,1.1999999999999999e-05
2026-04-27 15:07:00,POPCAT,1.1999999999999999e-05
2026-04-27 15:07:00,LIT,1.1999999999999999e-05
2026-04-27 15:07:00,MNT,1.1999999999999999e-05
2026-04-27 15:07:00,DASH,-1.3e-05
2026-04-27 15:07:00,SEI,2e-06
2026-04-27 15:07:00,JUP,1.1999999999999999e-05
2026-04-27 15:07:00,AXS,-1e-06
2026-04-27 15:07:00,ETHFI,1.1999999999999999e-05
2026-04-27 15:07:00,S,5e-06
2026-04-27 15:07:00,XLM,-6.4e-05
2026-04-27 21:07:00,ZK,0.0
2026-04-27 21:07:00,STBL,1.1999999999999999e-05
2026-04-27 21:07:00,CHIP,-0.000313
2026-04-27 21:07:00,UNI,1.1999999999999999e-05
2026-04-27 21:07:00,MEGA,1.1999999999999999e-05
2026-04-27 21:07:00,ARB,1.1999999999999999e-05
2026-04-27 21:07:00,LIT,1.1999999999999999e-05
2026-04-27 21:07:00,AXS,-1.9e-05
2026-04-27 21:07:00,PENGU,1.1999999999999999e-05
2026-04-27 21:07:00,ICP,-9.400000000000001e-05
2026-04-27 21:07:00,POL,-1.1999999999999999e-05
2026-04-27 21:07:00,CRV,1e-05
2026-04-27 21:07:00,FARTCOIN,1.1999999999999999e-05
2026-04-27 21:07:00,GRASS,1.1999999999999999e-05
2026-04-27 21:07:00,APT,1.1999999999999999e-05
2026-04-27 21:07:00,OP,1.1000000000000001e-05
2026-04-27 21:07:00,FOGO,1.1999999999999999e-05
2026-04-27 21:07:00,TON,5.999999999999999e-06
2026-04-27 21:07:00,APEX,1.1999999999999999e-05
2026-04-27 21:07:00,DOT,1.1999999999999999e-05
2026-04-27 21:07:00,ZRO,1.1999999999999999e-05
2026-04-27 21:07:00,GMX,-1e-05
2026-04-27 21:07:00,AZTEC,1.1999999999999999e-05
2026-04-27 21:07:00,ONDO,1.1999999999999999e-05
2026-04-27 21:07:00,PROVE,1.1999999999999999e-05
2026-04-27 21:07:00,AVNT,-2.8e-05
2026-04-27 21:07:00,JTO,1e-06
2026-04-27 21:07:00,AVAX,1.1999999999999999e-05
2026-04-27 21:07:00,STABLE,-0.000359
2026-04-27 21:07:00,BCH,1.1999999999999999e-05
2026-04-27 21:07:00,PENDLE,1.1999999999999999e-05
2026-04-27 21:07:00,BNB,1.1999999999999999e-05
2026-04-27 21:07:00,SEI,2.9999999999999997e-06
2026-04-27 21:07:00,BERA,-9.499999999999999e-05
2026-04-27 21:07:00,SOL,-3.8e-05
2026-04-27 21:07:00,MORPHO,1.1999999999999999e-05
2026-04-27 21:07:00,DYDX,1.1999999999999999e-05
2026-04-27 21:07:00,BTC,-2.2000000000000003e-05
2026-04-27 21:07:00,LINEA,1.1999999999999999e-05
2026-04-27 21:07:00,TIA,2.9999999999999997e-06
2026-04-27 21:07:00,WLFI,1.1999999999999999e-05
2026-04-27 21:07:00,EIGEN,1.1999999999999999e-05
2026-04-27 21:07:00,MON,1e-05
2026-04-27 21:07:00,TAO,8e-06
2026-04-27 21:07:00,MNT,1.1999999999999999e-05
2026-04-27 21:07:00,XPL,1.1999999999999999e-05
2026-04-27 21:07:00,LINK,1.1999999999999999e-05
2026-04-27 21:07:00,VIRTUAL,1.1999999999999999e-05
2026-04-27 21:07:00,PYTH,1.1999999999999999e-05
2026-04-27 21:07:00,RESOLV,1.1999999999999999e-05
2026-04-27 21:07:00,ETHFI,1.1999999999999999e-05
2026-04-27 21:07:00,2Z,1e-05
2026-04-27 21:07:00,KAITO,-6.3e-05
2026-04-27 21:07:00,ZEC,1.1999999999999999e-05
2026-04-27 21:07:00,POPCAT,1.1999999999999999e-05
2026-04-27 21:07:00,LTC,-1.6e-05
2026-04-27 21:07:00,PAXG,1.1999999999999999e-05
2026-04-27 21:07:00,HBAR,1.1999999999999999e-05
2026-04-27 21:07:00,WLD,-0.0001
2026-04-27 21:07:00,TRX,1e-05
2026-04-27 21:07:00,YZY,-1.6e-05
2026-04-27 21:07:00,VVV,1.1999999999999999e-05
2026-04-27 21:07:00,MET,1.1999999999999999e-05
2026-04-27 21:07:00,ZORA,-9.3e-05
2026-04-27 21:07:00,JUP,1.1999999999999999e-05
2026-04-27 21:07:00,WIF,1.1999999999999999e-05
2026-04-27 21:07:00,XRP,-4e-06
2026-04-27 21:07:00,ASTER,1.1999999999999999e-05
2026-04-27 21:07:00,SKY,1.1999999999999999e-05
2026-04-27 21:07:00,LDO,1.1999999999999999e-05
2026-04-27 21:07:00,FIL,1.1999999999999999e-05
2026-04-27 21:07:00,CC,9e-06
2026-04-27 21:07:00,IP,-5.999999999999999e-06
2026-04-27 21:07:00,SPX,4e-06
2026-04-27 21:07:00,S,1.1999999999999999e-05
2026-04-27 21:07:00,SKR,-5.7e-05
2026-04-27 21:07:00,PUMP,1.1999999999999999e-05
2026-04-27 21:07:00,ETH,-2.5e-05
2026-04-27 21:07:00,SYRUP,1.1999999999999999e-05
2026-04-27 21:07:00,0G,-0.000157
2026-04-27 21:07:00,ENA,1.1000000000000001e-05
2026-04-27 21:07:00,XMR,1.1999999999999999e-05
2026-04-27 21:07:00,AAVE,1.1999999999999999e-05
2026-04-27 21:07:00,NEAR,1.1999999999999999e-05
2026-04-27 21:07:00,HYPE,1.1999999999999999e-05
2026-04-27 21:07:00,XLM,-4.7000000000000004e-05
2026-04-27 21:07:00,ADA,-1.8e-05
2026-04-27 21:07:00,STRK,1.1999999999999999e-05
2026-04-27 21:07:00,TRUMP,-9.900000000000001e-05
2026-04-27 21:07:00,DOGE,1.1999999999999999e-05
2026-04-27 21:07:00,SUI,-9e-06
2026-04-27 21:07:00,DASH,-4.3e-05
2026-04-27 21:07:00,AERO,1.1999999999999999e-05
2026-04-30 11:07:00,MET,1.1999999999999999e-05
2026-04-30 11:07:00,AVAX,1.1999999999999999e-05
2026-04-30 11:07:00,ZRO,1.1999999999999999e-05
2026-04-30 11:07:00,UNI,1.1999999999999999e-05
2026-04-30 11:07:00,ZORA,1.1999999999999999e-05
2026-04-30 11:07:00,XLM,1.1000000000000001e-05
2026-04-30 11:07:00,JUP,1.1999999999999999e-05
2026-04-30 11:07:00,LDO,1.1999999999999999e-05
2026-04-30 11:07:00,ADA,1.1999999999999999e-05
2026-04-30 11:07:00,PROVE,1e-06
2026-04-30 11:07:00,S,1.1999999999999999e-05
2026-04-30 11:07:00,HBAR,1.1999999999999999e-05
2026-04-30 11:07:00,WLFI,1.1999999999999999e-05
2026-04-30 11:07:00,PUMP,1.1999999999999999e-05
2026-04-30 11:07:00,AXS,1.1999999999999999e-05
2026-04-30 11:07:00,HYPE,1.1999999999999999e-05
2026-04-30 11:07:00,SPX,1.1999999999999999e-05
2026-04-30 11:07:00,LINEA,1.1999999999999999e-05
2026-04-30 11:07:00,ZEC,1.1999999999999999e-05
2026-04-30 11:07:00,ASTER,1.1999999999999999e-05
2026-04-30 11:07:00,FARTCOIN,1.1999999999999999e-05
2026-04-30 11:07:00,PENGU,1.1999999999999999e-05
2026-04-30 11:07:00,0G,1.1999999999999999e-05
2026-04-30 11:07:00,MON,5e-06
2026-04-30 11:07:00,CHIP,-0.000153
2026-04-30 11:07:00,MEGA,-4.4000000000000006e-05
2026-04-30 11:07:00,POPCAT,1.1999999999999999e-05
2026-04-30 11:07:00,PENDLE,1.1999999999999999e-05
2026-04-30 11:07:00,CC,-0.00010999999999999999
2026-04-30 11:07:00,AAVE,1.1999999999999999e-05
2026-04-30 11:07:00,DYDX,1.1999999999999999e-05
2026-04-30 11:07:00,BNB,1.1999999999999999e-05
2026-04-30 11:07:00,TAO,1.1999999999999999e-05
2026-04-30 11:07:00,ZK,1.1999999999999999e-05
2026-04-30 11:07:00,DASH,1.1999999999999999e-05
2026-04-30 11:07:00,ETHFI,1.1999999999999999e-05
2026-04-30 11:07:00,PAXG,1.1999999999999999e-05
2026-04-30 11:07:00,DOT,1.1999999999999999e-05
2026-04-30 11:07:00,POL,1.1999999999999999e-05
2026-04-30 11:07:00,SEI,-2.9999999999999997e-06
2026-04-30 11:07:00,VVV,1.1999999999999999e-05
2026-04-30 11:07:00,ONDO,1.1999999999999999e-05
2026-04-30 11:07:00,BERA,1.1999999999999999e-05
2026-04-30 11:07:00,EIGEN,1.1999999999999999e-05
2026-04-30 11:07:00,SKY,1.1000000000000001e-05
2026-04-30 11:07:00,STRK,1.1999999999999999e-05
2026-04-30 11:07:00,SKR,1.1999999999999999e-05
2026-04-30 11:07:00,FOGO,-4.3e-05
2026-04-30 11:07:00,PYTH,1.1999999999999999e-05
2026-04-30 11:07:00,JTO,1.1999999999999999e-05
2026-04-30 11:07:00,TRUMP,1e-05
2026-04-30 11:07:00,SOL,1.1999999999999999e-05
2026-04-30 11:07:00,STBL,1.1999999999999999e-05
2026-04-30 11:07:00,AVNT,1.1999999999999999e-05
2026-04-30 11:07:00,APT,1.1999999999999999e-05
2026-04-30 11:07:00,ETH,7e-06
2026-04-30 11:07:00,VIRTUAL,1.1999999999999999e-05
2026-04-30 11:07:00,XPL,1.1999999999999999e-05
2026-04-30 11:07:00,ARB,1.1999999999999999e-05
2026-04-30 11:07:00,TIA,1.1999999999999999e-05
2026-04-30 11:07:00,RESOLV,1.1999999999999999e-05
2026-04-30 11:07:00,ENA,1.1999999999999999e-05
2026-04-30 11:07:00,LINK,1.1999999999999999e-05
2026-04-30 11:07:00,GMX,1.1999999999999999e-05
2026-04-30 11:07:00,MNT,1.1999999999999999e-05
2026-04-30 11:07:00,KAITO,1.1999999999999999e-05
2026-04-30 11:07:00,MORPHO,1.1999999999999999e-05
2026-04-30 11:07:00,BTC,1.1000000000000001e-05
2026-04-30 11:07:00,LIT,1.1999999999999999e-05
2026-04-30 11:07:00,XMR,2e-05
2026-04-30 11:07:00,YZY,-0.000327
2026-04-30 11:07:00,SYRUP,1.1999999999999999e-05
2026-04-30 11:07:00,XRP,1.1999999999999999e-05
2026-04-30 11:07:00,WIF,1.1999999999999999e-05
2026-04-30 11:07:00,GRASS,1.1999999999999999e-05
2026-04-30 11:07:00,NEAR,1.1999999999999999e-05
2026-04-30 11:07:00,CRV,1.1999999999999999e-05
2026-04-30 11:07:00,OP,9e-06
2026-04-30 11:07:00,SUI,1.1999999999999999e-05
2026-04-30 11:07:00,FIL,1.1999999999999999e-05
2026-04-30 11:07:00,TRX,1.1999999999999999e-05
2026-04-30 11:07:00,LTC,1.1999999999999999e-05
2026-04-30 11:07:00,AERO,-1.9e-05
2026-04-30 11:07:00,2Z,1.1999999999999999e-05
2026-04-30 11:07:00,WLD,-4.4000000000000006e-05
2026-04-30 11:07:00,BCH,1.1999999999999999e-05
2026-04-30 11:07:00,IP,1.1999999999999999e-05
2026-04-30 11:07:00,TON,1.1999999999999999e-05
2026-04-30 11:07:00,APEX,1.1999999999999999e-05
2026-04-30 11:07:00,AZTEC,-0.000101
2026-04-30 11:07:00,DOGE,1.1999999999999999e-05
2026-04-30 11:07:00,STABLE,-0.000184
2026-04-30 11:07:00,ICP,2.9999999999999997e-06
2026-04-30 12:30:47,TAO,1.1999999999999999e-05
2026-04-30 12:30:47,TRUMP,1.1999999999999999e-05
2026-04-30 12:30:47,LINEA,1.1999999999999999e-05
2026-04-30 12:30:47,POL,1.1999999999999999e-05
2026-04-30 12:30:47,TRX,1.1999999999999999e-05
2026-04-30 12:30:47,0G,1.1999999999999999e-05
2026-04-30 12:30:47,AVAX,1.1999999999999999e-05
2026-04-30 12:30:47,FIL,1.1999999999999999e-05
2026-04-30 12:30:47,TIA,1.1999999999999999e-05
2026-04-30 12:30:47,AAVE,2.2000000000000003e-05
2026-04-30 12:30:47,STABLE,-0.000132
2026-04-30 12:30:47,ETHFI,1.1999999999999999e-05
2026-04-30 12:30:47,TON,1.1999999999999999e-05
2026-04-30 12:30:47,MON,1.1999999999999999e-05
2026-04-30 12:30:47,SOL,1.1999999999999999e-05
2026-04-30 12:30:47,SYRUP,1.1999999999999999e-05
2026-04-30 12:30:47,SKY,1.1999999999999999e-05
2026-04-30 12:30:47,BERA,1.1999999999999999e-05
2026-04-30 12:30:47,CRV,1.1999999999999999e-05
2026-04-30 12:30:47,PYTH,1.1999999999999999e-05
2026-04-30 12:30:47,ASTER,1.1999999999999999e-05
2026-04-30 12:30:47,DOGE,1.1999999999999999e-05
2026-04-30 12:30:47,WIF,1.1999999999999999e-05
2026-04-30 12:30:47,ENA,1.1999999999999999e-05
2026-04-30 12:30:47,FARTCOIN,1.1999999999999999e-05
2026-04-30 12:30:47,LIT,1.1999999999999999e-05
2026-04-30 12:30:47,PENGU,1.1999999999999999e-05
2026-04-30 12:30:47,MEGA,5.3e-05
2026-04-30 12:30:47,JTO,1.1999999999999999e-05
2026-04-30 12:30:47,OP,1.1999999999999999e-05
2026-04-30 12:30:47,GMX,1.1999999999999999e-05
2026-04-30 12:30:47,SPX,1.1999999999999999e-05
2026-04-30 12:30:47,HBAR,1.1999999999999999e-05
2026-04-30 12:30:47,BNB,1.1999999999999999e-05
2026-04-30 12:30:47,XLM,5e-06
2026-04-30 12:30:47,WLD,-1.5e-05
2026-04-30 12:30:47,AZTEC,-1.3e-05
2026-04-30 12:30:47,FOGO,-0.000114
2026-04-30 12:30:47,HYPE,1.1999999999999999e-05
2026-04-30 12:30:47,SEI,-2e-05
2026-04-30 12:30:47,RESOLV,1.1999999999999999e-05
2026-04-30 12:30:47,APEX,1.1999999999999999e-05
2026-04-30 12:30:47,LTC,1.1999999999999999e-05
2026-04-30 12:30:47,XRP,1.1999999999999999e-05
2026-04-30 12:30:47,SUI,1.1999999999999999e-05
2026-04-30 12:30:47,STRK,1.1999999999999999e-05
2026-04-30 12:30:47,XPL,1.1999999999999999e-05
2026-04-30 12:30:47,ONDO,1.1999999999999999e-05
2026-04-30 12:30:47,APT,1.1999999999999999e-05
2026-04-30 12:30:47,CHIP,-0.000207
2026-04-30 12:30:47,MET,1.1999999999999999e-05
2026-04-30 12:30:47,ZK,1.1999999999999999e-05
2026-04-30 12:30:47,ZEC,1.1999999999999999e-05
2026-04-30 12:30:47,LDO,1.1999999999999999e-05
2026-04-30 12:30:47,MORPHO,1.1999999999999999e-05
2026-04-30 12:30:47,DASH,1.1999999999999999e-05
2026-04-30 12:30:47,POPCAT,1.1999999999999999e-05
2026-04-30 12:30:47,ETH,-5e-06
2026-04-30 12:30:47,EIGEN,1.1999999999999999e-05
2026-04-30 12:30:47,CC,-2.8999999999999997e-05
2026-04-30 12:30:47,S,1.1999999999999999e-05
2026-04-30 12:30:47,DYDX,1.1999999999999999e-05
2026-04-30 12:30:47,ZRO,1.1999999999999999e-05
2026-04-30 12:30:47,ARB,1.1999999999999999e-05
2026-04-30 12:30:47,KAITO,1.1999999999999999e-05
2026-04-30 12:30:47,PAXG,1.1999999999999999e-05
2026-04-30 12:30:47,VIRTUAL,1.1999999999999999e-05
2026-04-30 12:30:47,AVNT,1.1999999999999999e-05
2026-04-30 12:30:47,NEAR,1.1999999999999999e-05
2026-04-30 12:30:47,YZY,1.1999999999999999e-05
2026-04-30 12:30:47,VVV,1.1999999999999999e-05
2026-04-30 12:30:47,JUP,1.1999999999999999e-05
2026-04-30 12:30:47,ICP,1.1999999999999999e-05
2026-04-30 12:30:47,PUMP,1.1999999999999999e-05
2026-04-30 12:30:47,AXS,1.1999999999999999e-05
2026-04-30 12:30:47,ADA,1.1999999999999999e-05
2026-04-30 12:30:47,PENDLE,1.1999999999999999e-05
2026-04-30 12:30:47,UNI,1.1999999999999999e-05
2026-04-30 12:30:47,BTC,2e-06
2026-04-30 12:30:47,STBL,1.1999999999999999e-05
2026-04-30 12:30:47,LINK,1.1999999999999999e-05
2026-04-30 12:30:47,MNT,1.1999999999999999e-05
2026-04-30 12:30:47,SKR,1.1999999999999999e-05
2026-04-30 12:30:47,ZORA,1.1999999999999999e-05
2026-04-30 12:30:47,IP,1.1999999999999999e-05
2026-04-30 12:30:47,BCH,1.1999999999999999e-05
2026-04-30 12:30:47,GRASS,1.1999999999999999e-05
2026-04-30 12:30:47,AERO,-8e-06
2026-04-30 12:30:47,WLFI,1.1999999999999999e-05
2026-04-30 12:30:47,DOT,1.1999999999999999e-05
2026-04-30 12:30:47,PROVE,1.1999999999999999e-05
2026-04-30 12:30:47,XMR,5e-05
2026-04-30 12:30:47,2Z,1.1999999999999999e-05
2026-04-30 13:01:01,ONDO,1.1999999999999999e-05
2026-04-30 13:01:01,MON,-1e-05
2026-04-30 13:01:01,SKR,1.1999999999999999e-05
2026-04-30 13:01:01,ZORA,1.1999999999999999e-05
2026-04-30 13:01:01,PUMP,1.1999999999999999e-05
2026-04-30 13:01:01,LIT,4.3e-05
2026-04-30 13:01:01,BCH,1.1999999999999999e-05
2026-04-30 13:01:01,JUP,1.1999999999999999e-05
2026-04-30 13:01:01,S,8e-06
2026-04-30 13:01:01,CC,-2.5e-05
2026-04-30 13:01:01,HYPE,-5e-06
2026-04-30 13:01:01,XPL,1.1999999999999999e-05
2026-04-30 13:01:01,PYTH,1.1999999999999999e-05
2026-04-30 13:01:01,SKY,2e-06
2026-04-30 13:01:01,DOT,1.1999999999999999e-05
2026-04-30 13:01:01,EIGEN,1.1999999999999999e-05
2026-04-30 13:01:01,APEX,1.1999999999999999e-05
2026-04-30 13:01:01,MET,1.1999999999999999e-05
2026-04-30 13:01:01,FIL,9e-06
2026-04-30 13:01:01,DOGE,1.1999999999999999e-05
2026-04-30 13:01:01,ZK,1.1999999999999999e-05
2026-04-30 13:01:01,AZTEC,2e-06
2026-04-30 13:01:01,SOL,1.1999999999999999e-05
2026-04-30 13:01:01,MNT,1.1999999999999999e-05
2026-04-30 13:01:01,ADA,1.1999999999999999e-05
2026-04-30 13:01:01,WIF,1.1999999999999999e-05
2026-04-30 13:01:01,TON,1.1999999999999999e-05
2026-04-30 13:01:01,MORPHO,1.1999999999999999e-05
2026-04-30 13:01:01,STABLE,-0.000106
2026-04-30 13:01:01,CRV,1.1999999999999999e-05
2026-04-30 13:01:01,SEI,-1.6e-05
2026-04-30 13:01:01,ICP,0.0
2026-04-30 13:01:01,LDO,1.1999999999999999e-05
2026-04-30 13:01:01,MEGA,1.9e-05
2026-04-30 13:01:01,AXS,1.1999999999999999e-05
2026-04-30 13:01:01,0G,-8e-06
2026-04-30 13:01:01,TIA,1.1999999999999999e-05
2026-04-30 13:01:01,STBL,1.1999999999999999e-05
2026-04-30 13:01:01,FOGO,-8.6e-05
2026-04-30 13:01:01,LTC,1.1999999999999999e-05
2026-04-30 13:01:01,IP,1.1999999999999999e-05
2026-04-30 13:01:01,POL,1.1999999999999999e-05
2026-04-30 13:01:01,XRP,1.1999999999999999e-05
2026-04-30 13:01:01,PAXG,1.1999999999999999e-05
2026-04-30 13:01:01,KAITO,-3.3e-05
2026-04-30 13:01:01,ENA,1.1999999999999999e-05
2026-04-30 13:01:01,AERO,-5.999999999999999e-06
2026-04-30 13:01:01,VIRTUAL,1.1999999999999999e-05
2026-04-30 13:01:01,ETHFI,1.1999999999999999e-05
2026-04-30 13:01:01,POPCAT,1.1999999999999999e-05
2026-04-30 13:01:01,RESOLV,1.1999999999999999e-05
2026-04-30 13:01:01,DASH,1.1999999999999999e-05
2026-04-30 13:01:01,HBAR,1.1999999999999999e-05
2026-04-30 13:01:01,ASTER,1.1999999999999999e-05
2026-04-30 13:01:01,TRX,1.1999999999999999e-05
2026-04-30 13:01:01,FARTCOIN,1.1999999999999999e-05
2026-04-30 13:01:01,AVAX,1.1999999999999999e-05
2026-04-30 13:01:01,PENDLE,1.1999999999999999e-05
2026-04-30 13:01:01,BTC,-7e-06
2026-04-30 13:01:01,UNI,1.1999999999999999e-05
2026-04-30 13:01:01,GRASS,1.1999999999999999e-05
2026-04-30 13:01:01,BNB,1.1999999999999999e-05
2026-04-30 13:01:01,NEAR,1.1999999999999999e-05
2026-04-30 13:01:01,AVNT,1.1999999999999999e-05
2026-04-30 13:01:01,JTO,1.1999999999999999e-05
2026-04-30 13:01:01,PENGU,1.1999999999999999e-05
2026-04-30 13:01:01,AAVE,1.6e-05
2026-04-30 13:01:01,STRK,1.1999999999999999e-05
2026-04-30 13:01:01,ETH,-1.9e-05
2026-04-30 13:01:01,TAO,1.1999999999999999e-05
2026-04-30 13:01:01,SUI,1.1999999999999999e-05
2026-04-30 13:01:01,APT,1.1999999999999999e-05
2026-04-30 13:01:01,TRUMP,1.1999999999999999e-05
2026-04-30 13:01:01,VVV,3.9e-05
2026-04-30 13:01:01,DYDX,1.1999999999999999e-05
2026-04-30 13:01:01,OP,1.1999999999999999e-05
2026-04-30 13:01:01,WLD,-2.1e-05
2026-04-30 13:01:01,ARB,1.1999999999999999e-05
2026-04-30 13:01:01,ZEC,1.1999999999999999e-05
2026-04-30 13:01:01,XMR,6.9e-05
2026-04-30 13:01:01,SPX,5.999999999999999e-06
2026-04-30 13:01:01,LINK,1.1999999999999999e-05
2026-04-30 13:01:01,GMX,1.1999999999999999e-05
2026-04-30 13:01:01,XLM,5e-06
2026-04-30 13:01:01,WLFI,1.1999999999999999e-05
2026-04-30 13:01:01,CHIP,-0.00022700000000000002
2026-04-30 13:01:01,2Z,1.1999999999999999e-05
2026-04-30 13:01:01,ZRO,1.1999999999999999e-05
2026-04-30 13:01:01,SYRUP,1.1999999999999999e-05
2026-04-30 13:01:01,LINEA,2e-06
2026-04-30 13:01:01,PROVE,1.1999999999999999e-05
2026-04-30 13:01:01,YZY,-2e-06
2026-04-30 13:01:01,BERA,1.1999999999999999e-05
2026-04-30 13:30:48,APEX,1.1999999999999999e-05
2026-04-30 13:30:48,WLFI,-9e-06
2026-04-30 13:30:48,FARTCOIN,1.1999999999999999e-05
2026-04-30 13:30:48,BTC,-2e-06
2026-04-30 13:30:48,AVNT,1.1999999999999999e-05
2026-04-30 13:30:48,DASH,1.1999999999999999e-05
2026-04-30 13:30:48,AERO,-2e-05
2026-04-30 13:30:48,JTO,1.1999999999999999e-05
2026-04-30 13:30:48,APT,1.1999999999999999e-05
2026-04-30 13:30:48,POL,1.1999999999999999e-05
2026-04-30 13:30:48,GRASS,1.1999999999999999e-05
2026-04-30 13:30:48,DOGE,1.1999999999999999e-05
2026-04-30 13:30:48,JUP,1.1999999999999999e-05
2026-04-30 13:30:48,HBAR,1.1999999999999999e-05
2026-04-30 13:30:48,ETH,-1.3e-05
2026-04-30 13:30:48,TAO,1.1999999999999999e-05
2026-04-30 13:30:48,ETHFI,1.1999999999999999e-05
2026-04-30 13:30:48,TRUMP,1.1999999999999999e-05
2026-04-30 13:30:48,FIL,1.1999999999999999e-05
2026-04-30 13:30:48,POPCAT,1.1999999999999999e-05
2026-04-30 13:30:48,CRV,1.1999999999999999e-05
2026-04-30 13:30:48,AXS,1.1999999999999999e-05
2026-04-30 13:30:48,XMR,8.9e-05
2026-04-30 13:30:48,SYRUP,1.1999999999999999e-05
2026-04-30 13:30:48,STRK,1.1999999999999999e-05
2026-04-30 13:30:48,TON,1.1999999999999999e-05
2026-04-30 13:30:48,PAXG,1.1999999999999999e-05
2026-04-30 13:30:48,FOGO,-8.7e-05
2026-04-30 13:30:48,ZEC,1.1999999999999999e-05
2026-04-30 13:30:48,SUI,1.1999999999999999e-05
2026-04-30 13:30:48,LINEA,1.1999999999999999e-05
2026-04-30 13:30:48,LDO,1.1999999999999999e-05
2026-04-30 13:30:48,MNT,1.1999999999999999e-05
2026-04-30 13:30:48,PYTH,1.1999999999999999e-05
2026-04-30 13:30:48,WIF,1.1999999999999999e-05
2026-04-30 13:30:48,ONDO,1.1999999999999999e-05
2026-04-30 13:30:48,STABLE,-2e-06
2026-04-30 13:30:48,0G,1.1999999999999999e-05
2026-04-30 13:30:48,TIA,1.1999999999999999e-05
2026-04-30 13:30:48,AAVE,1.1999999999999999e-05
2026-04-30 13:30:48,EIGEN,1.1999999999999999e-05
2026-04-30 13:30:48,ASTER,1.1999999999999999e-05
2026-04-30 13:30:48,OP,1.1999999999999999e-05
2026-04-30 13:30:48,UNI,1.1999999999999999e-05
2026-04-30 13:30:48,IP,1.1999999999999999e-05
2026-04-30 13:30:48,BCH,1.1999999999999999e-05
2026-04-30 13:30:48,STBL,1.1999999999999999e-05
2026-04-30 13:30:48,AVAX,1.1999999999999999e-05
2026-04-30 13:30:48,XRP,1.1999999999999999e-05
2026-04-30 13:30:48,MON,9e-06
2026-04-30 13:30:48,SKY,-2.7000000000000002e-05
2026-04-30 13:30:48,SKR,1.1999999999999999e-05
2026-04-30 13:30:48,WLD,-3.1e-05
2026-04-30 13:30:48,LIT,1.1999999999999999e-05
2026-04-30 13:30:48,AZTEC,-8.5e-05
2026-04-30 13:30:48,SEI,-2.3e-05
2026-04-30 13:30:48,ENA,1.1999999999999999e-05
2026-04-30 13:30:48,DOT,1.1999999999999999e-05
2026-04-30 13:30:48,ARB,1.1999999999999999e-05
2026-04-30 13:30:48,MEGA,1.1999999999999999e-05
2026-04-30 13:30:48,BERA,-1.4e-05
2026-04-30 13:30:48,GMX,1.1999999999999999e-05
2026-04-30 13:30:48,HYPE,0.0
2026-04-30 13:30:48,MORPHO,1.1999999999999999e-05
2026-04-30 13:30:48,YZY,1.1999999999999999e-05
2026-04-30 13:30:48,PENDLE,1.1999999999999999e-05
2026-04-30 13:30:48,KAITO,1.1999999999999999e-05
2026-04-30 13:30:48,SOL,5e-06
2026-04-30 13:30:48,ZK,1.1999999999999999e-05
2026-04-30 13:30:48,VIRTUAL,1.1999999999999999e-05
2026-04-30 13:30:48,ADA,1.1999999999999999e-05
2026-04-30 13:30:48,LINK,1.1999999999999999e-05
2026-04-30 13:30:48,ZRO,1.1999999999999999e-05
2026-04-30 13:30:48,TRX,1.1999999999999999e-05
2026-04-30 13:30:48,PUMP,1.1999999999999999e-05
2026-04-30 13:30:48,XLM,5e-06
2026-04-30 13:30:48,ZORA,1.1999999999999999e-05
2026-04-30 13:30:48,NEAR,1.1999999999999999e-05
2026-04-30 13:30:48,PROVE,1.1999999999999999e-05
2026-04-30 13:30:48,MET,1.1999999999999999e-05
2026-04-30 13:30:48,PENGU,1.1999999999999999e-05
2026-04-30 13:30:48,RESOLV,1.1999999999999999e-05
2026-04-30 13:30:48,CHIP,-0.000164
2026-04-30 13:30:48,SPX,1.1999999999999999e-05
2026-04-30 13:30:48,ICP,1.1999999999999999e-05
2026-04-30 13:30:48,BNB,1.1999999999999999e-05
2026-04-30 13:30:48,2Z,1.1999999999999999e-05
2026-04-30 13:30:48,DYDX,1.1999999999999999e-05
2026-04-30 13:30:48,VVV,1.1999999999999999e-05
2026-04-30 13:30:48,LTC,1.1999999999999999e-05
2026-04-30 13:30:48,CC,-1.6e-05
2026-04-30 13:30:48,S,1.1999999999999999e-05
2026-04-30 13:30:48,XPL,1.1999999999999999e-05
2026-04-30 14:00:54,CRV,1.1999999999999999e-05
2026-04-30 14:00:54,XPL,1.1999999999999999e-05
2026-04-30 14:00:54,AAVE,2.2000000000000003e-05
2026-04-30 14:00:54,SKR,1.1999999999999999e-05
2026-04-30 14:00:54,PYTH,1.1999999999999999e-05
2026-04-30 14:00:54,SKY,5e-06
2026-04-30 14:00:54,AZTEC,-0.0002
2026-04-30 14:00:54,ZRO,1.1999999999999999e-05
2026-04-30 14:00:54,TRUMP,1.1999999999999999e-05
2026-04-30 14:00:54,PUMP,1.1999999999999999e-05
2026-04-30 14:00:54,POPCAT,1.1999999999999999e-05
2026-04-30 14:00:54,PENGU,1.1999999999999999e-05
2026-04-30 14:00:54,ZK,1.1999999999999999e-05
2026-04-30 14:00:54,WLD,-8e-06
2026-04-30 14:00:54,MNT,1.1999999999999999e-05
2026-04-30 14:00:54,FARTCOIN,1.1999999999999999e-05
2026-04-30 14:00:54,PAXG,1.1999999999999999e-05
2026-04-30 14:00:54,JUP,1.1999999999999999e-05
2026-04-30 14:00:54,OP,1.1999999999999999e-05
2026-04-30 14:00:54,DYDX,1.1999999999999999e-05
2026-04-30 14:00:54,AVAX,1.1999999999999999e-05
2026-04-30 14:00:54,POL,1.1999999999999999e-05
2026-04-30 14:00:54,WLFI,1.1999999999999999e-05
2026-04-30 14:00:54,BCH,1.1999999999999999e-05
2026-04-30 14:00:54,XRP,1.1999999999999999e-05
2026-04-30 14:00:54,NEAR,1.1999999999999999e-05
2026-04-30 14:00:54,MEGA,2e-05
2026-04-30 14:00:54,FOGO,-0.000123
2026-04-30 14:00:54,AERO,1e-06
2026-04-30 14:00:54,EIGEN,1.1999999999999999e-05
2026-04-30 14:00:54,ICP,1.1999999999999999e-05
2026-04-30 14:00:54,ETH,-1e-06
2026-04-30 14:00:54,LIT,1.1999999999999999e-05
2026-04-30 14:00:54,SOL,9e-06
2026-04-30 14:00:54,SPX,1.1999999999999999e-05
2026-04-30 14:00:54,LDO,1.1999999999999999e-05
2026-04-30 14:00:54,ONDO,1.1999999999999999e-05
2026-04-30 14:00:54,PROVE,1.1999999999999999e-05
2026-04-30 14:00:54,JTO,1.1999999999999999e-05
2026-04-30 14:00:54,APEX,1.1999999999999999e-05
2026-04-30 14:00:54,SYRUP,1.1999999999999999e-05
2026-04-30 14:00:54,SEI,-1e-05
2026-04-30 14:00:54,S,1.1999999999999999e-05
2026-04-30 14:00:54,MORPHO,1.1999999999999999e-05
2026-04-30 14:00:54,ZORA,-4.2e-05
2026-04-30 14:00:54,TON,1.1999999999999999e-05
2026-04-30 14:00:54,BERA,5e-06
2026-04-30 14:00:54,CC,-1e-05
2026-04-30 14:00:54,STRK,1.1999999999999999e-05
2026-04-30 14:00:54,AXS,1.1999999999999999e-05
2026-04-30 14:00:54,ASTER,1.1999999999999999e-05
2026-04-30 14:00:54,BTC,-2.9999999999999997e-06
2026-04-30 14:00:54,FIL,1.1999999999999999e-05
2026-04-30 14:00:54,IP,1.1999999999999999e-05
2026-04-30 14:00:54,DASH,-5.999999999999999e-06
2026-04-30 14:00:54,ETHFI,1.1999999999999999e-05
2026-04-30 14:00:54,VIRTUAL,1.1999999999999999e-05
2026-04-30 14:00:54,2Z,1.1999999999999999e-05
2026-04-30 14:00:54,ENA,1.1999999999999999e-05
2026-04-30 14:00:54,ARB,1.1999999999999999e-05
2026-04-30 14:00:54,UNI,1.1999999999999999e-05
2026-04-30 14:00:54,ZEC,1.1999999999999999e-05
2026-04-30 14:00:54,APT,1.1999999999999999e-05
2026-04-30 14:00:54,STBL,1.1999999999999999e-05
2026-04-30 14:00:54,GRASS,1.1999999999999999e-05
2026-04-30 14:00:54,TIA,1.1999999999999999e-05
2026-04-30 14:00:54,BNB,1.1999999999999999e-05
2026-04-30 14:00:54,MON,9e-06
2026-04-30 14:00:54,HBAR,1.1999999999999999e-05
2026-04-30 14:00:54,AVNT,1.1999999999999999e-05
2026-04-30 14:00:54,SUI,1.1999999999999999e-05
2026-04-30 14:00:54,DOGE,1.3e-05
2026-04-30 14:00:54,CHIP,-0.00021700000000000002
2026-04-30 14:00:54,XLM,1.1000000000000001e-05
2026-04-30 14:00:54,KAITO,1.1999999999999999e-05
2026-04-30 14:00:54,LTC,1.1999999999999999e-05
2026-04-30 14:00:54,GMX,1.1999999999999999e-05
2026-04-30 14:00:54,VVV,1.1999999999999999e-05
2026-04-30 14:00:54,DOT,1.1999999999999999e-05
2026-04-30 14:00:54,WIF,1.1999999999999999e-05
2026-04-30 14:00:54,PENDLE,1.1999999999999999e-05
2026-04-30 14:00:54,LINK,1.1999999999999999e-05
2026-04-30 14:00:54,0G,1.1999999999999999e-05
2026-04-30 14:00:54,TAO,1.1999999999999999e-05
2026-04-30 14:00:54,HYPE,4e-06
2026-04-30 14:00:54,MET,1.1999999999999999e-05
2026-04-30 14:00:54,STABLE,-8.999999999999999e-05
2026-04-30 14:00:54,LINEA,1.1999999999999999e-05
2026-04-30 14:00:54,TRX,1.1999999999999999e-05
2026-04-30 14:00:54,YZY,-9e-06
2026-04-30 14:00:54,RESOLV,1.1999999999999999e-05
2026-04-30 14:00:54,XMR,3.9e-05
2026-04-30 14:00:54,ADA,1.1999999999999999e-05
2026-04-30 14:30:59,KAITO,1.1999999999999999e-05
2026-04-30 14:30:59,TAO,1.1999999999999999e-05
2026-04-30 14:30:59,TRUMP,1.1999999999999999e-05
2026-04-30 14:30:59,EIGEN,1.1999999999999999e-05
2026-04-30 14:30:59,WLD,-6.3e-05
2026-04-30 14:30:59,AAVE,1.1999999999999999e-05
2026-04-30 14:30:59,TIA,1.1999999999999999e-05
2026-04-30 14:30:59,TON,1.1999999999999999e-05
2026-04-30 14:30:59,ZEC,1.1999999999999999e-05
2026-04-30 14:30:59,WLFI,1.1999999999999999e-05
2026-04-30 14:30:59,SKR,1.1999999999999999e-05
2026-04-30 14:30:59,AVAX,1.1999999999999999e-05
2026-04-30 14:30:59,PUMP,1.1999999999999999e-05
2026-04-30 14:30:59,PYTH,1.1999999999999999e-05
2026-04-30 14:30:59,APEX,1.1999999999999999e-05
2026-04-30 14:30:59,SOL,4e-06
2026-04-30 14:30:59,ICP,1.1999999999999999e-05
2026-04-30 14:30:59,DOGE,1.1999999999999999e-05
2026-04-30 14:30:59,STBL,1.1999999999999999e-05
2026-04-30 14:30:59,BNB,1.1999999999999999e-05
2026-04-30 14:30:59,XRP,1.1999999999999999e-05
2026-04-30 14:30:59,ZORA,-1.7e-05
2026-04-30 14:30:59,LINEA,1.1999999999999999e-05
2026-04-30 14:30:59,IP,1.1999999999999999e-05
2026-04-30 14:30:59,HBAR,1.1999999999999999e-05
2026-04-30 14:30:59,GRASS,1.1999999999999999e-05
2026-04-30 14:30:59,HYPE,5.999999999999999e-06
2026-04-30 14:30:59,ADA,1.1999999999999999e-05
2026-04-30 14:30:59,APT,1.1999999999999999e-05
2026-04-30 14:30:59,SPX,1.1999999999999999e-05
2026-04-30 14:30:59,MON,8e-06
2026-04-30 14:30:59,MEGA,4.3e-05
2026-04-30 14:30:59,S,1.1999999999999999e-05
2026-04-30 14:30:59,VIRTUAL,1.1999999999999999e-05
2026-04-30 14:30:59,CHIP,-0.000177
2026-04-30 14:30:59,2Z,1.1999999999999999e-05
2026-04-30 14:30:59,XPL,1.1999999999999999e-05
2026-04-30 14:30:59,NEAR,1.1999999999999999e-05
2026-04-30 14:30:59,FARTCOIN,1.1999999999999999e-05
2026-04-30 14:30:59,CRV,1.1999999999999999e-05
2026-04-30 14:30:59,GMX,2.9999999999999997e-06
2026-04-30 14:30:59,BTC,-8e-06
2026-04-30 14:30:59,JUP,1.1999999999999999e-05
2026-04-30 14:30:59,RESOLV,1.1999999999999999e-05
2026-04-30 14:30:59,PENDLE,1.1999999999999999e-05
2026-04-30 14:30:59,PENGU,1.1999999999999999e-05
2026-04-30 14:30:59,ONDO,1.1999999999999999e-05
2026-04-30 14:30:59,XLM,1.1999999999999999e-05
2026-04-30 14:30:59,OP,1.1999999999999999e-05
2026-04-30 14:30:59,BERA,1.1999999999999999e-05
2026-04-30 14:30:59,AXS,1.1999999999999999e-05
2026-04-30 14:30:59,LTC,1.1999999999999999e-05
2026-04-30 14:30:59,LDO,1.1999999999999999e-05
2026-04-30 14:30:59,YZY,1.1999999999999999e-05
2026-04-30 14:30:59,JTO,1.1999999999999999e-05
2026-04-30 14:30:59,MET,1.1999999999999999e-05
2026-04-30 14:30:59,UNI,1.1999999999999999e-05
2026-04-30 14:30:59,BCH,1.1999999999999999e-05
2026-04-30 14:30:59,SKY,1.1999999999999999e-05
2026-04-30 14:30:59,PAXG,1.1999999999999999e-05
2026-04-30 14:30:59,ARB,1.1999999999999999e-05
2026-04-30 14:30:59,FIL,1.1999999999999999e-05
2026-04-30 14:30:59,SUI,1.1999999999999999e-05
2026-04-30 14:30:59,VVV,1.1999999999999999e-05
2026-04-30 14:30:59,ETH,-8e-06
2026-04-30 14:30:59,PROVE,1.1999999999999999e-05
2026-04-30 14:30:59,ENA,1.1999999999999999e-05
2026-04-30 14:30:59,POL,1.1999999999999999e-05
2026-04-30 14:30:59,STABLE,-3.2e-05
2026-04-30 14:30:59,POPCAT,1.1999999999999999e-05
2026-04-30 14:30:59,TRX,1.1999999999999999e-05
2026-04-30 14:30:59,ZK,1.1999999999999999e-05
2026-04-30 14:30:59,LINK,1.1999999999999999e-05
2026-04-30 14:30:59,FOGO,-0.000153
2026-04-30 14:30:59,MORPHO,1.1999999999999999e-05
2026-04-30 14:30:59,AERO,-2.9999999999999997e-06
2026-04-30 14:30:59,SEI,-3.4e-05
2026-04-30 14:30:59,AZTEC,-0.000152
2026-04-30 14:30:59,CC,1.1000000000000001e-05
2026-04-30 14:30:59,DASH,1.1999999999999999e-05
2026-04-30 14:30:59,MNT,1.1999999999999999e-05
2026-04-30 14:30:59,STRK,1.1999999999999999e-05
2026-04-30 14:30:59,ZRO,1.1999999999999999e-05
2026-04-30 14:30:59,ASTER,1.1999999999999999e-05
2026-04-30 14:30:59,LIT,1.1999999999999999e-05
2026-04-30 14:30:59,0G,1.1999999999999999e-05
2026-04-30 14:30:59,WIF,1.1999999999999999e-05
2026-04-30 14:30:59,SYRUP,1.1999999999999999e-05
2026-04-30 14:30:59,XMR,3.4e-05
2026-04-30 14:30:59,DOT,1.1999999999999999e-05
2026-04-30 14:30:59,DYDX,1.1999999999999999e-05
2026-04-30 14:30:59,AVNT,1.1999999999999999e-05
2026-04-30 14:30:59,ETHFI,1.1999999999999999e-05
2026-04-30 15:00:58,NEAR,1.1999999999999999e-05
2026-04-30 15:00:58,XMR,1.3e-05
2026-04-30 15:00:58,BCH,1.1999999999999999e-05
2026-04-30 15:00:58,MNT,1.1999999999999999e-05
2026-04-30 15:00:58,CHIP,-0.000172
2026-04-30 15:00:58,WLD,-5.4999999999999995e-05
2026-04-30 15:00:58,CRV,1.1999999999999999e-05
2026-04-30 15:00:58,STABLE,-9.1e-05
2026-04-30 15:00:58,TRX,1.1999999999999999e-05
2026-04-30 15:00:58,LIT,1.1999999999999999e-05
2026-04-30 15:00:58,BTC,-5.999999999999999e-06
2026-04-30 15:00:58,PYTH,1.1999999999999999e-05
2026-04-30 15:00:58,TON,1.1999999999999999e-05
2026-04-30 15:00:58,ASTER,1.1999999999999999e-05
2026-04-30 15:00:58,ENA,1.1999999999999999e-05
2026-04-30 15:00:58,AAVE,2.8e-05
2026-04-30 15:00:58,KAITO,1.1999999999999999e-05
2026-04-30 15:00:58,ZORA,-2.2000000000000003e-05
2026-04-30 15:00:58,AZTEC,-2.7000000000000002e-05
2026-04-30 15:00:58,ZRO,1.1999999999999999e-05
2026-04-30 15:00:58,HYPE,9e-06
2026-04-30 15:00:58,ZK,1.1999999999999999e-05
2026-04-30 15:00:58,ONDO,1.1999999999999999e-05
2026-04-30 15:00:58,TIA,1.1999999999999999e-05
2026-04-30 15:00:58,AERO,1e-05
2026-04-30 15:00:58,ADA,1.1999999999999999e-05
2026-04-30 15:00:58,BERA,-7e-06
2026-04-30 15:00:58,FIL,1.1999999999999999e-05
2026-04-30 15:00:58,S,1.1999999999999999e-05
2026-04-30 15:00:58,APEX,1.1999999999999999e-05
2026-04-30 15:00:58,OP,1.1999999999999999e-05
2026-04-30 15:00:58,MEGA,4.9e-05
2026-04-30 15:00:58,JTO,1.1999999999999999e-05
2026-04-30 15:00:58,ARB,1.1999999999999999e-05
2026-04-30 15:00:58,LDO,1.1999999999999999e-05
2026-04-30 15:00:58,MET,1.1999999999999999e-05
2026-04-30 15:00:58,FARTCOIN,1.1999999999999999e-05
2026-04-30 15:00:58,GRASS,1.1999999999999999e-05
2026-04-30 15:00:58,CC,1.1999999999999999e-05
2026-04-30 15:00:58,AVNT,1.1999999999999999e-05
2026-04-30 15:00:58,SPX,1.1999999999999999e-05
2026-04-30 15:00:58,POPCAT,1.1999999999999999e-05
2026-04-30 15:00:58,FOGO,-0.000113
2026-04-30 15:00:58,XPL,1.1999999999999999e-05
2026-04-30 15:00:58,ETHFI,1.1999999999999999e-05
2026-04-30 15:00:58,LTC,1.1999999999999999e-05
2026-04-30 15:00:58,DOGE,1.1999999999999999e-05
2026-04-30 15:00:58,POL,1.1999999999999999e-05
2026-04-30 15:00:58,RESOLV,1.1999999999999999e-05
2026-04-30 15:00:58,VVV,1.1999999999999999e-05
2026-04-30 15:00:58,PENDLE,1.1999999999999999e-05
2026-04-30 15:00:58,MORPHO,1.1999999999999999e-05
2026-04-30 15:00:58,PUMP,1.1999999999999999e-05
2026-04-30 15:00:58,STRK,1.1999999999999999e-05
2026-04-30 15:00:58,AXS,1.1999999999999999e-05
2026-04-30 15:00:58,PENGU,1.1999999999999999e-05
2026-04-30 15:00:58,TRUMP,1.1999999999999999e-05
2026-04-30 15:00:58,JUP,1.1999999999999999e-05
2026-04-30 15:00:58,XLM,1.1999999999999999e-05
2026-04-30 15:00:58,0G,-4.2e-05
2026-04-30 15:00:58,MON,-1.6e-05
2026-04-30 15:00:58,GMX,4e-06
2026-04-30 15:00:58,SOL,0.0
2026-04-30 15:00:58,AVAX,1.1999999999999999e-05
2026-04-30 15:00:58,UNI,1.1999999999999999e-05
2026-04-30 15:00:58,DOT,1.1999999999999999e-05
2026-04-30 15:00:58,2Z,1.1999999999999999e-05
2026-04-30 15:00:58,ZEC,1.1999999999999999e-05
2026-04-30 15:00:58,APT,1.1999999999999999e-05
2026-04-30 15:00:58,EIGEN,1.1999999999999999e-05
2026-04-30 15:00:58,SYRUP,1.1999999999999999e-05
2026-04-30 15:00:58,PROVE,1.1999999999999999e-05
2026-04-30 15:00:58,SKY,1.1999999999999999e-05
2026-04-30 15:00:58,SKR,1.1999999999999999e-05
2026-04-30 15:00:58,DASH,1.1999999999999999e-05
2026-04-30 15:00:58,WIF,1.1999999999999999e-05
2026-04-30 15:00:58,DYDX,1.1999999999999999e-05
2026-04-30 15:00:58,HBAR,1.1999999999999999e-05
2026-04-30 15:00:58,BNB,1.1999999999999999e-05
2026-04-30 15:00:58,ICP,1.1999999999999999e-05
2026-04-30 15:00:58,PAXG,1.1999999999999999e-05
2026-04-30 15:00:58,IP,1.1999999999999999e-05
2026-04-30 15:00:58,YZY,1.1999999999999999e-05
2026-04-30 15:00:58,ETH,-2e-06
2026-04-30 15:00:58,LINK,1.1999999999999999e-05
2026-04-30 15:00:58,WLFI,1.1999999999999999e-05
2026-04-30 15:00:58,LINEA,1.1999999999999999e-05
2026-04-30 15:00:58,STBL,1.1999999999999999e-05
2026-04-30 15:00:58,VIRTUAL,1.1999999999999999e-05
2026-04-30 15:00:58,SEI,-2.5e-05
2026-04-30 15:00:58,SUI,1.1999999999999999e-05
2026-04-30 15:00:58,XRP,1.1999999999999999e-05
2026-04-30 15:00:58,TAO,1.1999999999999999e-05
2026-04-30 15:30:49,SOL,-4e-06
2026-04-30 15:30:49,KAITO,1.1999999999999999e-05
2026-04-30 15:30:49,VVV,1.1999999999999999e-05
2026-04-30 15:30:49,2Z,1.1999999999999999e-05
2026-04-30 15:30:49,TIA,1.1999999999999999e-05
2026-04-30 15:30:49,ZRO,1.1999999999999999e-05
2026-04-30 15:30:49,CHIP,-0.000146
2026-04-30 15:30:49,DASH,1.1999999999999999e-05
2026-04-30 15:30:49,ZEC,1.1999999999999999e-05
2026-04-30 15:30:49,CC,1.1999999999999999e-05
2026-04-30 15:30:49,WLD,-8.800000000000001e-05
2026-04-30 15:30:49,PENGU,1.1999999999999999e-05
2026-04-30 15:30:49,ONDO,1.1999999999999999e-05
2026-04-30 15:30:49,MEGA,4e-05
2026-04-30 15:30:49,AERO,2e-06
2026-04-30 15:30:49,XPL,1.1999999999999999e-05
2026-04-30 15:30:49,ZORA,-3.2e-05
2026-04-30 15:30:49,XMR,1.1999999999999999e-05
2026-04-30 15:30:49,SUI,1.1999999999999999e-05
2026-04-30 15:30:49,AVNT,1.1999999999999999e-05
2026-04-30 15:30:49,JUP,1.1999999999999999e-05
2026-04-30 15:30:49,0G,1.1999999999999999e-05
2026-04-30 15:30:49,SEI,-3.8e-05
2026-04-30 15:30:49,TRX,1.1999999999999999e-05
2026-04-30 15:30:49,IP,1.1999999999999999e-05
2026-04-30 15:30:49,LINEA,1.1999999999999999e-05
2026-04-30 15:30:49,LDO,1.1999999999999999e-05
2026-04-30 15:30:49,MON,-8e-06
2026-04-30 15:30:49,STABLE,-8.5e-05
2026-04-30 15:30:49,HYPE,1.1999999999999999e-05
2026-04-30 15:30:49,AAVE,2e-05
2026-04-30 15:30:49,ICP,1.1999999999999999e-05
2026-04-30 15:30:49,ARB,1.1999999999999999e-05
2026-04-30 15:30:49,VIRTUAL,1.1999999999999999e-05
2026-04-30 15:30:49,EIGEN,1.1999999999999999e-05
2026-04-30 15:30:49,ENA,1.1999999999999999e-05
2026-04-30 15:30:49,WLFI,1.1999999999999999e-05
2026-04-30 15:30:49,STRK,1.1999999999999999e-05
2026-04-30 15:30:49,YZY,1.1999999999999999e-05
2026-04-30 15:30:49,SKR,1.1999999999999999e-05
2026-04-30 15:30:49,WIF,1.1999999999999999e-05
2026-04-30 15:30:49,MORPHO,1.1999999999999999e-05
2026-04-30 15:30:49,PENDLE,1.1999999999999999e-05
2026-04-30 15:30:49,LIT,1.1999999999999999e-05
2026-04-30 15:30:49,SYRUP,1.1999999999999999e-05
2026-04-30 15:30:49,AZTEC,1.1999999999999999e-05
2026-04-30 15:30:49,PAXG,1.1999999999999999e-05
2026-04-30 15:30:49,TON,1.1999999999999999e-05
2026-04-30 15:30:49,CRV,1.1999999999999999e-05
2026-04-30 15:30:49,ZK,1.1999999999999999e-05
2026-04-30 15:30:49,SKY,1.1999999999999999e-05
2026-04-30 15:30:49,BERA,0.0
2026-04-30 15:30:49,MET,1.1999999999999999e-05
2026-04-30 15:30:49,AVAX,1.1999999999999999e-05
2026-04-30 15:30:49,DOT,1.1999999999999999e-05
2026-04-30 15:30:49,STBL,1.1999999999999999e-05
2026-04-30 15:30:49,POPCAT,1.1999999999999999e-05
2026-04-30 15:30:49,AXS,1.1999999999999999e-05
2026-04-30 15:30:49,JTO,1.1999999999999999e-05
2026-04-30 15:30:49,GMX,0.0
2026-04-30 15:30:49,TAO,1.1999999999999999e-05
2026-04-30 15:30:49,LINK,1.1999999999999999e-05
2026-04-30 15:30:49,ETHFI,1.1999999999999999e-05
2026-04-30 15:30:49,BCH,1.1999999999999999e-05
2026-04-30 15:30:49,APT,1.1999999999999999e-05
2026-04-30 15:30:49,PROVE,1.1999999999999999e-05
2026-04-30 15:30:49,FOGO,-4.7999999999999994e-05
2026-04-30 15:30:49,PUMP,1.1999999999999999e-05
2026-04-30 15:30:49,SPX,1.1999999999999999e-05
2026-04-30 15:30:49,GRASS,1.1999999999999999e-05
2026-04-30 15:30:49,MNT,1.1999999999999999e-05
2026-04-30 15:30:49,POL,1.1999999999999999e-05
2026-04-30 15:30:49,S,1.1999999999999999e-05
2026-04-30 15:30:49,RESOLV,1.1999999999999999e-05
2026-04-30 15:30:49,ETH,-2e-06
2026-04-30 15:30:49,APEX,1.1999999999999999e-05
2026-04-30 15:30:49,FIL,1.1999999999999999e-05
2026-04-30 15:30:49,HBAR,1.1999999999999999e-05
2026-04-30 15:30:49,NEAR,1.1999999999999999e-05
2026-04-30 15:30:49,UNI,1.1999999999999999e-05
2026-04-30 15:30:49,TRUMP,-1e-06
2026-04-30 15:30:49,OP,1.1999999999999999e-05
2026-04-30 15:30:49,BNB,1.1999999999999999e-05
2026-04-30 15:30:49,DOGE,1.1999999999999999e-05
2026-04-30 15:30:49,LTC,1.1999999999999999e-05
2026-04-30 15:30:49,BTC,0.0
2026-04-30 15:30:49,FARTCOIN,1.1999999999999999e-05
2026-04-30 15:30:49,DYDX,1.1999999999999999e-05
2026-04-30 15:30:49,ASTER,1.1999999999999999e-05
2026-04-30 15:30:49,XRP,1.1999999999999999e-05
2026-04-30 15:30:49,XLM,1.1999999999999999e-05
2026-04-30 15:30:49,PYTH,1.1999999999999999e-05
2026-04-30 15:30:49,ADA,1.1999999999999999e-05
2026-04-30 16:00:57,SPX,1.1999999999999999e-05
2026-04-30 16:00:57,MON,-1.4e-05
2026-04-30 16:00:57,XMR,0.000113
2026-04-30 16:00:57,DOT,1.1999999999999999e-05
2026-04-30 16:00:57,PAXG,1.1999999999999999e-05
2026-04-30 16:00:57,TRX,1.1999999999999999e-05
2026-04-30 16:00:57,ZEC,1.1999999999999999e-05
2026-04-30 16:00:57,BERA,9e-06
2026-04-30 16:00:57,TON,1.1999999999999999e-05
2026-04-30 16:00:57,YZY,1.1999999999999999e-05
2026-04-30 16:00:57,XLM,2e-06
2026-04-30 16:00:57,ASTER,8e-06
2026-04-30 16:00:57,LIT,1.1999999999999999e-05
2026-04-30 16:00:57,PYTH,1.1999999999999999e-05
2026-04-30 16:00:57,XPL,1.1999999999999999e-05
2026-04-30 16:00:57,AXS,1.1999999999999999e-05
2026-04-30 16:00:57,BNB,1.1999999999999999e-05
2026-04-30 16:00:57,MEGA,0.000106
2026-04-30 16:00:57,ICP,1e-05
2026-04-30 16:00:57,IP,1.1999999999999999e-05
2026-04-30 16:00:57,AVNT,1.1999999999999999e-05
2026-04-30 16:00:57,TIA,1.1999999999999999e-05
2026-04-30 16:00:57,VIRTUAL,1.1999999999999999e-05
2026-04-30 16:00:57,POPCAT,1.1999999999999999e-05
2026-04-30 16:00:57,PROVE,1.1999999999999999e-05
2026-04-30 16:00:57,DOGE,1.1999999999999999e-05
2026-04-30 16:00:57,XRP,1.1999999999999999e-05
2026-04-30 16:00:57,VVV,2.7000000000000002e-05
2026-04-30 16:00:57,APEX,1.1999999999999999e-05
2026-04-30 16:00:57,CRV,1.1999999999999999e-05
2026-04-30 16:00:57,HBAR,1.1999999999999999e-05
2026-04-30 16:00:57,BTC,-2e-06
2026-04-30 16:00:57,KAITO,1.1999999999999999e-05
2026-04-30 16:00:57,WLFI,1.1999999999999999e-05
2026-04-30 16:00:57,ZRO,1.1999999999999999e-05
2026-04-30 16:00:57,TRUMP,-7e-06
2026-04-30 16:00:57,SKY,1.1999999999999999e-05
2026-04-30 16:00:57,HYPE,-1e-05
2026-04-30 16:00:57,FIL,-2.9999999999999997e-06
2026-04-30 16:00:57,CHIP,-0.000138
2026-04-30 16:00:57,DASH,1.1999999999999999e-05
2026-04-30 16:00:57,ENA,1.1999999999999999e-05
2026-04-30 16:00:57,AERO,-2.9999999999999997e-06
2026-04-30 16:00:57,AAVE,5.4000000000000005e-05
2026-04-30 16:00:57,OP,1.1999999999999999e-05
2026-04-30 16:00:57,ETH,-4e-06
2026-04-30 16:00:57,STABLE,-0.000182
2026-04-30 16:00:57,PENDLE,1.1999999999999999e-05
2026-04-30 16:00:57,SYRUP,1.1999999999999999e-05
2026-04-30 16:00:57,MORPHO,1.1999999999999999e-05
2026-04-30 16:00:57,ZK,1.1999999999999999e-05
2026-04-30 16:00:57,GRASS,1.1999999999999999e-05
2026-04-30 16:00:57,APT,1.1999999999999999e-05
2026-04-30 16:00:57,NEAR,1.1999999999999999e-05
2026-04-30 16:00:57,UNI,1.1999999999999999e-05
2026-04-30 16:00:57,BCH,1.1999999999999999e-05
2026-04-30 16:00:57,FOGO,-1e-05
2026-04-30 16:00:57,STRK,1.1999999999999999e-05
2026-04-30 16:00:57,GMX,7e-06
2026-04-30 16:00:57,SOL,4e-06
2026-04-30 16:00:57,WIF,1.1999999999999999e-05
2026-04-30 16:00:57,SKR,1.1999999999999999e-05
2026-04-30 16:00:57,LDO,1e-05
2026-04-30 16:00:57,LINEA,1.1999999999999999e-05
2026-04-30 16:00:57,SEI,-7e-06
2026-04-30 16:00:57,LINK,1.1999999999999999e-05
2026-04-30 16:00:57,MET,1.1999999999999999e-05
2026-04-30 16:00:57,PENGU,1.1999999999999999e-05
2026-04-30 16:00:57,ETHFI,1.1999999999999999e-05
2026-04-30 16:00:57,CC,-3.2e-05
2026-04-30 16:00:57,ARB,-1.6e-05
2026-04-30 16:00:57,PUMP,1.1999999999999999e-05
2026-04-30 16:00:57,2Z,1.1999999999999999e-05
2026-04-30 16:00:57,TAO,1.1999999999999999e-05
2026-04-30 16:00:57,MNT,1.1999999999999999e-05
2026-04-30 16:00:57,WLD,-9.3e-05
2026-04-30 16:00:57,LTC,1.1999999999999999e-05
2026-04-30 16:00:57,EIGEN,1.1999999999999999e-05
2026-04-30 16:00:57,0G,1.1999999999999999e-05
2026-04-30 16:00:57,DYDX,1.1999999999999999e-05
2026-04-30 16:00:57,FARTCOIN,1.1999999999999999e-05
2026-04-30 16:00:57,ZORA,2e-06
2026-04-30 16:00:57,POL,1.1999999999999999e-05
2026-04-30 16:00:57,ONDO,1.1999999999999999e-05
2026-04-30 16:00:57,JTO,1.1999999999999999e-05
2026-04-30 16:00:57,RESOLV,1.1999999999999999e-05
2026-04-30 16:00:57,S,1.1999999999999999e-05
2026-04-30 16:00:57,STBL,1.1999999999999999e-05
2026-04-30 16:00:57,ADA,1.1999999999999999e-05
2026-04-30 16:00:57,JUP,1.1999999999999999e-05
2026-04-30 16:00:57,AVAX,1.1999999999999999e-05
2026-04-30 16:00:57,AZTEC,1.1999999999999999e-05
2026-04-30 16:00:57,SUI,1.1999999999999999e-05
2026-04-30 16:30:51,ARB,9e-06
2026-04-30 16:30:51,ASTER,1.1999999999999999e-05
2026-04-30 16:30:51,ETH,2e-06
2026-04-30 16:30:51,ZORA,1.1999999999999999e-05
2026-04-30 16:30:51,VVV,3.6e-05
2026-04-30 16:30:51,CC,0.0
2026-04-30 16:30:51,XLM,1.1999999999999999e-05
2026-04-30 16:30:51,FIL,0.0
2026-04-30 16:30:51,GRASS,1.1999999999999999e-05
2026-04-30 16:30:51,LINK,1.1999999999999999e-05
2026-04-30 16:30:51,TRX,1.1999999999999999e-05
2026-04-30 16:30:51,VIRTUAL,1.1999999999999999e-05
2026-04-30 16:30:51,AVNT,1.1999999999999999e-05
2026-04-30 16:30:51,WIF,1.1999999999999999e-05
2026-04-30 16:30:51,BTC,2e-06
2026-04-30 16:30:51,MNT,1.1999999999999999e-05
2026-04-30 16:30:51,YZY,-0.000526
2026-04-30 16:30:51,TRUMP,-5.999999999999999e-06
2026-04-30 16:30:51,AVAX,1.1999999999999999e-05
2026-04-30 16:30:51,NEAR,1.1999999999999999e-05
2026-04-30 16:30:51,PENGU,1.1999999999999999e-05
2026-04-30 16:30:51,JUP,1.1999999999999999e-05
2026-04-30 16:30:51,FARTCOIN,1.1999999999999999e-05
2026-04-30 16:30:51,LINEA,1.1999999999999999e-05
2026-04-30 16:30:51,ADA,1.1999999999999999e-05
2026-04-30 16:30:51,ICP,1.1999999999999999e-05
2026-04-30 16:30:51,ENA,1.1999999999999999e-05
2026-04-30 16:30:51,XMR,3e-05
2026-04-30 16:30:51,APEX,1.1999999999999999e-05
2026-04-30 16:30:51,AERO,1.1999999999999999e-05
2026-04-30 16:30:51,RESOLV,1.1999999999999999e-05
2026-04-30 16:30:51,ZK,1.1999999999999999e-05
2026-04-30 16:30:51,JTO,1.1999999999999999e-05
2026-04-30 16:30:51,TON,1.1999999999999999e-05
2026-04-30 16:30:51,CHIP,-0.000223
2026-04-30 16:30:51,SPX,1.1999999999999999e-05
2026-04-30 16:30:51,AAVE,1.1999999999999999e-05
2026-04-30 16:30:51,SYRUP,1.1999999999999999e-05
2026-04-30 16:30:51,SKR,1.1999999999999999e-05
2026-04-30 16:30:51,DYDX,1.1999999999999999e-05
2026-04-30 16:30:51,HYPE,-1.1999999999999999e-05
2026-04-30 16:30:51,AXS,1.1999999999999999e-05
2026-04-30 16:30:51,STABLE,-0.000126
2026-04-30 16:30:51,FOGO,-8.800000000000001e-05
2026-04-30 16:30:51,SOL,9e-06
2026-04-30 16:30:51,PAXG,1.1999999999999999e-05
2026-04-30 16:30:51,KAITO,1.1999999999999999e-05
2026-04-30 16:30:51,LIT,1.1999999999999999e-05
2026-04-30 16:30:51,TAO,1.1999999999999999e-05
2026-04-30 16:30:51,POL,1.1999999999999999e-05
2026-04-30 16:30:51,PYTH,1.1999999999999999e-05
2026-04-30 16:30:51,AZTEC,1.1999999999999999e-05
2026-04-30 16:30:51,PENDLE,1.1999999999999999e-05
2026-04-30 16:30:51,GMX,1.1999999999999999e-05
2026-04-30 16:30:51,ZRO,1.1999999999999999e-05
2026-04-30 16:30:51,LTC,1.1999999999999999e-05
2026-04-30 16:30:51,MORPHO,1.1999999999999999e-05
2026-04-30 16:30:51,BCH,1.1999999999999999e-05
2026-04-30 16:30:51,STBL,1.1999999999999999e-05
2026-04-30 16:30:51,EIGEN,1.1999999999999999e-05
2026-04-30 16:30:51,SUI,1.1999999999999999e-05
2026-04-30 16:30:51,CRV,1.1999999999999999e-05
2026-04-30 16:30:51,IP,1.1999999999999999e-05
2026-04-30 16:30:51,SKY,7e-06
2026-04-30 16:30:51,DOGE,1.1999999999999999e-05
2026-04-30 16:30:51,ZEC,1.1999999999999999e-05
2026-04-30 16:30:51,UNI,1.1999999999999999e-05
2026-04-30 16:30:51,XPL,1.1999999999999999e-05
2026-04-30 16:30:51,STRK,1.1999999999999999e-05
2026-04-30 16:30:51,PUMP,1.1999999999999999e-05
2026-04-30 16:30:51,MON,-3.4e-05
2026-04-30 16:30:51,S,1.1999999999999999e-05
2026-04-30 16:30:51,OP,1.1999999999999999e-05
2026-04-30 16:30:51,MEGA,0.00021799999999999999
2026-04-30 16:30:51,BERA,8e-06
2026-04-30 16:30:51,DOT,1.1999999999999999e-05
2026-04-30 16:30:51,WLFI,1.1999999999999999e-05
2026-04-30 16:30:51,ETHFI,1.1999999999999999e-05
2026-04-30 16:30:51,TIA,1.1999999999999999e-05
2026-04-30 16:30:51,POPCAT,1.1999999999999999e-05
2026-04-30 16:30:51,ONDO,1.1999999999999999e-05
2026-04-30 16:30:51,2Z,1.1999999999999999e-05
2026-04-30 16:30:51,HBAR,1.1999999999999999e-05
2026-04-30 16:30:51,MET,1.1999999999999999e-05
2026-04-30 16:30:51,DASH,1.1999999999999999e-05
2026-04-30 16:30:51,XRP,1.1999999999999999e-05
2026-04-30 16:30:51,0G,1.1999999999999999e-05
2026-04-30 16:30:51,LDO,-1.3e-05
2026-04-30 16:30:51,SEI,-5.999999999999999e-06
2026-04-30 16:30:51,WLD,-0.00010800000000000001
2026-04-30 16:30:51,BNB,1.1999999999999999e-05
2026-04-30 16:30:51,PROVE,1.1999999999999999e-05
2026-04-30 16:30:51,APT,1.1999999999999999e-05
2026-04-30 17:00:59,ZORA,1.1999999999999999e-05
2026-04-30 17:00:59,SEI,-5e-06
2026-04-30 17:00:59,AERO,1.1999999999999999e-05
2026-04-30 17:00:59,EIGEN,1.1999999999999999e-05
2026-04-30 17:00:59,TON,1.1999999999999999e-05
2026-04-30 17:00:59,CRV,1.1999999999999999e-05
2026-04-30 17:00:59,FIL,-8e-06
2026-04-30 17:00:59,SKR,2.6e-05
2026-04-30 17:00:59,SKY,1.1999999999999999e-05
2026-04-30 17:00:59,ASTER,1.1999999999999999e-05
2026-04-30 17:00:59,BCH,1.1999999999999999e-05
2026-04-30 17:00:59,JTO,1.1999999999999999e-05
2026-04-30 17:00:59,AVAX,1.1999999999999999e-05
2026-04-30 17:00:59,DOGE,1.1999999999999999e-05
2026-04-30 17:00:59,GMX,-1.7e-05
2026-04-30 17:00:59,0G,1.1999999999999999e-05
2026-04-30 17:00:59,ZRO,1.1999999999999999e-05
2026-04-30 17:00:59,VIRTUAL,1.1999999999999999e-05
2026-04-30 17:00:59,ONDO,1.1999999999999999e-05
2026-04-30 17:00:59,AXS,1.1999999999999999e-05
2026-04-30 17:00:59,LIT,1.1999999999999999e-05
2026-04-30 17:00:59,POL,1.1999999999999999e-05
2026-04-30 17:00:59,ADA,1.1999999999999999e-05
2026-04-30 17:00:59,LDO,5.999999999999999e-06
2026-04-30 17:00:59,TIA,1.1999999999999999e-05
2026-04-30 17:00:59,NEAR,1.1999999999999999e-05
2026-04-30 17:00:59,BTC,7e-06
2026-04-30 17:00:59,WLFI,1.1999999999999999e-05
2026-04-30 17:00:59,HYPE,5e-06
2026-04-30 17:00:59,ZK,1.1999999999999999e-05
2026-04-30 17:00:59,ZEC,1.1999999999999999e-05
2026-04-30 17:00:59,YZY,-0.0008849999999999999
2026-04-30 17:00:59,PENGU,1.1999999999999999e-05
2026-04-30 17:00:59,LINEA,1.1999999999999999e-05
2026-04-30 17:00:59,MET,1.1999999999999999e-05
2026-04-30 17:00:59,XLM,1.1999999999999999e-05
2026-04-30 17:00:59,WLD,-6.6e-05
2026-04-30 17:00:59,AZTEC,1.1999999999999999e-05
2026-04-30 17:00:59,STABLE,-9.400000000000001e-05
2026-04-30 17:00:59,MNT,1.1999999999999999e-05
2026-04-30 17:00:59,S,1.1999999999999999e-05
2026-04-30 17:00:59,ICP,1.1999999999999999e-05
2026-04-30 17:00:59,FARTCOIN,1.1999999999999999e-05
2026-04-30 17:00:59,PUMP,1.1999999999999999e-05
2026-04-30 17:00:59,APEX,1.1999999999999999e-05
2026-04-30 17:00:59,MON,-5e-06
2026-04-30 17:00:59,ETHFI,1.1999999999999999e-05
2026-04-30 17:00:59,AAVE,1.1999999999999999e-05
2026-04-30 17:00:59,HBAR,1.1999999999999999e-05
2026-04-30 17:00:59,UNI,1.1999999999999999e-05
2026-04-30 17:00:59,SUI,1.1999999999999999e-05
2026-04-30 17:00:59,ETH,7e-06
2026-04-30 17:00:59,ARB,1.1999999999999999e-05
2026-04-30 17:00:59,RESOLV,1.1999999999999999e-05
2026-04-30 17:00:59,BNB,1.1999999999999999e-05
2026-04-30 17:00:59,STRK,1.1999999999999999e-05
2026-04-30 17:00:59,JUP,1.1999999999999999e-05
2026-04-30 17:00:59,DYDX,1.1999999999999999e-05
2026-04-30 17:00:59,POPCAT,1.1999999999999999e-05
2026-04-30 17:00:59,GRASS,1.1999999999999999e-05
2026-04-30 17:00:59,LINK,1.1999999999999999e-05
2026-04-30 17:00:59,VVV,1.1999999999999999e-05
2026-04-30 17:00:59,SPX,1.1999999999999999e-05
2026-04-30 17:00:59,ENA,1.1999999999999999e-05
2026-04-30 17:00:59,XRP,1.1999999999999999e-05
2026-04-30 17:00:59,PAXG,1.1999999999999999e-05
2026-04-30 17:00:59,PYTH,1.1999999999999999e-05
2026-04-30 17:00:59,FOGO,-4.4000000000000006e-05
2026-04-30 17:00:59,OP,1.1999999999999999e-05
2026-04-30 17:00:59,MEGA,0.000114
2026-04-30 17:00:59,PROVE,1.1999999999999999e-05
2026-04-30 17:00:59,LTC,1.1999999999999999e-05
2026-04-30 17:00:59,CC,-9e-06
2026-04-30 17:00:59,BERA,9e-06
2026-04-30 17:00:59,XMR,2e-05
2026-04-30 17:00:59,CHIP,-0.000206
2026-04-30 17:00:59,XPL,1.1999999999999999e-05
2026-04-30 17:00:59,DASH,1.1999999999999999e-05
2026-04-30 17:00:59,TRX,1.1999999999999999e-05
2026-04-30 17:00:59,STBL,1.1999999999999999e-05
2026-04-30 17:00:59,WIF,1.1999999999999999e-05
2026-04-30 17:00:59,PENDLE,1.1999999999999999e-05
2026-04-30 17:00:59,TAO,1.1999999999999999e-05
2026-04-30 17:00:59,2Z,1.1999999999999999e-05
2026-04-30 17:00:59,DOT,1.1999999999999999e-05
2026-04-30 17:00:59,APT,1.1999999999999999e-05
2026-04-30 17:00:59,AVNT,1.1999999999999999e-05
2026-04-30 17:00:59,SOL,1e-05
2026-04-30 17:00:59,IP,1.1999999999999999e-05
2026-04-30 17:00:59,MORPHO,1.1999999999999999e-05
2026-04-30 17:00:59,SYRUP,1.1999999999999999e-05
2026-04-30 17:00:59,KAITO,1.1999999999999999e-05
2026-04-30 17:00:59,TRUMP,-2.1e-05
2026-04-30 17:30:53,XRP,1.1999999999999999e-05
2026-04-30 17:30:53,POPCAT,1.1999999999999999e-05
2026-04-30 17:30:53,LINK,1.1999999999999999e-05
2026-04-30 17:30:53,NEAR,1.1999999999999999e-05
2026-04-30 17:30:53,SOL,0.0
2026-04-30 17:30:53,VIRTUAL,1.1999999999999999e-05
2026-04-30 17:30:53,APT,1.1999999999999999e-05
2026-04-30 17:30:53,STABLE,-0.000128
2026-04-30 17:30:53,GRASS,1.1999999999999999e-05
2026-04-30 17:30:53,LDO,9e-06
2026-04-30 17:30:53,PENDLE,1.1999999999999999e-05
2026-04-30 17:30:53,IP,1.1999999999999999e-05
2026-04-30 17:30:53,ASTER,1.1999999999999999e-05
2026-04-30 17:30:53,HYPE,2.9999999999999997e-06
2026-04-30 17:30:53,UNI,1.1999999999999999e-05
2026-04-30 17:30:53,ZRO,1.1999999999999999e-05
2026-04-30 17:30:53,SUI,1.1999999999999999e-05
2026-04-30 17:30:53,TRX,1.1999999999999999e-05
2026-04-30 17:30:53,PROVE,1.1999999999999999e-05
2026-04-30 17:30:53,YZY,-0.0011819999999999999
2026-04-30 17:30:53,STRK,1.1999999999999999e-05
2026-04-30 17:30:53,ARB,1.1999999999999999e-05
2026-04-30 17:30:53,ZK,1.1999999999999999e-05
2026-04-30 17:30:53,HBAR,1.1999999999999999e-05
2026-04-30 17:30:53,WIF,1.1999999999999999e-05
2026-04-30 17:30:53,TRUMP,-2.1e-05
2026-04-30 17:30:53,VVV,1.1999999999999999e-05
2026-04-30 17:30:53,KAITO,1.1999999999999999e-05
2026-04-30 17:30:53,XLM,1.1999999999999999e-05
2026-04-30 17:30:53,TON,1.1999999999999999e-05
2026-04-30 17:30:53,OP,1.1999999999999999e-05
2026-04-30 17:30:53,2Z,1.1999999999999999e-05
2026-04-30 17:30:53,MORPHO,1.1999999999999999e-05
2026-04-30 17:30:53,FARTCOIN,1.1999999999999999e-05
2026-04-30 17:30:53,WLD,-6.6e-05
2026-04-30 17:30:53,0G,1.1999999999999999e-05
2026-04-30 17:30:53,ENA,1.1999999999999999e-05
2026-04-30 17:30:53,AERO,1.1999999999999999e-05
2026-04-30 17:30:53,CC,-2.8e-05
2026-04-30 17:30:53,DASH,1.1999999999999999e-05
2026-04-30 17:30:53,ADA,1.1999999999999999e-05
2026-04-30 17:30:53,MNT,1.1999999999999999e-05
2026-04-30 17:30:53,XPL,1.1999999999999999e-05
2026-04-30 17:30:53,RESOLV,1.1999999999999999e-05
2026-04-30 17:30:53,LIT,1.1999999999999999e-05
2026-04-30 17:30:53,POL,1.1999999999999999e-05
2026-04-30 17:30:53,PYTH,1.1999999999999999e-05
2026-04-30 17:30:53,AVAX,1.1999999999999999e-05
2026-04-30 17:30:53,SKR,1.1999999999999999e-05
2026-04-30 17:30:53,PAXG,1.1999999999999999e-05
2026-04-30 17:30:53,WLFI,1.1999999999999999e-05
2026-04-30 17:30:53,PENGU,1.1999999999999999e-05
2026-04-30 17:30:53,PUMP,1.1999999999999999e-05
2026-04-30 17:30:53,GMX,1.1999999999999999e-05
2026-04-30 17:30:53,SKY,1.1999999999999999e-05
2026-04-30 17:30:53,BTC,5e-06
2026-04-30 17:30:53,ETHFI,1.1999999999999999e-05
2026-04-30 17:30:53,STBL,1.1999999999999999e-05
2026-04-30 17:30:53,TIA,1.1999999999999999e-05
2026-04-30 17:30:53,FOGO,-8.6e-05
2026-04-30 17:30:53,ETH,1e-06
2026-04-30 17:30:53,BCH,1.1999999999999999e-05
2026-04-30 17:30:53,DOGE,1.1999999999999999e-05
2026-04-30 17:30:53,BERA,1.1999999999999999e-05
2026-04-30 17:30:53,CHIP,-0.000262
2026-04-30 17:30:53,ONDO,1.1999999999999999e-05
2026-04-30 17:30:53,JTO,1.1999999999999999e-05
2026-04-30 17:30:53,CRV,1.1999999999999999e-05
2026-04-30 17:30:53,AAVE,1.1999999999999999e-05
2026-04-30 17:30:53,ZEC,1.1999999999999999e-05
2026-04-30 17:30:53,DOT,1.1999999999999999e-05
2026-04-30 17:30:53,AVNT,1.1999999999999999e-05
2026-04-30 17:30:53,TAO,1.1999999999999999e-05
2026-04-30 17:30:53,ICP,1.1999999999999999e-05
2026-04-30 17:30:53,MON,0.0
2026-04-30 17:30:53,DYDX,1.1999999999999999e-05
2026-04-30 17:30:53,ZORA,1.1999999999999999e-05
2026-04-30 17:30:53,SYRUP,1.1999999999999999e-05
2026-04-30 17:30:53,S,1.1999999999999999e-05
2026-04-30 17:30:53,FIL,1e-06
2026-04-30 17:30:53,JUP,1.1999999999999999e-05
2026-04-30 17:30:53,AZTEC,1.1999999999999999e-05
2026-04-30 17:30:53,LINEA,1.1999999999999999e-05
2026-04-30 17:30:53,AXS,1.1999999999999999e-05
2026-04-30 17:30:53,MET,1.1999999999999999e-05
2026-04-30 17:30:53,MEGA,0.00014800000000000002
2026-04-30 17:30:53,SEI,-7e-06
2026-04-30 17:30:53,BNB,1.1999999999999999e-05
2026-04-30 17:30:53,LTC,1.1999999999999999e-05
2026-04-30 17:30:53,XMR,1.1999999999999999e-05
2026-04-30 17:30:53,SPX,1.1999999999999999e-05
2026-04-30 17:30:53,EIGEN,1.1999999999999999e-05
2026-04-30 17:30:53,APEX,1.1999999999999999e-05
2026-04-30 18:00:50,KAITO,1.1999999999999999e-05
2026-04-30 18:00:50,ZORA,1.1999999999999999e-05
2026-04-30 18:00:50,SOL,5.999999999999999e-06
2026-04-30 18:00:50,PUMP,1.1999999999999999e-05
2026-04-30 18:00:50,LINEA,1.1999999999999999e-05
2026-04-30 18:00:50,PYTH,1.1999999999999999e-05
2026-04-30 18:00:50,FOGO,-9.2e-05
2026-04-30 18:00:50,PENDLE,1.1999999999999999e-05
2026-04-30 18:00:50,DASH,1.1999999999999999e-05
2026-04-30 18:00:50,STABLE,-0.000107
2026-04-30 18:00:50,TRUMP,-1.8e-05
2026-04-30 18:00:50,IP,1.1999999999999999e-05
2026-04-30 18:00:50,MON,1.1999999999999999e-05
2026-04-30 18:00:50,ADA,1.1999999999999999e-05
2026-04-30 18:00:50,STBL,1.1999999999999999e-05
2026-04-30 18:00:50,JTO,1.1999999999999999e-05
2026-04-30 18:00:50,XLM,1.1999999999999999e-05
2026-04-30 18:00:50,ZRO,1.1999999999999999e-05
2026-04-30 18:00:50,SKR,1.1999999999999999e-05
2026-04-30 18:00:50,ARB,-1.1999999999999999e-05
2026-04-30 18:00:50,MORPHO,1.1999999999999999e-05
2026-04-30 18:00:50,WLFI,1.1999999999999999e-05
2026-04-30 18:00:50,SEI,-4e-06
2026-04-30 18:00:50,AERO,1e-06
2026-04-30 18:00:50,VIRTUAL,1.1999999999999999e-05
2026-04-30 18:00:50,AVNT,1.1999999999999999e-05
2026-04-30 18:00:50,SPX,1.1999999999999999e-05
2026-04-30 18:00:50,SYRUP,1.1999999999999999e-05
2026-04-30 18:00:50,YZY,-0.001136
2026-04-30 18:00:50,RESOLV,1.1999999999999999e-05
2026-04-30 18:00:50,S,1.1999999999999999e-05
2026-04-30 18:00:50,ONDO,1.1999999999999999e-05
2026-04-30 18:00:50,EIGEN,1.1999999999999999e-05
2026-04-30 18:00:50,VVV,1.1999999999999999e-05
2026-04-30 18:00:50,SUI,1.1999999999999999e-05
2026-04-30 18:00:50,WIF,1.1999999999999999e-05
2026-04-30 18:00:50,AAVE,3.9e-05
2026-04-30 18:00:50,TRX,1.1999999999999999e-05
2026-04-30 18:00:50,MET,1.1999999999999999e-05
2026-04-30 18:00:50,TON,1.1999999999999999e-05
2026-04-30 18:00:50,TIA,1.1999999999999999e-05
2026-04-30 18:00:50,BERA,-3.4e-05
2026-04-30 18:00:50,2Z,1.1999999999999999e-05
2026-04-30 18:00:50,POPCAT,1.1999999999999999e-05
2026-04-30 18:00:50,ETH,-1e-06
2026-04-30 18:00:50,JUP,1.1999999999999999e-05
2026-04-30 18:00:50,ASTER,1.1999999999999999e-05
2026-04-30 18:00:50,BTC,1e-05
2026-04-30 18:00:50,AXS,1.1999999999999999e-05
2026-04-30 18:00:50,DYDX,1.1999999999999999e-05
2026-04-30 18:00:50,CC,-4e-06
2026-04-30 18:00:50,LIT,1.1999999999999999e-05
2026-04-30 18:00:50,XRP,1.1999999999999999e-05
2026-04-30 18:00:50,APT,1.1999999999999999e-05
2026-04-30 18:00:50,ETHFI,1.1999999999999999e-05
2026-04-30 18:00:50,STRK,1.1999999999999999e-05
2026-04-30 18:00:50,ICP,1.1999999999999999e-05
2026-04-30 18:00:50,XMR,3.8e-05
2026-04-30 18:00:50,CRV,1.1999999999999999e-05
2026-04-30 18:00:50,SKY,1.1999999999999999e-05
2026-04-30 18:00:50,HBAR,1.1999999999999999e-05
2026-04-30 18:00:50,NEAR,1.1999999999999999e-05
2026-04-30 18:00:50,UNI,1.1999999999999999e-05
2026-04-30 18:00:50,BNB,1.1999999999999999e-05
2026-04-30 18:00:50,PENGU,1.1999999999999999e-05
2026-04-30 18:00:50,0G,1.1999999999999999e-05
2026-04-30 18:00:50,LDO,8e-06
2026-04-30 18:00:50,ZEC,1.1999999999999999e-05
2026-04-30 18:00:50,BCH,1.1999999999999999e-05
2026-04-30 18:00:50,FIL,0.0
2026-04-30 18:00:50,PROVE,-1.3e-05
2026-04-30 18:00:50,LTC,1.1999999999999999e-05
2026-04-30 18:00:50,APEX,1.1999999999999999e-05
2026-04-30 18:00:50,XPL,1.1999999999999999e-05
2026-04-30 18:00:50,HYPE,-5e-06
2026-04-30 18:00:50,AVAX,1.1999999999999999e-05
2026-04-30 18:00:50,FARTCOIN,1.1999999999999999e-05
2026-04-30 18:00:50,GMX,5e-06
2026-04-30 18:00:50,POL,1.1999999999999999e-05
2026-04-30 18:00:50,ENA,1.1999999999999999e-05
2026-04-30 18:00:50,MNT,1.1999999999999999e-05
2026-04-30 18:00:50,TAO,1.1999999999999999e-05
2026-04-30 18:00:50,LINK,1.1999999999999999e-05
2026-04-30 18:00:50,CHIP,-0.000205
2026-04-30 18:00:50,DOT,1.1999999999999999e-05
2026-04-30 18:00:50,GRASS,1.1999999999999999e-05
2026-04-30 18:00:50,OP,1.1999999999999999e-05
2026-04-30 18:00:50,DOGE,1.1999999999999999e-05
2026-04-30 18:00:50,PAXG,1.1999999999999999e-05
2026-04-30 18:00:50,MEGA,0.000154
2026-04-30 18:00:50,WLD,-8.800000000000001e-05
2026-04-30 18:00:50,AZTEC,8e-06
2026-04-30 18:00:50,ZK,1.1999999999999999e-05
2026-04-30 18:30:50,XLM,1.1999999999999999e-05
2026-04-30 18:30:50,SKY,1.1999999999999999e-05
2026-04-30 18:30:50,SEI,-2.5e-05
2026-04-30 18:30:50,DOGE,1.1999999999999999e-05
2026-04-30 18:30:50,YZY,-0.001351
2026-04-30 18:30:50,PYTH,1.1999999999999999e-05
2026-04-30 18:30:50,APEX,1.1999999999999999e-05
2026-04-30 18:30:50,LDO,0.0
2026-04-30 18:30:50,IP,1.1999999999999999e-05
2026-04-30 18:30:50,POPCAT,1.1999999999999999e-05
2026-04-30 18:30:50,BERA,-1e-06
2026-04-30 18:30:50,AAVE,5.6e-05
2026-04-30 18:30:50,TAO,1.1999999999999999e-05
2026-04-30 18:30:50,BNB,1.1999999999999999e-05
2026-04-30 18:30:50,MON,-1.6e-05
2026-04-30 18:30:50,SPX,1.1999999999999999e-05
2026-04-30 18:30:50,OP,1.1999999999999999e-05
2026-04-30 18:30:50,DOT,1.1999999999999999e-05
2026-04-30 18:30:50,AXS,1.1999999999999999e-05
2026-04-30 18:30:50,XRP,1.1999999999999999e-05
2026-04-30 18:30:50,HYPE,4e-06
2026-04-30 18:30:50,GMX,1e-05
2026-04-30 18:30:50,STABLE,-9.1e-05
2026-04-30 18:30:50,JUP,1.1999999999999999e-05
2026-04-30 18:30:50,PENDLE,1.1999999999999999e-05
2026-04-30 18:30:50,FOGO,-0.00014099999999999998
2026-04-30 18:30:50,MNT,1.1999999999999999e-05
2026-04-30 18:30:50,LTC,1.1999999999999999e-05
2026-04-30 18:30:50,PENGU,1.1999999999999999e-05
2026-04-30 18:30:50,ASTER,1.1999999999999999e-05
2026-04-30 18:30:50,HBAR,1.1999999999999999e-05
2026-04-30 18:30:50,KAITO,1.1999999999999999e-05
2026-04-30 18:30:50,TON,1.1999999999999999e-05
2026-04-30 18:30:50,0G,1.1999999999999999e-05
2026-04-30 18:30:50,ZK,1.1999999999999999e-05
2026-04-30 18:30:50,BTC,2.9999999999999997e-06
2026-04-30 18:30:50,APT,1.1999999999999999e-05
2026-04-30 18:30:50,ENA,1.1999999999999999e-05
2026-04-30 18:30:50,MORPHO,1.1999999999999999e-05
2026-04-30 18:30:50,AVAX,1.1999999999999999e-05
2026-04-30 18:30:50,BCH,1.1999999999999999e-05
2026-04-30 18:30:50,SUI,1.1999999999999999e-05
2026-04-30 18:30:50,ZRO,1.1999999999999999e-05
2026-04-30 18:30:50,ETH,-2.9999999999999997e-06
2026-04-30 18:30:50,TRUMP,-1.7e-05
2026-04-30 18:30:50,SYRUP,1.1999999999999999e-05
2026-04-30 18:30:50,XMR,7.7e-05
2026-04-30 18:30:50,TRX,1.1999999999999999e-05
2026-04-30 18:30:50,WLFI,1.1999999999999999e-05
2026-04-30 18:30:50,GRASS,1.1999999999999999e-05
2026-04-30 18:30:50,LINK,1.1999999999999999e-05
2026-04-30 18:30:50,TIA,1.1999999999999999e-05
2026-04-30 18:30:50,EIGEN,1.1999999999999999e-05
2026-04-30 18:30:50,WLD,-8.3e-05
2026-04-30 18:30:50,DASH,1.1999999999999999e-05
2026-04-30 18:30:50,FIL,2e-06
2026-04-30 18:30:50,PROVE,1.1999999999999999e-05
2026-04-30 18:30:50,ONDO,1.1999999999999999e-05
2026-04-30 18:30:50,VIRTUAL,1.1999999999999999e-05
2026-04-30 18:30:50,ADA,1.1999999999999999e-05
2026-04-30 18:30:50,STBL,1.1999999999999999e-05
2026-04-30 18:30:50,PAXG,1.1999999999999999e-05
2026-04-30 18:30:50,JTO,1.1999999999999999e-05
2026-04-30 18:30:50,LIT,1.1999999999999999e-05
2026-04-30 18:30:50,WIF,1.1999999999999999e-05
2026-04-30 18:30:50,MEGA,0.00015800000000000002
2026-04-30 18:30:50,ETHFI,1.1999999999999999e-05
2026-04-30 18:30:50,VVV,1.1999999999999999e-05
2026-04-30 18:30:50,CRV,1.1999999999999999e-05
2026-04-30 18:30:50,ICP,1.1999999999999999e-05
2026-04-30 18:30:50,AVNT,1.1999999999999999e-05
2026-04-30 18:30:50,AZTEC,-0.000112
2026-04-30 18:30:50,SOL,1.1999999999999999e-05
2026-04-30 18:30:50,2Z,1.1999999999999999e-05
2026-04-30 18:30:50,PUMP,1.1999999999999999e-05
2026-04-30 18:30:50,XPL,1.1999999999999999e-05
2026-04-30 18:30:50,LINEA,1.1999999999999999e-05
2026-04-30 18:30:50,ZEC,1.1999999999999999e-05
2026-04-30 18:30:50,S,1.1999999999999999e-05
2026-04-30 18:30:50,AERO,-3.9e-05
2026-04-30 18:30:50,MET,1.1999999999999999e-05
2026-04-30 18:30:50,CC,-5e-05
2026-04-30 18:30:50,UNI,1.1999999999999999e-05
2026-04-30 18:30:50,DYDX,1.1999999999999999e-05
2026-04-30 18:30:50,NEAR,1.1999999999999999e-05
2026-04-30 18:30:50,POL,1.1999999999999999e-05
2026-04-30 18:30:50,RESOLV,1.1999999999999999e-05
2026-04-30 18:30:50,ZORA,1.1999999999999999e-05
2026-04-30 18:30:50,ARB,1.1999999999999999e-05
2026-04-30 18:30:50,FARTCOIN,1.1999999999999999e-05
2026-04-30 18:30:50,STRK,1.1999999999999999e-05
2026-04-30 18:30:50,SKR,1.1999999999999999e-05
2026-04-30 18:30:50,CHIP,-0.000225
